accel_x (m/s^2),accel_y (m/s^2),accel_z (m/s^2)
-5.736380093540053432e-03,-2.059938653809390181e-05,-9.792172754356263553e+00
5.196595572395001222e-03,-2.950892975722395339e-03,-9.795569194846882155e+00
7.932802621223819864e-03,1.579898536205327254e-03,-9.792798636137442614e+00
-8.421005203807931214e-05,-4.835307175559282883e-03,-9.792384844634895558e+00
-1.273410443501229658e-02,7.534628084780956372e-03,-9.799122637694669180e+00
-7.785042472706340047e-03,4.038488551550182062e-03,-9.790950034732949447e+00
-1.832323666541571191e-04,1.397392482692310939e-03,-9.798768287373269104e+00
8.880367350565382401e-03,-6.455790728562503175e-03,-9.786977311206710439e+00
-5.385789481006705154e-03,7.952349143583373539e-03,-9.788923073767808347e+00
8.343083249002281737e-03,-3.263236621721099170e-03,-9.798568463785890970e+00
7.461135731788441292e-03,-2.409352220786782107e-03,-9.795105887790249710e+00
9.934911573680330066e-03,-5.165671984434386591e-03,-9.798081891298307866e+00
1.403052249910706072e-04,-1.042711603497074348e-03,-9.795569102348530066e+00
4.482695476630235362e-03,1.928853670270876250e-03,-9.784358002784193431e+00
-3.122488778340898113e-04,-6.437344262252102205e-03,-9.794974389887363131e+00
7.821872465517611551e-04,3.819257377635723420e-03,-9.798268040975798954e+00
-8.059851355564378109e-03,-2.190568752872760604e-03,-9.798250971516798913e+00
6.942644735515798859e-03,-2.670980055924177064e-03,-9.804989725669122080e+00
6.566593658342274702e-03,2.956960401687361989e-04,-9.786134998582548761e+00
2.319158743880042183e-03,-9.962825549024775101e-04,-9.803888941645716670e+00
5.853442293337749423e-03,9.768142044509124742e-05,-9.795930023016431676e+00
-6.757826694058135381e-04,1.523256726149754435e-03,-9.798383785643066446e+00
-7.043885867907116564e-03,-3.685638476557698447e-03,-9.797566713385084114e+00
5.944488146643927412e-03,-4.352052957078464575e-03,-9.797883846788018047e+00
4.949365419150981993e-03,-1.633379824750113814e-03,-9.796320968758193359e+00
4.906483530644409168e-03,9.623062799416393261e-05,-9.793776323147946883e+00
5.878782450123665702e-03,-3.482178530706563600e-03,-9.790919135971261511e+00
-5.514114657397516280e-03,-1.483563523409087148e-03,-9.801287772613161309e+00
1.181690781630136263e-03,1.198234910924684919e-02,-9.794236762153715858e+00
6.474560489065306190e-07,1.123180815955478629e-03,-9.802538236839705377e+00
8.533265348166624818e-04,-1.661194136976121370e-03,-9.792718083687827146e+00
4.840568937615452247e-03,4.496958769088347380e-03,-9.793615439748911911e+00
-4.231330822391625446e-03,2.459577515609031283e-03,-9.792128112570868126e+00
1.001130516529456262e-02,-2.221923084476617322e-03,-9.794365575938668300e+00
-3.278348522083543437e-03,-5.822562235480128329e-03,-9.797891622800785072e+00
2.450654388596992719e-03,7.342563993229886225e-03,-9.799801986150288968e+00
-8.697422111983514267e-03,2.908767022300332190e-03,-9.798504379297041211e+00
-7.604898953610362243e-04,-5.960084719898187978e-03,-9.790719779768073394e+00
1.316454521355277631e-03,-3.001036669418396044e-03,-9.793614044726281165e+00
9.208097121558466575e-03,-5.830327335481787915e-03,-9.795105063198187523e+00
1.175884922136738366e-03,3.879592068406398451e-03,-9.788480779298778245e+00
4.940982722948454586e-03,3.004801373815313426e-03,-9.796594505150137522e+00
1.263099038616705139e-02,-3.960129163951786775e-03,-9.793812248947439514e+00
9.567416972038571624e-03,-7.967657736333271651e-03,-9.796177770434908894e+00
-2.176632637551172676e-04,-3.552871356142700814e-03,-9.785894452137155142e+00
-4.647175046802827156e-03,-1.710446547530200664e-03,-9.800658595031743303e+00
3.542167176815454784e-03,9.539005219463573756e-03,-9.798256226215524833e+00
2.400266241189283247e-03,-5.627807479003724134e-03,-9.792956902092772253e+00
5.803685811214570611e-03,-8.983786735325636217e-04,-9.788084092501025069e+00
-5.766792261157446114e-03,-3.458013694801622719e-03,-9.799825643592022573e+00
-8.843290178872106975e-04,6.734789316665463522e-03,-9.802105708116377158e+00
-2.947950846263492079e-04,-1.772533152309902502e-03,-9.792801077704774926e+00
3.104734816305215316e-03,6.057792907679084883e-03,-9.797488916363946032e+00
6.876646503000374139e-03,3.096030377521356673e-03,-9.803509649364695377e+00
-7.202760604813640576e-05,-1.835723583273040369e-04,-9.795512945365933533e+00
-1.299240512007193921e-03,2.870890426750349975e-03,-9.794995684715884110e+00
-4.596481670068215675e-03,4.706560964848419300e-03,-9.802872413981928545e+00
2.712702540039709995e-03,5.536340171931285019e-03,-9.789391514235276759e+00
-5.312837682777540177e-03,-6.692837295824498670e-03,-9.791515020745316988e+00
-9.261934959437926121e-03,-1.253135691257077893e-03,-9.795156949966985493e+00
3.671586195784471221e-03,-1.419751707154792535e-03,-9.790528036067460249e+00
4.471869072167030876e-03,4.115722877338775024e-03,-9.792507384745455568e+00
-3.683362477440336753e-03,4.451755233197158580e-03,-9.799857256399270966e+00
2.939647740360648315e-03,5.196181757425237351e-04,-9.794710491839790478e+00
-6.798242796486005969e-03,4.486354901384282876e-03,-9.794093344360177866e+00
-5.099080006033442601e-03,4.875860427257145552e-03,-9.791181765482621202e+00
6.134272623006035942e-04,5.495007471321056505e-03,-9.792880923134831050e+00
-1.442729872336703323e-03,-2.173763227264049157e-03,-9.791341013856662556e+00
2.595465068326801607e-03,-6.836168572953187604e-03,-9.792048325110073392e+00
8.761942685446372182e-04,-1.625180293239321221e-05,-9.794259979346843892e+00
4.914076981296385373e-04,-1.015760646055794206e-02,-9.797243410777126016e+00
-7.627590924672190010e-04,-1.379437276465921187e-03,-9.802011061300540007e+00
-3.952182483682342706e-03,-5.154549162464052217e-03,-9.792565314601974436e+00
1.998699488638571060e-03,6.634125428033709436e-03,-9.793594193273275295e+00
7.318226304467699041e-03,1.792667871515117410e-03,-9.791363727955294749e+00
4.620633536560394931e-03,5.082307638060727835e-03,-9.793032706636372708e+00
-7.982080368465345813e-03,-1.331027540012489838e-04,-9.790423302890699730e+00
3.460176758967274798e-04,-2.489984262832891943e-03,-9.797303918829578961e+00
-6.650630289840113972e-03,-4.532425402099442800e-03,-9.799111528799469895e+00
-1.209181758049828782e-02,-7.159129868750868306e-03,-9.794104064522169750e+00
2.158940702629548979e-03,-6.259462660280390618e-03,-9.787771852654444160e+00
2.969213191769260254e-03,-3.513716456928381478e-03,-9.788638134760672571e+00
-9.579394752805771469e-04,-1.476811701781499632e-03,-9.795926565893937621e+00
-1.994638343155703038e-03,1.574022893589400399e-03,-9.792315832124511843e+00
1.226195265031626005e-04,-1.143186696102281748e-02,-9.791163883479141461e+00
-8.178110363427127955e-04,2.048512673516830578e-03,-9.798595412054160292e+00
4.187544446164840825e-03,1.754895972449807984e-03,-9.803364441908193783e+00
1.630189093936015507e-02,-6.608219637950090569e-03,-9.794160832878560541e+00
-6.432803186393946243e-03,4.178440000446069025e-04,-9.802409897942034434e+00
-8.475398354658334691e-04,1.610812755789651878e-03,-9.797198436083938589e+00
-2.952983100102529734e-03,7.939223947912037518e-03,-9.784572357374505813e+00
2.678914573441318857e-03,2.707824301146082198e-03,-9.803615214018263302e+00
-5.798907264069182166e-03,3.912484851668186422e-03,-9.795189236902452024e+00
-4.567390541535671505e-03,5.577393596567532287e-03,-9.796492704202437451e+00
-7.344932727304779479e-05,-6.954142692700211389e-03,-9.800994986554563582e+00
-3.108541934353214737e-04,2.294112493151864024e-03,-9.794313306189286195e+00
6.963853693550601381e-03,-9.871179410881794625e-03,-9.798184409244649729e+00
1.413163294478103627e-03,-4.652157602315284100e-03,-9.799207229284069953e+00
-7.481036590847494998e-03,5.738768625800531398e-04,-9.798845596390538759e+00
4.676310261626411002e-03,-4.776611659275138005e-03,-9.792361727182465003e+00
-2.634858921471433350e-03,-2.590591930999417043e-03,-9.787874477942793305e+00
-3.356687520513406808e-03,-2.450530828433395477e-03,-9.793928333178381962e+00
4.230053652401289353e-03,5.832439029023629012e-03,-9.801459411925401710e+00
1.079161817212551805e-02,-3.450323065866848799e-03,-9.794734070196483344e+00
9.190521509359802707e-03,2.940047367674052982e-03,-9.791979737880721402e+00
1.124171568602965604e-02,-7.772842134833019175e-03,-9.788117601614384711e+00
4.548770129719648266e-04,-6.682747918364771549e-03,-9.793910301147663588e+00
-3.977446949611032102e-03,3.241148542523303745e-03,-9.789427953069308685e+00
-3.265583310201904815e-03,-3.609425708562686262e-03,-9.797588635651280242e+00
3.913917148943909553e-03,-4.027800090093753421e-03,-9.796439650841977098e+00
-3.096851813012200822e-03,-9.846231355644737178e-04,-9.796882017907723395e+00
2.870722454336911440e-03,1.409301420611206411e-03,-9.795502984701409233e+00
1.056886285355065902e-03,-8.025207809744548670e-03,-9.802228340499047121e+00
6.083228209088653929e-03,6.066233075867611107e-04,-9.793075249556773443e+00
8.437182860932628675e-03,-1.171131076686486323e-03,-9.801687253038704029e+00
-1.026613492405196656e-02,1.461949881669336645e-03,-9.795563478528288570e+00
1.735427440286325734e-03,-8.813510416417781861e-04,-9.796266245356836322e+00
-3.117976034270847612e-03,-1.660643138635523042e-03,-9.795008865707163892e+00
9.965255931491672110e-04,2.714595611349969115e-04,-9.790681297939769934e+00
4.685094178644572983e-03,4.101742601620854932e-03,-9.791209405797509646e+00
9.221772899517029914e-03,-8.265418711605767438e-03,-9.801032857317467872e+00
-2.062473762525404795e-03,7.566919430668369966e-03,-9.793421306333083720e+00
7.639387749553176558e-03,-6.196177672656270723e-03,-9.799004077264939383e+00
4.652284243557455908e-03,-6.633307454615933185e-03,-9.789902537822731787e+00
-5.847048949130755416e-03,4.997525110687276242e-03,-9.791831630279514087e+00
5.535388087237444292e-03,7.884941400091534033e-03,-9.789510517588396965e+00
-3.031249157817174876e-03,-4.786491738074107288e-04,-9.784071556910205913e+00
5.341626114193277590e-03,3.943314395152039409e-03,-9.793175746084825661e+00
1.622405884219921181e-03,5.250180155618544651e-04,-9.794316029656116029e+00
-1.623761743138644629e-03,-7.118056398818435083e-04,-9.786938218352709384e+00
-1.702775943058256391e-03,5.693120918176094482e-03,-9.798011117673778969e+00
-3.879527209601347365e-03,-1.576094773775551117e-03,-9.792746839609034026e+00
-3.082067866755545341e-03,2.317920902948724694e-03,-9.795837291164636085e+00
-1.719187159446037378e-03,1.326412844879919402e-04,-9.790756917967165407e+00
-6.243449970627042156e-03,-3.194101736429687602e-03,-9.785313812761520680e+00
9.816523904391998099e-04,2.562685801163007773e-03,-9.801834077191591277e+00
-1.581552086974906185e-03,6.299626031181360455e-03,-9.784409075529936217e+00
-1.449363007674820151e-03,5.687710457716414585e-03,-9.797787704743250004e+00
-2.420782665490825002e-03,-1.009819521179394081e-02,-9.793274579214049425e+00
-9.517621544997247399e-03,3.463437018980009170e-04,-9.792897810855551555e+00
-6.775523543524889685e-04,5.319549641971634728e-04,-9.793215651259480126e+00
3.541231256180403433e-03,-1.309274780229511582e-02,-9.800813143667445715e+00
9.141891560400322581e-03,4.608643119943720695e-03,-9.801163254162521099e+00
-3.089779615654546837e-03,-1.199231834817882612e-03,-9.796143099014797073e+00
4.219783092305361659e-03,3.660348041390198027e-03,-9.793987560902813527e+00
1.279361381143046721e-03,-5.275371013950360018e-03,-9.798772168642448932e+00
-1.619859348333405925e-03,9.750662048924514397e-04,-9.786515411245126472e+00
1.010974199831120475e-02,-4.466684606940718449e-03,-9.790385170896541922e+00
5.257130415026409556e-03,2.559691786147338857e-03,-9.795414595676609437e+00
2.769930829719905938e-03,-3.010880484129597155e-03,-9.799969196902925006e+00
-3.278992562438006863e-03,-8.799314272952770983e-05,-9.792731454640586364e+00
-3.056555691173622863e-04,-6.019242222054647408e-04,-9.797999056047757449e+00
-4.361331309695209340e-04,-2.588458429533993521e-03,-9.798125254843105481e+00
-1.508359322541101381e-03,2.788888507846705011e-03,-9.792638802450529312e+00
-3.037250520901514216e-03,-7.652351148993240433e-03,-9.792816716950165201e+00
-4.070728715976595739e-04,8.787111142994286778e-03,-9.805385352073761496e+00
4.034610721786712102e-03,-4.256380102570235871e-03,-9.790713018862408745e+00
-1.143646024911272108e-04,1.889893739337103820e-03,-9.797226835895282093e+00
-6.523794128375996326e-04,-3.266827384335914582e-03,-9.794954750401926091e+00
1.173677784167467993e-02,-2.782881959459117260e-03,-9.788053598169073055e+00
5.111761039607636004e-03,-1.806380196933301055e-03,-9.787603108473312830e+00
8.447687538178302868e-03,5.812617522600078837e-04,-9.799648594835707271e+00
3.602986056391848518e-04,-3.543470736232708865e-03,-9.797529696570437707e+00
-5.551638124508182209e-04,-3.240009456104661709e-03,-9.792781036209161627e+00
-5.459832268158176620e-03,5.911595879557098553e-03,-9.790713616194533842e+00
8.394495052895236883e-03,3.746754632887585364e-03,-9.797273540258970570e+00
-2.042879956596593653e-03,-5.071303386383869440e-03,-9.797346782773345808e+00
5.051392444389581592e-03,-4.540532326045156920e-03,-9.788659486955161526e+00
8.295558243562420634e-05,-3.360165070483091179e-03,-9.788071134991946920e+00
-1.775146459640526556e-05,-1.042735040879428678e-02,-9.798164675322505346e+00
4.319042909317234724e-03,6.233885153859422372e-03,-9.787475110206187878e+00
7.455748500171817915e-03,-2.327193420740445492e-03,-9.802772044345015701e+00
5.527491098235425698e-04,8.352464347613259990e-04,-9.798754123753999679e+00
-1.753782667007726132e-03,-7.162172761929354314e-03,-9.801262236114958171e+00
1.202953618195453690e-03,-3.743177403059353022e-04,-9.782784706892188709e+00
4.129883230676049434e-03,-5.768711456804118121e-03,-9.802525640526056350e+00
-2.445782684854718586e-03,-3.959282314409869399e-03,-9.793665954000507767e+00
7.567248227682814169e-04,-5.273699974700646331e-03,-9.796687984244695002e+00
-1.508091604835818533e-05,-3.732498306915084385e-03,-9.797922032634289735e+00
-1.358781660075518861e-03,7.329668972103462084e-04,-9.805292772838656745e+00
-2.281537763793847545e-04,-2.674710544116324328e-03,-9.795581329112327040e+00
-2.370068089270264923e-04,2.844165811208283334e-03,-9.790402650518245764e+00
4.700647441811378786e-03,3.464129377232754835e-04,-9.789949410513482775e+00
4.864140922128176205e-03,-5.265648765052795797e-04,-9.798518259773393524e+00
-4.328032239337978142e-03,-2.264710086980808047e-03,-9.798754366398293669e+00
2.469336237127104337e-03,-1.919237117275031986e-03,-9.793870371101489170e+00
4.250440526239988512e-03,7.312622606626833794e-04,-9.799578633578526876e+00
1.336683536725068872e-03,-3.537508535315234603e-04,-9.789178567790427721e+00
7.965799876471524668e-03,-1.492551170093509103e-03,-9.792124510162100393e+00
-5.562467163301159680e-03,3.682267267785938308e-04,-9.796988225117381432e+00
-3.600718473676200408e-03,-3.070874395069844807e-03,-9.780196968074626795e+00
-2.547700951740767758e-03,8.695576569363814776e-03,-9.797092409858560558e+00
-3.522312578680293887e-03,-3.019953131133872992e-03,-9.792737999313493091e+00
1.343955015425129032e-03,-6.208353769333740599e-03,-9.788328707308872723e+00
-2.389582923136757912e-03,7.359522975355345387e-03,-9.794513674556457161e+00
-1.102800358379888183e-03,-2.855231959329223223e-04,-9.798108938179371563e+00
5.674738435001078912e-03,-3.328571290110226427e-03,-9.795521616388239039e+00
-4.122634380958061992e-03,-7.017466585125226031e-03,-9.798130658058818554e+00
-5.687106126418889828e-04,3.243498900766206240e-04,-9.797505471765447282e+00
-8.567851235759383829e-03,-4.453860104235493091e-03,-9.798549410584623587e+00
5.510196637552862257e-03,8.562569119928808547e-04,-9.796190713868096367e+00
2.676181257372291147e-03,1.482642622280842468e-03,-9.789357809256150844e+00
6.638887569278537071e-03,-6.618924452871163301e-03,-9.794441029158656775e+00
-6.579503748666556213e-05,-5.210742266664143869e-03,-9.795742191008955047e+00
1.557230382901607282e-03,-2.437371345194551571e-03,-9.795910635037451186e+00
-3.445028381170956062e-03,-3.556060518006913616e-03,-9.790697968732725798e+00
-4.314269490966931089e-04,6.519405387184565477e-03,-9.794411804181864412e+00
-4.620175002977421931e-03,3.137770595345854008e-03,-9.804911450515968241e+00
4.864295578341253285e-04,5.070097983740343064e-04,-9.799613018657622021e+00
8.212565837307049662e-04,-1.471323769029332477e-04,-9.790619953699259526e+00
-3.020507674537651396e-03,3.198944708349586025e-03,-9.791071398567096296e+00
4.921233162874448855e-03,8.288912498676678786e-03,-9.788363651875142679e+00
-6.926268779333911822e-03,1.772811318642362934e-03,-9.788654723179870842e+00
-9.739987653341363946e-03,-1.310576258141548430e-03,-9.801018658090679736e+00
8.033591586822277485e-04,-9.712646979703325753e-04,-9.792811892679234020e+00
-1.223500317199069506e-03,6.113125316884372327e-04,-9.791979083803399320e+00
4.774517728856563469e-03,-9.296216697668885712e-03,-9.794719176956773410e+00
2.690079619749327980e-03,-5.944889667920862791e-03,-9.806865431932022759e+00
-1.127048831103091321e-02,8.543700574112555665e-04,-9.794551791844593680e+00
4.254091186637423173e-03,8.917389907267872767e-05,-9.792363026600833464e+00
3.963357951675361597e-03,-1.067144853212688557e-03,-9.791765944977813163e+00
2.267153685106594065e-04,-5.427383467213342701e-03,-9.781853181948953591e+00
-2.679616707411397371e-03,-3.835636637474462880e-03,-9.790891595532837499e+00
5.308368879493412934e-03,1.558780787764418429e-03,-9.794828705961707627e+00
-1.421965341420775714e-02,-2.493461468200560988e-03,-9.791650271230741609e+00
-2.762136584685834576e-03,-5.220684304611163291e-03,-9.794286779770482454e+00
2.017806943083563960e-03,-8.458348908403802782e-03,-9.795517201673440866e+00
2.645695684149215136e-03,3.259600954507865193e-04,-9.795921407240230749e+00
-8.301823821900327694e-05,1.673532124707528520e-03,-9.804873643169914388e+00
-5.819726883758463871e-04,3.086838836574622678e-03,-9.801590303001848525e+00
3.376351518470691385e-03,-9.619657960808523228e-03,-9.794578578070163744e+00
7.784751360664386721e-03,-9.961077648150558871e-04,-9.798972276004205284e+00
-8.678982224547234989e-03,1.936932740257355781e-04,-9.791212050449885851e+00
1.969544155244969813e-03,5.668996632394863837e-03,-9.801702799728877480e+00
6.184908558917663265e-03,2.182434493001113480e-03,-9.797005801876265352e+00
-3.060417420693246904e-03,1.781347125251533936e-03,-9.795406880645176173e+00
-5.053912385841286903e-04,-7.083579880557576945e-03,-9.790307381737996195e+00
1.734455136312094622e-03,1.054536617082729331e-03,-9.792908689146015533e+00
-1.721457643427672492e-03,3.847151060069666298e-03,-9.785763854350895130e+00
4.839469572161414490e-03,-1.347699399194640180e-03,-9.796477328014011832e+00
3.135207575376559429e-03,-5.970206240587322237e-03,-9.791452856781571512e+00
1.189285471043229807e-03,5.324702558710220184e-04,-9.799410276605360792e+00
7.499583232895140443e-03,3.653903564808378031e-03,-9.797881601711361910e+00
8.763092140204614298e-04,1.994497332268810146e-03,-9.785088378192279279e+00
-6.434480854245045595e-03,-3.612074473994341230e-04,-9.796129365787047405e+00
-1.768119287203320442e-03,-2.372628394953291749e-03,-9.788566000206438744e+00
-2.074537321935739347e-03,6.492561117663509136e-04,-9.789057371096264504e+00
-5.325857826125729270e-03,7.871102469285008035e-03,-9.793798888803399549e+00
-2.240022671815257438e-03,4.571915394294761951e-03,-9.788470690711719158e+00
-3.540236290715787805e-03,1.006514115008657478e-02,-9.793786550118333878e+00
4.983838637502896809e-03,-3.689434506702947078e-03,-9.797522284520933766e+00
1.894803181296762567e-03,3.798993695209474698e-03,-9.791322717942078313e+00
4.412396171414680913e-03,-2.511908738208505805e-03,-9.789732912370121554e+00
-3.021744791958544136e-03,1.009609970145016952e-02,-9.798671228733036642e+00
-3.622210095294887272e-03,5.818907725290170703e-03,-9.788677618064353325e+00
4.644902420663949219e-03,-2.181081800853514226e-04,-9.797817003311047657e+00
2.537703935184958647e-03,-4.018124597801823322e-03,-9.796132844465967437e+00
-7.142839601458542262e-04,-8.002005865666942178e-03,-9.786133303057139798e+00
-6.325000425498951938e-03,-4.952030248671071208e-03,-9.796366149613742635e+00
-5.546322569784959897e-03,-3.388331777650584620e-03,-9.797702655153484486e+00
-5.634726403667412705e-04,-5.128748522948820346e-03,-9.797369026742099862e+00
-7.152986304585128019e-03,3.965517556227919627e-03,-9.795655867756783763e+00
4.773629963299394832e-03,-8.485684400425534592e-04,-9.790841406969290617e+00
2.598312753956932234e-03,-5.347888684585577757e-03,-9.794943466659606912e+00
-2.541162612736779739e-03,-9.600958656937834792e-04,-9.792812695189823557e+00
-2.782110494273808046e-03,3.663582544381630782e-03,-9.800553322791024868e+00
1.362546041571344960e-03,-6.847892041273905689e-03,-9.789324439810078715e+00
-2.718540060635826847e-03,-5.358262255275559292e-06,-9.790238412739713070e+00
-1.024508612189915877e-03,-4.878904147476432855e-03,-9.794536891172992199e+00
2.244521327212557586e-03,1.378847942023418791e-03,-9.788790865594261703e+00
9.251359213321607572e-03,3.388863888583726770e-03,-9.797428166452597509e+00
-1.336138219059736579e-02,-7.474343585743317394e-04,-9.787521349062989984e+00
3.066218223093805477e-03,3.032551161195555902e-04,-9.795595134646962521e+00
4.858240208647224279e-03,4.847929210021121975e-04,-9.794475178072252319e+00
-3.995992691439778990e-03,4.249347959482522620e-03,-9.790973967461031435e+00
4.219235054500779757e-03,-9.090954120729768245e-04,-9.794055685306895853e+00
8.479605803964999911e-03,-6.268575220874672040e-03,-9.780392535468887871e+00
6.919242036254600811e-03,-3.819342214633098496e-03,-9.796914875881315155e+00
-2.448405869212899860e-03,-1.136497167171362458e-03,-9.796094190847489003e+00
3.694663325017145949e-03,-1.277922016949431788e-03,-9.795097438227525544e+00
-1.188663485562519459e-04,4.525586949373613423e-03,-9.794452093980174467e+00
1.910664337252432647e-03,-1.764923600950721316e-04,-9.797855595297239262e+00
-5.986061536732905503e-03,2.174113381318706732e-03,-9.801969264742853127e+00
1.824110459170448506e-03,-5.443816997824937887e-03,-9.793513847096454228e+00
-1.105598626629620705e-06,-3.625092476473024995e-03,-9.792123980202065425e+00
3.368330468707678247e-03,-3.820329960455844109e-03,-9.796283863808094239e+00
-7.593307907775719056e-04,-2.805459387590849337e-03,-9.790179435447607048e+00
-8.225825042326103537e-03,-8.820350204841285666e-03,-9.799431786298388403e+00
5.127057745259067968e-03,2.217235285609625052e-03,-9.789677609198534469e+00
2.373703256308554686e-03,2.589454601232036093e-03,-9.799556678268524834e+00
-4.986339869274782587e-03,1.496893381775885219e-03,-9.794588320793085501e+00
-3.636414137946436965e-03,-6.317389615382393124e-03,-9.794303343756698865e+00
-8.373354282904079890e-03,-3.153720482626341283e-03,-9.799962677712453996e+00
-1.395582772759459316e-03,-2.565892596731691143e-03,-9.793729194015144301e+00
-1.478602379403322646e-03,-5.938298198091179585e-03,-9.797563214806521259e+00
-1.029599075605211293e-02,-5.837926646201435036e-04,-9.792001613979364194e+00
6.243494517827154026e-03,-1.857204408429102924e-03,-9.793655622630549118e+00
2.035418445426104631e-03,-1.033693432285567697e-02,-9.787000551797035541e+00
-1.597029541869054645e-03,6.230389331561074842e-03,-9.784170944106882928e+00
-4.281706934616049190e-03,-6.015502369441103406e-03,-9.787765393868118835e+00
-2.365111405039011915e-03,2.716856820158804718e-03,-9.798337270876677607e+00
1.063343426904667230e-03,6.265233856230780114e-03,-9.795998394445346591e+00
5.259456885899839625e-03,-2.305979795179689991e-03,-9.798233522323720024e+00
9.139149568525769271e-04,-7.719243626149678962e-04,-9.785025940391141930e+00
1.092528361124949551e-03,1.273546468487639274e-03,-9.798997259160881157e+00
8.643462284770746240e-03,2.085879775875364942e-03,-9.797053584421819394e+00
5.779809604122514502e-03,-8.285722313692445856e-04,-9.798149905319503361e+00
-4.110162898930802729e-03,-1.006576569499062403e-03,-9.798480302574837708e+00
-1.224501425529897578e-03,-3.608656566268591930e-03,-9.799951421244639249e+00
-2.624037500731060853e-03,6.035668323640041091e-03,-9.795259797910041755e+00
2.974496913736863601e-03,3.563297885485108406e-03,-9.788032715375280191e+00
2.236155232922263161e-03,-1.190736122542811583e-03,-9.795874323570858522e+00
1.323131482319725351e-03,-4.604948765294087200e-04,-9.794057327249387157e+00
-3.053577745757503088e-03,-1.031099936811437356e-02,-9.793618531436099062e+00
1.023411563219521291e-04,-1.503548996087412763e-02,-9.795184979611374132e+00
-1.277873868297388100e-03,6.873902740166830047e-03,-9.796381193282359234e+00
4.077464080343977393e-03,-6.239014858702497321e-03,-9.794734790214540965e+00
-3.253698212087415519e-03,5.127925611962741090e-03,-9.796472874133518971e+00
-1.121588072699710413e-02,-1.829603286266610635e-03,-9.794476012110765240e+00
8.408703488307554125e-03,4.881174341930320272e-03,-9.795876404780047508e+00
3.657491742469698697e-03,2.556866043033812928e-04,-9.795887988059721607e+00
2.623460660712751639e-03,1.284076401112123214e-03,-9.804111519475604553e+00
1.849142519804052465e-03,2.193070430544240539e-03,-9.800276227673659690e+00
6.789616526746524057e-03,2.309324740950764038e-03,-9.794617063829042181e+00
-2.465505354070177037e-03,-4.758686626894745135e-03,-9.787464029584347358e+00
1.333246860941640849e-03,-9.825278952097715127e-04,-9.791893442378002632e+00
-3.232396665520655740e-03,-8.070822010449346315e-03,-9.800342143102270143e+00
-7.192588170128853689e-04,-4.184058674753883891e-03,-9.794779187347529614e+00
1.091361155150778186e-03,6.723420878567300425e-03,-9.787935944128044241e+00
2.345876100495127188e-03,-4.279172707677332890e-03,-9.798957464466777623e+00
-1.842727953990974275e-03,-4.640263484153703613e-03,-9.801972766358790778e+00
-8.992518111717006865e-03,-5.015395825086517954e-03,-9.795829542669117984e+00
-4.221600379076140969e-03,3.967948444979239875e-03,-9.794493225867611841e+00
-1.918048354368722839e-03,-3.740602167772782202e-03,-9.795186792897700556e+00
-9.148445615089822666e-04,-2.676362564520147046e-03,-9.793635731030674307e+00
-1.074362504689193145e-03,1.662469019167603021e-03,-9.790216229762348732e+00
-8.635267319756323272e-04,-4.571490292885784304e-03,-9.800302023910097304e+00
-4.392829798075705353e-03,-3.711315530118204729e-03,-9.796886928883916212e+00
5.297284094568757750e-04,9.835827503043169297e-04,-9.793516938012357897e+00
-3.279678235860594357e-03,5.304473535739522710e-03,-9.792820106894472687e+00
4.217938762778691841e-03,7.823024747218498484e-03,-9.790836914076200159e+00
-6.734439228482932277e-03,-1.996622124712767437e-03,-9.791693036115907134e+00
1.016071442005490877e-02,-1.820394503325463908e-03,-9.796284676023775617e+00
1.538107771076868083e-03,-4.716561747477803802e-03,-9.798772420132413785e+00
6.380289561925773199e-03,-2.550533419126672398e-03,-9.799893489657598877e+00
-5.096231882897954077e-03,-1.719170800067727463e-03,-9.800533766499734512e+00
6.429441707496880674e-03,-3.719286113738422793e-03,-9.796507077928160001e+00
-1.885517483916191155e-03,4.292588444578703671e-03,-9.801999862624427351e+00
5.345196109266724983e-03,-4.514873676246948173e-03,-9.794855009237931398e+00
-8.573479492531241655e-03,2.623679812856965186e-03,-9.800641265666399704e+00
-2.883617366571892410e-03,-5.847065342357946061e-03,-9.785312817794723728e+00
-1.888509632611453043e-03,1.970971177341552432e-04,-9.796991817576282457e+00
-5.722536328018421742e-04,-1.006906051554838644e-02,-9.796131819436993737e+00
1.419231628733557153e-03,-3.992451257545152031e-04,-9.794219360078921355e+00
-3.064802490248134991e-04,-1.232745105310793223e-03,-9.804553545616021992e+00
-8.850169876397718030e-03,-4.719650895850429143e-03,-9.795298174577606432e+00
8.137028622264495499e-04,-1.974089770797827527e-03,-9.786870379165780065e+00
2.649439974940095196e-03,6.262196864153047986e-03,-9.799949468321434765e+00
1.181091248130715018e-02,5.175421433085750783e-03,-9.796711812812798570e+00
9.523204177495966233e-03,-6.051576435867076290e-03,-9.806999764788493223e+00
5.027461645719555512e-03,-5.459733860235156146e-03,-9.811527870931382012e+00
-1.621248546856887077e-03,4.072932005076917647e-03,-9.799372699789838492e+00
3.822319566464536540e-03,4.240658305127891284e-03,-9.787718969699291449e+00
2.458037305474191671e-03,-6.313853140105234185e-03,-9.785025361433278945e+00
7.986636934968621704e-03,7.269948144738029756e-03,-9.798874313383457491e+00
3.378005275072160259e-03,-6.307309550640245732e-03,-9.787698594570384714e+00
-7.993004822602306318e-04,8.933687641965160769e-03,-9.795232181540960426e+00
5.826381985051058351e-03,8.109134005777680898e-03,-9.799470054039961298e+00
5.163977114336095429e-03,9.157531835851837401e-03,-9.786154082643873764e+00
5.003647105299159105e-03,4.640293752481633623e-03,-9.801430328132891390e+00
-3.644307137920336451e-03,-4.964338202829840160e-04,-9.790232067875564326e+00
5.969760121563113045e-03,2.000868580504456401e-03,-9.782197307945061482e+00
5.252508520407407622e-03,4.253470999781647742e-03,-9.800209209849565895e+00
-1.143110586517672453e-03,-1.085277065456225626e-02,-9.797006656654508205e+00
-3.402730014361136923e-03,-7.174100098336133385e-04,-9.805527543425673898e+00
3.839401179792166605e-04,7.710447275345150807e-03,-9.796333818291637741e+00
4.482934407546997069e-03,-1.676982906521552741e-03,-9.804933941015832488e+00
-2.656334440552093608e-04,2.240609087611037525e-03,-9.793406346908724913e+00
3.638681476856951008e-03,2.125792990542383406e-03,-9.800843901066750519e+00
4.576676429583557970e-03,2.234306851623425998e-03,-9.792757496499172376e+00
5.943835087685297135e-03,-2.387772606721464113e-03,-9.796186282896190534e+00
5.818898589433411234e-03,-4.505775195429387141e-03,-9.796062898196982616e+00
1.978452042012886507e-04,-4.087959814745377451e-03,-9.798134310622042875e+00
-4.544355501316310435e-03,1.210743026084661923e-02,-9.791153171574473291e+00
-3.047760248584252519e-04,-2.688399375757786602e-03,-9.803820389771614074e+00
4.851150539549905875e-03,3.781202873879655271e-03,-9.799274207043714213e+00
-7.055048967568946800e-04,5.118706047579093220e-03,-9.794815195792756057e+00
-8.031688295428742169e-04,-5.179979550719533699e-03,-9.795541886859895797e+00
3.340971962297003238e-03,-4.090029044878103204e-03,-9.796208085147734224e+00
3.557954723299279302e-03,2.664379657576238826e-03,-9.799810712187964512e+00
-9.232255653461841904e-03,-1.502764510844232983e-03,-9.800116593250779218e+00
-1.963552559808259129e-03,-4.362099942972525617e-04,-9.805848950034825151e+00
5.524517615793174321e-04,-2.203220146639814966e-03,-9.789032591580633991e+00
9.946140984722755610e-03,4.969676229697326392e-03,-9.796319259467960450e+00
1.528700227801460662e-03,4.619740325379271921e-03,-9.792645353515466056e+00
-3.887005935080293378e-03,-1.011651932685547761e-02,-9.787412469460004871e+00
4.805444011532463214e-03,-5.151910306210867423e-03,-9.793250278640460493e+00
-3.690675500267779924e-03,3.813073150450398824e-03,-9.801031964643716066e+00
-1.967251117818772255e-03,-7.013498604473354138e-03,-9.791543126513710504e+00
-4.736793367396560650e-03,-4.422677351260532672e-03,-9.805527801241652242e+00
2.604489042642003406e-04,4.853066656071781601e-03,-9.800838872296017357e+00
-1.277271536010516489e-02,-3.507189951540768021e-03,-9.796355880600959409e+00
-3.171735266901508886e-03,-6.139244996026742285e-03,-9.793263400089607273e+00
-1.567565447823908963e-03,-8.321953743658547925e-03,-9.793523989114676809e+00
-1.201664759519252687e-03,-1.178478273518126715e-03,-9.799333838088964299e+00
2.092587704392311326e-03,-4.815163933444641803e-03,-9.797823384746385145e+00
7.884463963325791941e-03,-5.746569543354778688e-03,-9.792486900071551759e+00
1.619938205859281248e-03,8.635357024294414542e-04,-9.796725558812733325e+00
-3.680451138506946312e-03,7.629934859052758291e-03,-9.793799015491314819e+00
-2.377933787083917616e-03,3.786683663251442372e-03,-9.794202523024633678e+00
4.430451785903599324e-03,-5.728614605000699640e-03,-9.789814995454600322e+00
-7.861265680590319438e-03,1.004174828306697576e-03,-9.797003233654978160e+00
-9.984795163451855651e-03,-5.295107587843713229e-03,-9.795258886603084747e+00
-7.519305455579609193e-03,-6.799260840454268359e-03,-9.787828943589246933e+00
-6.999870869116044808e-03,3.031920646697528442e-03,-9.799564295041282236e+00
1.192625154494450111e-03,-5.166882887156694706e-03,-9.796743245477630424e+00
3.138670872763759355e-03,1.726387247380948859e-03,-9.790798894558355059e+00
7.681481482537004697e-03,-1.071060572558417412e-02,-9.796959106354158564e+00
3.404410000603419516e-04,-4.941225825334486996e-03,-9.794523942999983745e+00
-3.693049461882141806e-03,2.460095735753471853e-03,-9.791034164024230435e+00
-2.376036577186973770e-03,1.201489999265257591e-03,-9.785672542961206588e+00
2.614515242591172826e-03,-2.086697547717282324e-03,-9.792949115690191775e+00
-3.030177864472814731e-03,-1.835045872932463936e-04,-9.791684752096784905e+00
-8.142819543933711365e-03,4.642413747780545132e-04,-9.797736821664793538e+00
-7.238837797585569341e-03,-2.093888866406621706e-03,-9.796396491621537805e+00
5.115008881969937068e-03,3.890350635653607326e-03,-9.806668938929412604e+00
1.278347509251690287e-03,-2.531934416874839777e-04,-9.800987356560259656e+00
1.967292677474293938e-03,-8.969203963439659893e-03,-9.805533082651090027e+00
-3.452959253171918128e-03,-6.715282425865612241e-03,-9.800150701819752896e+00
-8.316181210591412978e-03,-7.417904254933793164e-03,-9.787691758824417221e+00
-3.801920572637155007e-03,-5.511738237745468028e-04,-9.800513503372703994e+00
-5.197484849769554681e-03,-1.059214029472502726e-03,-9.795964490821408077e+00
-5.423814436621143646e-03,5.105500166264138537e-03,-9.795705360115594118e+00
-6.319645408661282368e-03,1.418119672211966232e-04,-9.799117618706523203e+00
-1.596272184021560502e-03,7.445260587352616616e-03,-9.792800436114557527e+00
-4.627809516780861249e-03,4.749611415531630743e-03,-9.791118908529867326e+00
-9.671873670126998482e-04,-7.453948741516621714e-03,-9.793405992220851175e+00
-4.040281366931184823e-03,6.202142446029517255e-04,-9.792989161334572756e+00
-3.601304073528751280e-03,-8.048434477623777478e-03,-9.798327358828430533e+00
-2.896772112502239444e-03,-6.847577784278721484e-03,-9.800713104226204564e+00
1.171972254103878421e-03,9.948846386752243851e-04,-9.801303185701296883e+00
2.686886318424743045e-03,2.589672495491787251e-03,-9.804077610615513194e+00
5.213464891437911454e-03,-1.581447434699112357e-03,-9.794562838843985375e+00
-1.576658884213463178e-03,-3.979397889082933112e-03,-9.785681785084086926e+00
-1.299684037964792720e-03,-1.156784922942933995e-03,-9.792457979695393888e+00
8.156685681250195469e-03,1.119064397315172859e-03,-9.793954247949132608e+00
-1.658482008927507356e-03,-6.567876008613766220e-03,-9.800494329143933925e+00
-4.718626083256165053e-03,-3.121482307849678551e-03,-9.798430143979647511e+00
-4.118303804247007774e-03,-2.784782486656589996e-03,-9.788787475931501447e+00
5.035985247730588414e-03,-5.870895399202043057e-04,-9.799976994915999384e+00
2.320655546343145664e-03,5.817542659892479401e-03,-9.793335014621957768e+00
3.493966304693572281e-03,5.152412152864787979e-03,-9.792884477400205512e+00
-6.847696648429855721e-04,3.435872387378033268e-03,-9.794287907496288526e+00
-3.127530501635253628e-03,1.440102695900239088e-03,-9.799045723710444022e+00
-2.140327765432269679e-03,-3.938554501681261130e-03,-9.790791982168657981e+00
8.736136295495543214e-03,1.592125302575624068e-03,-9.788496324286519723e+00
-2.410281115324118973e-03,-1.718999651713858361e-03,-9.796897318570003677e+00
4.788611765300214169e-04,-4.694419686848281398e-03,-9.794218491662649129e+00
2.124681990556329895e-03,1.213147749569185507e-03,-9.798041156684067943e+00
-7.799371529900565522e-03,3.169497026790421730e-03,-9.796704835852692028e+00
-7.799941364883093697e-03,-4.833507174000057326e-03,-9.803469875202454276e+00
9.540089280772254265e-03,-3.578617862288362324e-03,-9.792627941112352019e+00
5.088647886204037199e-03,9.206786910173929070e-04,-9.794786730923584983e+00
7.063341786065136484e-03,2.219385215449014466e-03,-9.794294982579966558e+00
-4.602432142436701373e-03,-1.121983490958956657e-03,-9.794665104473539330e+00
5.827087915433983717e-03,7.386632046475887989e-03,-9.796148975747327015e+00
8.586094421347480188e-03,-7.197021490572841525e-03,-9.792047438638032730e+00
5.358581570344711845e-03,-3.115062116590673787e-03,-9.784721499479013929e+00
1.895182265033413214e-03,-5.510504129403868967e-03,-9.792349725593311405e+00
-9.429810720928888043e-03,-9.117104717682801215e-03,-9.795994118363482883e+00
6.165384305338764137e-03,-9.592630044515169756e-05,-9.793733345815978097e+00
-4.927731323223084881e-03,-7.180527013770279104e-03,-9.790373653278736654e+00
6.633189789187585346e-03,1.703154201710140037e-03,-9.805492606767312935e+00
8.825374226404864020e-03,5.299659935245224981e-03,-9.792113432950145580e+00
-5.904248441467302780e-03,-3.211858566153733864e-03,-9.787312438280112659e+00
7.176019378494496656e-03,6.143815462494471927e-03,-9.791743630644145213e+00
1.129060972471105902e-03,1.353715671708956379e-03,-9.807157570495499854e+00
-7.903881823370892054e-03,-3.424846472306222289e-04,-9.793825401237402417e+00
1.652618150635015368e-02,1.437200211234681462e-03,-9.796078404721544786e+00
1.593365124755994613e-03,4.419691739050727632e-03,-9.795210481652734558e+00
5.677876772465150976e-04,-3.087220575799375522e-03,-9.788470921968865923e+00
-2.923908620935068356e-03,-1.251652363322672311e-03,-9.798180155678213765e+00
4.791364038683204206e-04,1.599180202899051252e-03,-9.797279871864699174e+00
-1.225730124376018561e-02,-4.320452910529268102e-03,-9.796797015535346986e+00
-3.971952937501951018e-03,-9.094365081787824864e-04,-9.791337438601198429e+00
-2.998413534167403572e-03,-1.251720138111931399e-03,-9.791319119766358270e+00
-2.320428240162682090e-03,-3.108885724517386658e-03,-9.791856582599125502e+00
3.607419779946115235e-03,2.892207427624170820e-04,-9.796708184160976884e+00
-4.168933230794986088e-03,-9.311398230585731309e-03,-9.791493178111856821e+00
-3.889470326513424277e-03,-6.874022908509179811e-03,-9.788656531194627419e+00
-1.024416909142067617e-03,6.410746297279673253e-03,-9.798729929694209417e+00
1.087324340612027054e-03,-5.756637654471662841e-05,-9.791621064736624191e+00
1.377916064511032230e-03,2.418829609579745566e-03,-9.784886039296436522e+00
-2.652065802761856446e-03,-4.079952560035886994e-03,-9.790749320619701379e+00
-2.366858337675191958e-03,1.721455776524897976e-03,-9.790668003064846303e+00
-1.149355014497693318e-03,4.715530265668215404e-04,-9.790951715702034264e+00
1.048313669585025382e-03,-9.612437373776656913e-03,-9.785494571231758698e+00
-7.030758983051229411e-04,-2.499330323251601396e-03,-9.796833107892533477e+00
7.420826148171863826e-03,-2.734102408837404876e-03,-9.798202075814096190e+00
-1.963056727743734547e-03,6.682704637082185865e-03,-9.791735347288934577e+00
-4.223013076164358094e-03,-1.973803392767497014e-03,-9.805026623404978992e+00
6.056017969050099189e-03,7.744310285463291803e-03,-9.796540952551307413e+00
2.098228863309769317e-03,8.281970637878175020e-04,-9.796070002367283536e+00
-3.568684122819046518e-03,-2.137054340435693735e-03,-9.795635703273944728e+00
4.570936340326130394e-03,-5.511693106573112982e-03,-9.791224941036400509e+00
2.559023670694855561e-04,6.638236534400218138e-03,-9.810798685800858010e+00
4.368974624824999327e-03,2.920473477180932824e-04,-9.786523492709774175e+00
8.468171558424419584e-03,-1.107726646348489857e-02,-9.794470669229802695e+00
-2.539198199770824772e-03,-3.361469786484275885e-03,-9.791848937364974859e+00
-6.982644249216688609e-03,2.359525428925168290e-03,-9.794310391055191189e+00
-3.241154793570642789e-03,3.071039579142517597e-03,-9.789574095037487211e+00
7.645426688538864250e-03,2.664375471899693010e-03,-9.793623493177056716e+00
2.991680586008283924e-04,-3.236744075875438911e-03,-9.791504405624197105e+00
-2.176503385127769290e-03,-1.824908001053895988e-03,-9.797846639154318638e+00
-2.168127023421414275e-03,-1.609309246552123509e-03,-9.788133235262396425e+00
7.290296359884208301e-03,-9.679366118316708872e-03,-9.791444963110116362e+00
1.306811175627963948e-03,-5.912755612525976562e-03,-9.803059567426597454e+00
1.921266308621793518e-03,-1.638250156607405379e-03,-9.795686114809134537e+00
3.525406895250622467e-04,5.076509228183628993e-03,-9.794658162244791910e+00
-1.114915102834841297e-03,3.774286801262356772e-04,-9.794181282794115262e+00
8.836249380747179458e-03,7.920263110299807785e-03,-9.789543175707512646e+00
-7.252937282117783227e-03,1.083393650080512628e-03,-9.797020753067494425e+00
-9.107216514122032716e-03,-4.117803068888944637e-03,-9.793041593686311330e+00
1.006174172753718238e-05,4.317249668654316377e-03,-9.799605406974709609e+00
-1.016788664265675475e-05,-5.809636709973422034e-04,-9.792272064952571853e+00
1.424859990572227000e-03,1.020461025398026154e-02,-9.795082034767487400e+00
-1.656976503154116353e-03,-8.228720963473896283e-03,-9.786174294471059909e+00
-3.790530861406567024e-03,-3.804235854289910075e-03,-9.794604498564275730e+00
-3.150356139775197049e-03,5.455070010179741830e-03,-9.798242271116201607e+00
-3.676251077941336716e-03,-3.761035693420572510e-03,-9.788541423395162866e+00
1.426115042405111692e-03,1.104236516806597710e-03,-9.803674066979334967e+00
9.093886916161945597e-03,7.316693772681129131e-04,-9.796807522146844249e+00
1.717328523886304788e-04,1.019529777843178895e-03,-9.784551210547428823e+00
4.519112259792906088e-04,4.698112242805721657e-03,-9.798513230657363238e+00
3.755667614675480079e-03,-4.376392067215682455e-03,-9.796825012357459173e+00
-1.558302737780518010e-03,6.710603203920954656e-03,-9.797114528116765086e+00
2.918564939331870760e-03,2.458837294896746520e-03,-9.801003650193198524e+00
7.700578436294271134e-03,-3.665956250416910461e-03,-9.796231264688179508e+00
7.973809065825829268e-03,6.430011640176086854e-03,-9.786164833506102667e+00
-7.030083887474389455e-03,-5.526874758360071551e-04,-9.789819671811622825e+00
1.042159896956460679e-03,8.068311561586247876e-03,-9.796160774514602210e+00
2.595958265388611467e-03,-2.120249889850419830e-02,-9.795531990986757975e+00
1.578360120926049128e-03,-1.878761107227787039e-03,-9.794220933983456945e+00
-7.371522634954681859e-03,5.747007685183123937e-04,-9.791255599354917294e+00
3.007228064015655435e-03,1.306507377607278933e-04,-9.788506361493180208e+00
-4.781095906288599685e-03,3.413999989359457234e-03,-9.789031972553791761e+00
3.998626851518574318e-03,1.231273849078504297e-03,-9.800727850356709681e+00
1.482228543069252953e-02,1.894141205764609355e-03,-9.792512909173922253e+00
-2.044508805824245008e-03,-3.671238330707650346e-03,-9.801313257968811143e+00
4.425725576588811563e-03,-1.943818906179368890e-03,-9.790615564818434535e+00
1.399598590118418268e-03,-6.197472986901148354e-03,-9.799021823251017338e+00
-8.477480172107013448e-03,5.531247689045501632e-03,-9.787964096364161648e+00
1.682998475885471006e-03,-4.812359944009009195e-04,-9.792500473722595800e+00
-4.147038143845769090e-04,2.352553921951861492e-03,-9.799759746006467154e+00
6.320752114905249172e-03,-6.615393910631827551e-03,-9.795082167367224812e+00
4.335920452522671296e-03,-3.778293960118449864e-03,-9.795447817304463456e+00
5.572784020246754691e-03,-4.870492717011037920e-03,-9.799535366098199418e+00
2.791890929252164580e-04,2.297734725238139569e-03,-9.792698075905892807e+00
4.985953123858549718e-03,7.328291677656794192e-03,-9.791976550957805614e+00
2.828573620004322538e-04,2.163678008639620311e-03,-9.797341772177151853e+00
-1.670184522682335035e-03,4.010101903992351752e-03,-9.792393436482996094e+00
7.998997858897920546e-03,-1.774881503282000565e-03,-9.788548910445433293e+00
-1.400070303321675506e-03,4.524239926568866116e-03,-9.788560451020567044e+00
-1.064053378319492968e-02,8.479864900150015658e-04,-9.797690719619343014e+00
3.933054054058575822e-04,-7.298070518220588221e-03,-9.787590845070294421e+00
-9.675079166803877626e-03,1.027165228191391153e-02,-9.797347162380487973e+00
-8.275243511534123922e-04,1.105972069368731667e-03,-9.794138780987676540e+00
2.722515513976480304e-03,1.211069436673825953e-03,-9.799328173985946577e+00
-2.483921723501773728e-03,-4.913857225100470155e-03,-9.795360687922766374e+00
-1.820459238725626364e-05,-1.787533209785591463e-03,-9.795782013623691498e+00
-1.223225686379279678e-03,5.000615138635518568e-04,-9.791397848929245029e+00
-6.476859985754783965e-03,-3.062628570103313047e-03,-9.799124843233981252e+00
-1.906751432593780824e-03,3.456599881889483184e-03,-9.787207527966723219e+00
-2.337385535147763326e-03,1.081937963597066768e-03,-9.798784960063667171e+00
-1.597851452421673001e-03,-5.470217234972148818e-03,-9.799137313202665567e+00
4.555999411237013005e-03,-3.130508491288941115e-03,-9.792033401777125334e+00
-3.444066892198636553e-03,-3.049127609095982853e-03,-9.782330329297789007e+00
-1.172749809897387016e-02,8.460958599557071719e-03,-9.787726862796205296e+00
1.658762866737073212e-03,4.666167413333366376e-03,-9.796443272814450154e+00
-9.223455456655737942e-04,-3.054933724201456743e-03,-9.801888079734281334e+00
5.743861052064924699e-03,4.281875945982467797e-03,-9.797500648213848251e+00
3.558776499792254498e-03,-6.682712969905814024e-03,-9.792108767814648118e+00
-5.063820827428698384e-04,-3.726904051058430121e-03,-9.798114142689314576e+00
-2.055555760384720175e-03,-1.575374780593203402e-03,-9.793029243449101529e+00
-3.347883178581161426e-03,-6.836010609298422483e-03,-9.795131157753274920e+00
6.403605125884039018e-03,-1.272545002710217914e-02,-9.800486156754582012e+00
8.129621030420473501e-03,-3.035696673176257413e-03,-9.800354285510042729e+00
-3.554240697763729785e-03,5.527171843670180586e-03,-9.792714076029021442e+00
-8.266547449793204376e-04,-1.963684240333264837e-03,-9.789745874122557368e+00
-1.702739426659363210e-03,-3.455672559020869219e-04,-9.795660131406123128e+00
3.370600300639553255e-03,-1.070986780354190628e-02,-9.790128932482327073e+00
3.581338198140762794e-03,7.789654110300626945e-04,-9.795159472747062779e+00
2.898043253986887398e-03,-9.579176766381593180e-04,-9.789084638188089826e+00
7.823052704698777240e-03,-3.306665844025889409e-03,-9.797622324485974588e+00
-4.497423536258864964e-03,9.611212380292296839e-04,-9.793027297964675526e+00
-3.894358450846766712e-03,1.719220604475764618e-03,-9.798599240359715523e+00
-7.909590545262986869e-03,-5.181560094836481535e-03,-9.797694971826173216e+00
5.064578857234419001e-03,1.408188044441374513e-03,-9.796697827477430565e+00
-8.121074243999952449e-04,-1.748223398905153405e-03,-9.797221702397477472e+00
-5.483418297736111910e-04,-8.264893210307305577e-04,-9.798660081051638215e+00
-1.036126963739099870e-03,-7.509721106369837001e-03,-9.787242122335241490e+00
-1.191185548942110288e-03,7.392335857896929589e-03,-9.803491519696093448e+00
-2.235951911524834798e-04,1.534739343120724783e-03,-9.793073604155505762e+00
4.142247116089409729e-04,5.568119155507739344e-03,-9.797866533753552432e+00
1.218032225383477475e-02,5.067415359710942917e-03,-9.796838155674500115e+00
1.664765779412494522e-03,2.502340942937621680e-03,-9.794827636344393795e+00
-1.948967075806404790e-03,-1.037059831828483162e-03,-9.789874479669602891e+00
-6.068617044566268319e-03,-3.389060679403556146e-03,-9.789374345471680172e+00
9.242427059192084501e-03,9.808260175734001638e-05,-9.795310163592970909e+00
4.092981106560149469e-03,-1.012527509832086663e-02,-9.803940011634802332e+00
-8.297532415388056892e-04,5.208118082450910111e-03,-9.797862756686416930e+00
-2.559907879221392461e-03,-1.673131102273458593e-03,-9.796871338312580946e+00
-1.992514686559410369e-03,3.179031903446565520e-03,-9.798701814619322548e+00
1.198068608594828445e-03,-5.916471447228294732e-04,-9.800465104435247099e+00
-4.620465912913129781e-04,-7.358290342204789648e-03,-9.790556623017145910e+00
1.659128882938868451e-03,8.828132582722398366e-05,-9.798120247050468024e+00
4.161882467885080067e-03,2.226525225011166415e-03,-9.793745832275934760e+00
-2.607680553619419537e-04,2.409885012112430482e-03,-9.795891475909812129e+00
-1.670826585444669778e-03,-4.356673302896806738e-03,-9.805499221346082095e+00
3.693729316350566165e-03,6.995102697037930417e-03,-9.805541864804434127e+00
-1.863272531453236255e-03,5.630699252597366061e-03,-9.790584347437986779e+00
9.696368263656829790e-04,7.619193445202219507e-03,-9.792579447899898426e+00
-2.998352258065627163e-03,-1.941641326592244161e-03,-9.788896768466830878e+00
-2.284656263555492027e-03,-3.229643747454101791e-04,-9.792861454376309283e+00
5.352762730884867877e-03,8.881636880558189994e-04,-9.784022387730519910e+00
2.478135291530831068e-05,3.787557362935824613e-04,-9.787584503680694326e+00
1.519866546838341678e-03,-2.964857131904166838e-03,-9.794027145225696174e+00
-1.930857189508681983e-03,3.714013128759499106e-03,-9.790824660593985485e+00
3.360974745371448236e-03,3.685449177974503554e-03,-9.801968283116371694e+00
-8.399672124007611859e-03,-3.217910869093482118e-03,-9.792568887091926300e+00
-2.648384046016856279e-03,-3.733332856913926766e-03,-9.798391004659313452e+00
6.880531433169839901e-03,2.633342055229214752e-03,-9.792840417884020709e+00
1.148129032304534818e-03,3.252741185096579956e-03,-9.801035725542000421e+00
4.067089144501547307e-03,-3.783593637879454144e-03,-9.798626494833762024e+00
-4.476381544730741180e-03,2.396374254478487922e-03,-9.785642965429373064e+00
-9.344211184197287468e-03,-8.659772676218606760e-03,-9.799778464168845460e+00
-9.689647214719147644e-04,-2.286102533809146985e-03,-9.791728330047124729e+00
-5.710343883108421996e-03,-2.240850032190770842e-03,-9.794443589387208604e+00
2.578371646071804871e-03,1.527082658498053747e-03,-9.793546501273484139e+00
3.140360326497773722e-03,-4.126066788162741084e-03,-9.796008946696538544e+00
4.535440840472988039e-04,-9.645026342682322309e-04,-9.813818699020558256e+00
-2.765379981865984885e-03,-2.045115431780778793e-03,-9.790355431162204525e+00
4.630613519431240645e-03,-9.577593931114044071e-03,-9.791436873612530789e+00
-8.312561056720114278e-03,-3.776023971371964515e-03,-9.796927195746656380e+00
2.469429350382315157e-04,4.925681016932281428e-04,-9.789691218183870447e+00
1.424534829864714360e-03,-4.950693513168286011e-05,-9.794238563770433004e+00
1.119287494974315718e-03,-1.623021560207971907e-03,-9.790282680942713256e+00
1.031500616707206955e-02,8.673738145151555987e-03,-9.797263320252083574e+00
-7.986464611336578992e-03,9.559521866157360756e-03,-9.791757959430711367e+00
-1.308351714496486197e-03,-3.066068131903587363e-03,-9.790002126570620078e+00
-9.243457418784282922e-04,-1.334725685049405891e-02,-9.805902639480086336e+00
4.710939901228705846e-04,2.348772860630622163e-03,-9.791884937759112617e+00
-6.425794871343832888e-04,7.046491773809460948e-04,-9.789160948077356039e+00
5.105410679685092826e-04,-1.339224332637317140e-02,-9.784862919824375282e+00
7.719080841204492907e-03,1.923001143858558883e-03,-9.786894153009074060e+00
1.654714786996292408e-04,7.461360845465658635e-03,-9.806603499663504309e+00
5.370498296171970221e-03,-2.066722693626548996e-03,-9.792845236479260862e+00
-1.502243880080337927e-03,2.108203581975580474e-03,-9.797278876387080615e+00
1.119780802259929230e-02,-6.362569880989374978e-04,-9.795081678678174697e+00
3.909288218355232679e-03,2.506999378959279094e-03,-9.799679101072111820e+00
-8.008237193595184669e-03,4.421964267495140204e-03,-9.792361545108370535e+00
2.694087838923498769e-03,-3.604632658121015559e-03,-9.798535922673071497e+00
-3.975596716511231067e-03,-9.896375797434809815e-03,-9.788272910802019666e+00
8.601550841236946980e-04,-6.947434211641827922e-03,-9.792849510358713871e+00
-4.474320893251404647e-03,-8.059462565475497900e-04,-9.793473296168111020e+00
4.315275348905787869e-04,-3.980483531644565982e-03,-9.792873568528674966e+00
7.614438567273898277e-03,-1.155869118363461083e-03,-9.793687248462832784e+00
5.129261790950512961e-03,7.160857783278516339e-03,-9.793817751264960236e+00
-3.429943797302241124e-03,-5.334268038639082901e-03,-9.796381054095329333e+00
-1.404748040228547641e-03,-3.400680295861920575e-03,-9.792896584161969287e+00
4.884880569949582620e-04,-5.848571250998762031e-03,-9.811107475054399174e+00
-7.909158422355148585e-03,2.100874051549436565e-03,-9.800507613339783930e+00
1.312289132439233095e-03,2.852482081445935434e-03,-9.790798502237166190e+00
-8.737292108518324770e-04,-5.858254285050447895e-03,-9.795485855843718781e+00
5.852275710637093106e-03,-1.253585928181352380e-02,-9.787313483866755703e+00
1.288724729400869554e-03,5.668238822943472187e-04,-9.790573825443900091e+00
6.244393432646666749e-03,-3.717258896534385119e-03,-9.803473778865024357e+00
1.800781906279941931e-03,-5.510682292282767687e-03,-9.794578482381542273e+00
4.084524393344451595e-03,-4.749367073327431799e-03,-9.799616237156554277e+00
-6.079065990024189181e-03,-6.351461967207034168e-03,-9.796234454460931218e+00
1.267871892842984717e-02,-5.639274645422646427e-03,-9.797035617621647319e+00
-3.271656199170292195e-03,4.552068798422729233e-03,-9.802421402812541373e+00
-4.157039629934174661e-03,-2.267758929177826621e-03,-9.808505452685871262e+00
4.754348389265481215e-03,-9.315490847568685647e-04,-9.785002697517422021e+00
5.545279502720549397e-03,6.990905792721045439e-03,-9.789767519368496096e+00
2.403996501270890072e-03,-1.100028937054682750e-02,-9.790832197723768004e+00
5.722735292521481491e-03,-7.061945677606611474e-03,-9.797965306737998148e+00
3.970912210460691462e-03,8.337340462406157143e-03,-9.789582683504994165e+00
-5.543859213421437580e-04,-4.229532125290018309e-04,-9.799882467142722930e+00
-1.340772348465838490e-03,-1.684253143151616785e-03,-9.790567843430794781e+00
-1.696108755285984570e-03,-4.341646258229758110e-03,-9.796841823248991332e+00
-3.180277821485816454e-03,-4.118463235815596375e-03,-9.802075695329465432e+00
-4.945130054955671362e-04,-3.141951753166865712e-03,-9.795449810084042142e+00
8.497055642776796952e-03,-7.093599129251132278e-03,-9.799487527048993840e+00
1.581420337293595185e-02,7.894654693278973373e-03,-9.787632743455802142e+00
-1.744053202560913538e-03,-9.263464913029949288e-03,-9.797055628288589446e+00
-2.108154177111212085e-03,-4.380684969828419102e-03,-9.798587953447004395e+00
-5.395068836465231540e-03,3.081760227371488185e-05,-9.795134491906829055e+00
6.842819128454467534e-03,-4.958174210987774215e-03,-9.797045617835218323e+00
9.732325552874832725e-03,-1.036046548065297154e-02,-9.792239840387265915e+00
-2.398305801303505201e-03,1.750773046699858129e-03,-9.793102155208352144e+00
4.190908309309964927e-03,2.977024815108314819e-04,-9.796012971474858944e+00
2.069471361548938168e-03,9.040565791642709908e-04,-9.787097056950656793e+00
-5.678811741217995590e-04,-8.388814518683247474e-04,-9.787528742139819826e+00
-3.928755032013392726e-03,-8.637048481162613259e-04,-9.796625508173006480e+00
1.105923708153898127e-03,4.081185355576557108e-03,-9.795488339580744608e+00
5.442261229395802154e-03,1.406482774688549119e-03,-9.803596590163932589e+00
-1.352585059163039817e-03,3.007299571591779287e-03,-9.800331249210708862e+00
6.682241521674228723e-05,5.185011921369228963e-03,-9.799608259678260325e+00
-6.412185650456974674e-03,-5.717667034207927351e-03,-9.790008313765349968e+00
-2.904606944935887031e-03,3.522082191510278503e-04,-9.793667056022693274e+00
5.318548581218990670e-03,3.910396184574701887e-03,-9.793315099008401248e+00
7.174262736786477142e-03,-5.040328949553337171e-03,-9.799525698748206892e+00
-3.625490755864287703e-03,4.790043562057947832e-04,-9.791958882556400567e+00
3.961315308546686439e-03,-5.524741302854838110e-03,-9.798203142782361041e+00
-4.273149453217247110e-03,-4.513114630295893097e-03,-9.792119321657358100e+00
2.175553088416141805e-03,3.935480263473357379e-04,-9.803244584789080562e+00
-6.515447017393902239e-04,-1.082774482049166792e-02,-9.801804761722445747e+00
1.917751486016632846e-03,1.913465252797751310e-03,-9.799841893733555409e+00
-2.809707649617795841e-05,6.302908956414013386e-03,-9.788458318739536423e+00
9.052383790409586090e-04,-1.466130077280286721e-03,-9.790976196437000567e+00
6.667965213296823436e-03,-5.177698004510247537e-04,-9.791964264956039443e+00
6.965659538977049753e-04,6.633128300110939859e-03,-9.793450283466340167e+00
-8.192616809325415500e-03,-8.179288782087247231e-03,-9.799681434386871004e+00
1.075900399469265599e-02,1.408444318827601488e-03,-9.805533000141711142e+00
5.247716953423028387e-03,-2.680586261851558225e-03,-9.792520062595796659e+00
-8.480746223725221453e-03,-1.506217879336892163e-03,-9.797760470865304328e+00
3.741471498307875117e-03,-4.855256335342963102e-03,-9.790347946265164580e+00
8.153136663214075736e-03,-8.835444780714377935e-04,-9.796436027477978925e+00
7.697389784317994026e-04,3.003658018027226609e-03,-9.802928790037702456e+00
-1.391473451511090727e-03,4.362953374717326756e-03,-9.790521716475426572e+00
3.606110975894043138e-03,2.013548675683649643e-03,-9.798168214272806154e+00
2.162546834081892095e-03,-1.453563506177083658e-02,-9.795130149160865329e+00
-1.598071342100356677e-03,1.158361522863505643e-03,-9.797080196812265385e+00
-3.472144587586433861e-03,-4.031806415353651404e-03,-9.793395064713372733e+00
-4.569978385890505028e-03,-3.487908155205407187e-03,-9.792409643807216568e+00
9.603135377716303170e-03,-3.606362709091372968e-03,-9.791412516370419539e+00
-3.249558977464948872e-03,1.845811304537756277e-03,-9.796208421675418165e+00
6.150965091829877461e-03,-2.321249262066667034e-04,-9.791461661887391088e+00
-1.055272478820428080e-02,-1.541681837191906553e-03,-9.786404646548708897e+00
4.409790851200268494e-03,3.610456196672452364e-03,-9.799077289491885168e+00
-8.307196470184598919e-03,-9.734596390173346631e-03,-9.789583565336904769e+00
5.763838360685434939e-03,3.839623335157656310e-03,-9.793770732889173658e+00
2.367820057733792491e-04,-3.283522900432362442e-03,-9.796550589220922589e+00
2.191715226930433975e-03,1.481424118178108424e-04,-9.791875479150576211e+00
4.704502988482528632e-04,-2.724833760529878079e-03,-9.800977991233837727e+00
-7.815821655697946166e-03,7.209920909668124551e-03,-9.802414451558746578e+00
-2.403243815260156912e-03,1.081939440649042940e-03,-9.800387423363993378e+00
6.316080864450489014e-04,2.462451546623100999e-03,-9.803918428394421625e+00
4.760933930845873650e-03,-5.691966172499532579e-03,-9.803869164098509614e+00
1.495769873976887047e-03,1.240926989892257061e-02,-9.796869162339683967e+00
5.924630169355348495e-03,-5.238253312608246587e-04,-9.792485461347768094e+00
3.037929402740152836e-03,-1.221820955050309521e-02,-9.790183560008149044e+00
6.215057992417234289e-04,-2.086951222129881846e-03,-9.795320684155740310e+00
1.751721403697163726e-03,-4.855782091645201304e-03,-9.787510140007400494e+00
-5.726680348258029671e-03,-8.392881656832022405e-03,-9.788699626239488083e+00
-3.017417111273091104e-03,7.503017682240003053e-03,-9.795040494198850922e+00
8.182043662233590836e-03,-4.448845275057965870e-03,-9.793379622329403844e+00
-5.450365204683281159e-03,-4.457209384524889531e-03,-9.791724484011965046e+00
-8.479085368853059995e-03,2.346667147516116273e-03,-9.798185295645602366e+00
-6.667756093243147305e-04,-9.696873114018933135e-03,-9.795876936376620492e+00
2.194789481963106519e-03,3.632472303076815685e-03,-9.791067263943098453e+00
-3.279340434305564114e-03,-1.478274095715221680e-03,-9.792300153526973361e+00
-6.559563610864079831e-03,-5.496384108041277305e-03,-9.798271094932141878e+00
9.385324444525255591e-03,-1.005023508782092049e-03,-9.796968604454285412e+00
1.387198323190496144e-03,-2.494205047561608504e-03,-9.794441243810270592e+00
4.760112501920965231e-03,4.591390158880179727e-03,-9.797739083091590473e+00
-2.664280096242395771e-03,-6.915196199607168007e-04,-9.790235637792987333e+00
3.249216991781256163e-03,-7.037513873550518611e-04,-9.804453632921568129e+00
7.127906066637047268e-03,-3.456783624407235717e-03,-9.799847495641907713e+00
-1.593584804536224582e-04,1.806449420657684803e-03,-9.798670825404780516e+00
-6.464511535329738046e-04,-3.629380044398674600e-03,-9.793061245752843647e+00
-1.939918680370548206e-03,-1.295737581852905718e-02,-9.794435548295314931e+00
-8.227644011647312558e-03,3.661011648908411853e-03,-9.800362583419245155e+00
-9.283356338812749978e-03,-5.543518939897318712e-04,-9.801649578485555736e+00
-1.198368541019550169e-02,1.150380520688515373e-02,-9.796001914624413942e+00
-6.131117051746027766e-03,-3.101686897463847795e-03,-9.791875825087897667e+00
-1.506742946348220424e-03,-1.110551221185030260e-02,-9.798545288657106056e+00
-3.026475785213577361e-04,4.156445627193708359e-03,-9.802558854949268152e+00
7.622442760485529691e-03,-3.322082124870955663e-03,-9.797293043738758200e+00
5.750955361976935708e-03,-2.461977412077597047e-03,-9.799184620143014612e+00
-1.110574082335542920e-03,-5.121316462631598284e-04,-9.794235995383475668e+00
1.449095402208533910e-03,-2.844111927146660956e-03,-9.791869945433314015e+00
3.490526214381051411e-03,-1.377513147815226987e-03,-9.798561684907360458e+00
6.339108596783485025e-03,9.136829500651592190e-03,-9.789697548424115325e+00
-1.165849841344982016e-03,7.335995022462510687e-03,-9.785518537555889296e+00
-5.764120133032518342e-03,-4.384195436241830005e-04,-9.791766077954221714e+00
-3.486049917748120950e-04,-3.328260995074550956e-03,-9.802922615992303079e+00
7.219839315944144575e-03,6.604973203612030976e-03,-9.791742431940539504e+00
8.907371507414489522e-05,-4.408420107179192304e-03,-9.791724703263811946e+00
3.020245537244304994e-03,-3.178860502810134281e-04,-9.793296241680014447e+00
9.460385446541290030e-03,-6.235908731488718632e-03,-9.793771623636512658e+00
3.329250356509364742e-03,3.755204899490783774e-03,-9.802787602134513278e+00
1.446930968105720940e-03,-1.200656556009428375e-02,-9.800649396715821027e+00
1.033815331434390777e-02,-7.746458373142128644e-03,-9.783370841762277337e+00
1.053022105859794484e-03,1.063752789981000160e-02,-9.794443963552602384e+00
-8.170769112828950645e-03,-1.490414948641904241e-02,-9.791942109997462396e+00
3.672616241507330268e-03,-5.141651648432064674e-03,-9.794857400706405315e+00
5.057649723018594647e-03,-3.581416596490642930e-03,-9.808978662121326408e+00
2.117051485943199744e-03,2.873385124212274148e-03,-9.802960324721103902e+00
3.972527906339279671e-03,3.252772769967301417e-04,-9.793066215478097192e+00
-7.631052560989464448e-04,1.931761699456665485e-03,-9.798711558468138350e+00
1.627305648584270173e-03,2.234892245499342685e-03,-9.787013478895746132e+00
9.022386489065302440e-03,2.164402404245001355e-03,-9.798527669431893017e+00
-1.903261051974868045e-03,-2.028333266126176003e-03,-9.800944892652353246e+00
9.452016391304097348e-03,-2.273149659438295118e-03,-9.800537948152053147e+00
6.013775978007240147e-03,1.324238207712136054e-03,-9.794548313335726064e+00
2.000350949636747408e-03,-4.569093229110235757e-03,-9.801027678233262819e+00
-5.813395569259321820e-03,-6.175367183906448412e-03,-9.783677372474336664e+00
6.780226892565567771e-03,-3.668995798802438240e-03,-9.790226232753088453e+00
1.011059422058560413e-02,4.388477170737040828e-03,-9.792483992286944883e+00
-1.365864795098151001e-03,-3.124601454179949146e-03,-9.797567385681784202e+00
5.338446742679503997e-04,2.325059664804712996e-03,-9.790693087663557392e+00
-1.007965506669090787e-03,6.543194488960440286e-03,-9.799268138743022050e+00
-4.805551366618204465e-03,-1.180380930932165180e-02,-9.807566617360265582e+00
-2.354214057318922647e-04,2.437648659041611807e-03,-9.786220501633392743e+00
-5.762306828620606183e-03,-1.417690425603054848e-03,-9.790215452060404999e+00
-3.180053235267207151e-03,-1.852306417744255815e-04,-9.792490852449308392e+00
-8.299062255943720490e-03,1.142177472320749648e-03,-9.792186811130244806e+00
-1.113598731996492432e-02,2.323953723987681134e-03,-9.792138930719664458e+00
-2.848233796802371407e-03,8.181460490086719245e-03,-9.797676906250501361e+00
-1.667948949518451105e-03,-3.318469822448169137e-03,-9.792979006354919136e+00
2.651683215640325639e-03,-1.842989374510697366e-03,-9.795366416814420774e+00
3.740895289446119140e-03,-2.778439567600989382e-03,-9.800487548997018905e+00
-5.901751231763971949e-03,-8.760352504911382565e-03,-9.791122550511484945e+00
-6.806954733041453535e-03,1.812797141968624029e-03,-9.793654420336279642e+00
1.843052541837120282e-03,2.062103659285270934e-03,-9.793660940706470086e+00
2.629761943351095147e-03,1.130859856676028627e-03,-9.797592470751009586e+00
-2.952748438398672664e-03,-9.899961863404662093e-04,-9.795653935359210251e+00
4.208902812571357031e-03,-6.543044249416709104e-03,-9.792685920275072675e+00
-7.098098547930298957e-03,-2.460150732553837392e-03,-9.796539060987258907e+00
-4.832613243847451272e-03,2.155590036320650677e-03,-9.799128368785842369e+00
-9.416660271627963485e-03,2.572533483674685918e-03,-9.795814257974809536e+00
-2.248167068540439083e-04,1.224991365037436664e-02,-9.799459644887107856e+00
6.655823185000481895e-03,7.126438612270624522e-03,-9.789104494644023546e+00
-1.890643562256715590e-03,-8.093034135706193496e-03,-9.801262143247653214e+00
-7.913517680646776908e-03,-1.036903172159403530e-03,-9.794634135205765091e+00
-6.491160535333857264e-03,4.397705579586753824e-04,-9.791821483275851890e+00
6.738158508274249246e-03,-5.670222736286562254e-04,-9.798064169700284154e+00
-1.126191913595802003e-03,-8.941023564890109715e-03,-9.791118802701069157e+00
-2.773607954929390752e-03,-6.194648308108351847e-03,-9.797188420499111317e+00
1.372709592773054856e-02,-9.398641381355736166e-03,-9.790677072288081817e+00
-3.429818746906280590e-03,6.001728303747946511e-03,-9.792035164314699003e+00
-3.825932344962471986e-03,-1.333953082997466457e-03,-9.786678776130301571e+00
-9.191183375218028861e-03,2.054474109609033799e-03,-9.800533704578377581e+00
-7.247494913869044833e-04,1.519043979640749900e-02,-9.796781140158094203e+00
-4.350106773180608365e-03,-4.914743090323363435e-03,-9.793845279977025697e+00
-8.843615521497302789e-03,-3.069484213962941042e-03,-9.795645214795737132e+00
-4.639476261850220343e-03,-7.906645304533546290e-03,-9.802027098148526463e+00
9.515309849772057849e-03,9.238677566166728777e-03,-9.793564282688834055e+00
-5.573681473017407829e-03,9.450888198536599658e-03,-9.801726628021391718e+00
-4.420656346379567628e-03,-5.576039097324911667e-03,-9.799831214742642516e+00
1.036809692384735564e-03,-5.636050899951107647e-03,-9.793915414307507561e+00
-2.758407602483023587e-03,4.860170744937340357e-04,-9.790145155175910219e+00
-2.277442060849346143e-03,6.227886256478854833e-03,-9.788923246328630867e+00
-1.395789722440038492e-03,-6.754676190184629586e-03,-9.803866883787872410e+00
-4.670338421903802266e-03,7.875328520415132011e-03,-9.798243840874587107e+00
5.378169682741846917e-03,4.085454313817271296e-03,-9.799510166224086660e+00
6.035894075709826709e-05,2.649470842955603013e-03,-9.793411673792990157e+00
2.370593525431770841e-03,-2.673970989787607250e-03,-9.793221329537521669e+00
4.293728614722555972e-03,-3.996190470172946742e-03,-9.793922682164112103e+00
4.791644611749776121e-03,-8.899129357336348425e-03,-9.796813040177669407e+00
-6.448941099893005895e-03,-1.074122312688817991e-02,-9.788523539563815490e+00
-6.972256897092431616e-04,4.478140254373629827e-04,-9.791428662052698684e+00
4.992263508285829481e-04,-3.882890395517547485e-03,-9.789315152582041435e+00
4.867225861853127799e-04,3.045973310167153243e-04,-9.795016276293926794e+00
7.293379487583496155e-03,3.586836069008628386e-04,-9.794905745149877774e+00
-1.457849560026618779e-02,-2.890917677048512099e-03,-9.786222346601249455e+00
3.613384562638290750e-04,-1.199265034194327458e-02,-9.799677551545993737e+00
-9.317001615628898656e-03,-1.217358948052609923e-03,-9.783392349510220853e+00
2.805867785020465599e-04,3.079329286267912160e-03,-9.784631036223517597e+00
-9.354741330002259644e-03,4.685347399014791990e-03,-9.789542752403121995e+00
-4.604285387160665134e-03,-2.018133642745226913e-03,-9.794916068039192680e+00
3.773625060321507407e-03,-3.436974453201847662e-04,-9.792941350588575844e+00
-4.411300336773981041e-03,6.894507254659589662e-03,-9.794439174135741055e+00
3.559750633537331083e-03,2.351741281532591585e-03,-9.803878248617342805e+00
-9.784043359502173770e-03,-4.369145843648673984e-03,-9.792104538191232166e+00
7.429172186947025948e-04,-2.858941457375150166e-04,-9.798582446815540692e+00
-1.285661806657283296e-03,2.017763903241827795e-04,-9.802064549249584147e+00
5.441368203025035398e-03,-1.144703216937514000e-02,-9.798924560302166853e+00
-2.728771577802470861e-03,-2.660945668651108070e-03,-9.794707792456671669e+00
-2.013791638831069226e-03,-3.976575039791513388e-03,-9.790112776949966289e+00
-5.953308360978968976e-03,-3.720122038374489427e-04,-9.798527218046579890e+00
-1.218309005197053610e-02,-6.126126410049880303e-05,-9.806297896485018484e+00
-4.124263301136267372e-03,1.050050666028928131e-02,-9.797331774219694367e+00
8.884985832422778035e-03,5.132158670473754153e-03,-9.791163570529521465e+00
-8.127610545769046882e-04,-1.217498652928097197e-02,-9.789348501111543754e+00
-5.119607843892821052e-03,-6.114606797710004250e-04,-9.793636317017934800e+00
2.576312590442940507e-03,-1.513622313375242914e-03,-9.802282515243975425e+00
-2.838438241504136553e-03,1.194790576353189611e-03,-9.795875313171086063e+00
9.809169367766469583e-03,-4.319937195668054064e-03,-9.789187285446766751e+00
-1.045384060865125770e-03,-3.148101310429937769e-03,-9.797234289635245119e+00
8.333214838153722021e-03,8.199991282150120332e-04,-9.786498256349847935e+00
2.967175566157559266e-04,-9.743666243249659133e-04,-9.792202009537946950e+00
5.457653569912809463e-03,1.968133048222680138e-03,-9.793528740083333517e+00
8.160348092185422050e-03,-1.054669422978322339e-03,-9.792689529071088472e+00
-3.672833449989349516e-03,-7.838047700421770826e-04,-9.799323171906905827e+00
-2.375295167039713257e-04,-4.545649183868329113e-03,-9.795602814068026021e+00
1.139365318248334680e-04,7.091330790380618448e-03,-9.792828870487410242e+00
-8.289872041398901881e-03,8.741872074143077452e-04,-9.789838010669924984e+00
9.355198947440468427e-03,-1.688934428359804667e-03,-9.796548114858156353e+00
-1.472339589445648784e-03,-4.240180670853838270e-03,-9.799048352205581125e+00
1.085023804023395018e-03,2.904818063337509483e-04,-9.793338455196460401e+00
-1.171509116481852381e-02,5.360417000167440197e-04,-9.793795746640544309e+00
-1.552028555113102405e-03,8.117749953380127073e-03,-9.800906365353045047e+00
-3.148410769667532322e-03,-1.045378902026084487e-03,-9.795570047065401909e+00
-3.945958328754222040e-03,-6.097884067707729644e-03,-9.797633709978276428e+00
-4.890169166879643550e-03,1.610583579073069293e-03,-9.798011681199705336e+00
-1.635692654655625721e-03,-2.862293780909238444e-03,-9.795637103564496684e+00
-1.642099229191284386e-03,-5.124013842683447506e-03,-9.801537913812769176e+00
-1.500433149057385810e-03,-1.048043723263044312e-03,-9.791556404378217948e+00
-4.459004320519152913e-04,-2.339014015372632791e-03,-9.790841205869583064e+00
7.195526331147066197e-03,1.973421923597389917e-03,-9.795789865260564611e+00
6.564675523198609504e-05,2.857319356836278933e-03,-9.789189289089883061e+00
-2.030075475735262491e-03,-6.935267678370790482e-04,-9.785966107940469172e+00
-5.983692728089609093e-03,-2.494115722546970046e-03,-9.791307992263291737e+00
1.142232829955678805e-03,-1.024773383086325859e-02,-9.792137807908861902e+00
-2.035383272356202245e-03,-8.363010573080765933e-04,-9.787291670498994733e+00
6.628996279043060207e-03,-6.350828921377450233e-03,-9.792923233928094717e+00
-2.374223273964053225e-03,-4.803228708860886320e-03,-9.793489715656876982e+00
-1.688599330335589441e-03,-3.030388193940762500e-03,-9.788644082442425898e+00
-5.539275388256788453e-03,-6.552740581994650863e-03,-9.801495136259816832e+00
-2.296593357769724422e-03,1.114930445618064455e-04,-9.790668565185475458e+00
2.184739518592675091e-03,9.585605395030746042e-04,-9.791261468362034037e+00
-7.911779980836893336e-03,-7.677459603517809705e-04,-9.797709312975600326e+00
8.130886815795081157e-03,2.118413348603415212e-03,-9.797150472979730296e+00
1.210454636746299828e-02,6.040254243610941425e-03,-9.795141948932636566e+00
-1.314361198902963112e-03,-1.081338311223560208e-02,-9.792107296121677962e+00
1.359417584241800472e-03,-2.132007848737407394e-04,-9.792773549620514828e+00
-1.687546050413654209e-03,-2.928450271196509237e-03,-9.793797718958851206e+00
1.196103147051493301e-02,5.325556301031944334e-04,-9.796920792746981022e+00
1.458018686698417474e-03,3.233860918668398157e-04,-9.795834533881478734e+00
-1.364718507095423819e-03,-2.983986858130554566e-03,-9.789765609334612151e+00
5.630112271149351720e-03,8.384732480402341814e-03,-9.793684091409483372e+00
-4.621262379904008538e-03,1.227409395122975189e-03,-9.793591782821485126e+00
-1.259258608236554777e-02,-3.475383553498440081e-03,-9.796851056649135359e+00
5.778631863084878091e-03,-6.042465346639382465e-03,-9.800766486571188096e+00
-1.863887791680799528e-03,-1.503140293005357639e-03,-9.790959284411432151e+00
-2.043369485433898331e-04,-5.459362514678255248e-04,-9.793944846815561434e+00
-9.846880706480102305e-05,-2.306711354503694980e-03,-9.791132044818796842e+00
-7.916485748683655885e-03,-6.637387425052639588e-03,-9.793644052696091507e+00
-4.163520944338478490e-03,-3.530167628539424354e-03,-9.782796077319641626e+00
9.903999874891549968e-04,-7.906495825648819642e-03,-9.788483450428083543e+00
9.836187336869334219e-03,-2.528909537298185736e-03,-9.795332560565888969e+00
-1.468956770789542690e-02,-1.004908321210166858e-03,-9.799697569027824073e+00
4.965260843429584840e-03,5.876165766532808615e-03,-9.794708234405307579e+00
1.208269003795609973e-03,6.606036077148649257e-04,-9.797810981486925641e+00
-2.966880011678755917e-03,2.306099799836674145e-03,-9.793219700003781725e+00
7.242463264274599799e-03,7.145820993094857861e-03,-9.805220435500398679e+00
4.115327776571507841e-03,-2.187820275016154857e-03,-9.787100728147251516e+00
-3.591690585050856532e-03,4.308764689114286985e-03,-9.791628626344508035e+00
-3.868586832735847105e-03,4.050456086217171445e-03,-9.793222468109759049e+00
-4.382614317899409875e-03,-8.223710369159408298e-03,-9.793462283543970415e+00
-3.921687106856453463e-03,-4.285651711830595033e-03,-9.792907336991776290e+00
1.285927033682320204e-02,-2.319067789456423154e-03,-9.797637975072259309e+00
-6.232536610050158285e-03,6.854778920304771365e-03,-9.796901412584801960e+00
-1.214451143896611929e-03,-7.599422778783686402e-04,-9.795050157920869083e+00
-1.991385481181353039e-03,-1.655139006684939193e-03,-9.796223500182765775e+00
-3.470858972381519331e-03,1.019781609729863156e-03,-9.785498447704608083e+00
1.791527689672427030e-03,-2.895038080574794184e-03,-9.800852270778060316e+00
-6.834166255982336916e-03,-3.497670239780621606e-03,-9.798002802039016856e+00
1.100735051003893204e-02,-7.607115835252449901e-03,-9.798529546732746454e+00
1.517656648769690614e-02,-5.395532236661127953e-03,-9.802114188684559082e+00
-2.353833937731731728e-03,-4.268116525329821928e-03,-9.787081725097273477e+00
1.909556629118583154e-03,5.464310813419010100e-03,-9.785309434250622829e+00
-4.215053688142345045e-03,-1.681848271025371093e-04,-9.788089401718515603e+00
-5.659618588841301180e-03,-3.949955588561316656e-03,-9.797118511564011811e+00
2.516771919439377177e-03,-6.633491920443334439e-03,-9.785557829471200009e+00
-1.455346001951345275e-03,2.331654701660447904e-04,-9.801630758263419452e+00
-1.722284020776886212e-03,2.755984219583371402e-03,-9.789823740298718491e+00
-7.559762742784992620e-03,-3.044367324921749308e-03,-9.803146695242690001e+00
4.536371619384397917e-03,5.038733153061122905e-03,-9.790208220270271156e+00
4.167741201513538475e-03,1.689148655876171641e-03,-9.797311455655624002e+00
2.896443541781540485e-03,4.703220630478654671e-03,-9.789970347534787010e+00
-6.702543473483341986e-03,1.302177979652525616e-03,-9.791248977493486549e+00
-1.099476733497938181e-02,-4.042623643200460304e-03,-9.790318022479675975e+00
1.631047094406560746e-03,1.720246364303361277e-03,-9.799330726280107484e+00
-1.210058530708143197e-03,6.781991195247735749e-03,-9.795779042759839683e+00
-6.100826835376279601e-03,-4.402799539665702526e-03,-9.792892679432711134e+00
3.526956916904815456e-03,-6.596793457169406599e-03,-9.791034256224213195e+00
-1.299480447098621356e-03,1.548026532370000603e-03,-9.794647836984095690e+00
4.844564892199061147e-03,-4.883779012286719803e-03,-9.797423380511510516e+00
4.655725461192493364e-03,-1.873787897811557109e-03,-9.783217995720127291e+00
1.853300258790305157e-03,-6.925498326761392884e-04,-9.791138921863261402e+00
6.077654425706332207e-03,-7.896758709322784786e-03,-9.787466329280789523e+00
-6.941097410660994164e-03,6.465915135584394437e-03,-9.796458010316605680e+00
3.620943875105206780e-03,-2.996745113964598920e-03,-9.797107286405710269e+00
-4.628138565252778568e-04,-2.969021439192162312e-03,-9.796271045577530145e+00
-1.575310877661853471e-03,7.307753704191869912e-03,-9.798476008252894331e+00
-6.421317923275189979e-03,7.152186622075623265e-04,-9.793195629063317753e+00
2.769999203843056027e-04,-3.124167619908303686e-03,-9.789709998201720609e+00
2.403301736729339909e-03,3.730651645581838181e-03,-9.800101340937368732e+00
-5.828146511751242272e-03,-4.137152513101571925e-05,-9.789579951443009520e+00
1.085375366812959923e-02,-5.324804400481050921e-03,-9.788455741342225735e+00
1.769662268701098018e-03,-7.067757589720635204e-03,-9.792916841634948355e+00
2.063419981730319798e-03,-2.466957432794560263e-03,-9.791137614665116118e+00
-8.690543721238687055e-03,-1.274505812476111125e-04,-9.787756522279531524e+00
-2.661243368213904881e-03,9.620333600942948191e-03,-9.788370319060419433e+00
4.362426551007902477e-03,1.203260045771854889e-03,-9.792690733891978638e+00
-1.405397926265416759e-04,-7.503062723258183174e-04,-9.795020256683796944e+00
