gyro_x (deg/s),gyro_y (deg/s),gyro_z (deg/s)
-3.166448699508560283e-02,2.911324431085099331e-03,-2.940265232003382717e-02
1.321250212946539077e-02,-5.204034678576559964e-02,-2.980201222166904348e-02
-1.030555548306606034e-02,-2.084978863649016023e-02,-9.986226512509119302e-02
-1.287001387655468607e-02,5.350925839081346891e-02,-6.245073583231618847e-02
6.749288325501703878e-02,1.603944646407624505e-02,6.290642439604565705e-02
8.448278575828940817e-02,-5.483081877919242925e-02,-1.040838935559526730e-02
9.434123506444182586e-03,-2.565579193484484460e-02,2.908602203538221583e-03
-5.858876056135921273e-02,2.715937455431236339e-02,-5.301473931655543981e-02
7.066789953608028883e-03,-5.763751687033250720e-02,-4.027225289940541963e-02
5.661534413104586660e-02,1.908250342947733630e-02,-1.761939383814555699e-02
2.447278121387750499e-02,-4.393101373160416406e-02,6.477515259979971241e-02
9.728249143594028172e-04,-3.787547687183191736e-02,1.747324075970780113e-02
4.519168205893406287e-02,-2.038682758965562267e-02,1.023591423358654251e-03
6.160950801691712081e-02,-5.163852283443173818e-02,-2.941871741936201781e-02
5.677576914296403321e-02,5.003820304664177709e-02,9.144967462629270336e-03
-3.241840581533930732e-02,6.370230817556321416e-03,-1.429760757697462123e-02
-1.699007476740807543e-02,-1.148894740534581356e-02,-4.993309452855626551e-02
9.422935073509933201e-02,3.202272618011271776e-02,8.035844373435113014e-03
-2.146908312941662664e-02,2.795548189557319971e-02,1.408064660145172398e-02
-1.802602373119252532e-02,-7.624798489792576628e-02,1.594530843756928815e-02
1.926681406842961977e-02,-3.662476651733904964e-02,2.154405486182937868e-02
-1.329637668153927678e-02,2.352698551363807331e-02,-1.253964402859603609e-02
-2.458300542547111819e-02,-1.110921235446034674e-02,2.915125382194917042e-02
5.759770194971707696e-02,-4.447285178115505111e-02,4.795672186861030944e-02
-8.700701574368138735e-02,3.349321898598504182e-02,-1.148270021546697328e-01
2.160420488035068309e-02,1.706337841561108432e-02,-3.721887771522270488e-02
5.085896564373791097e-03,6.020066030470802576e-02,5.737206789803039192e-02
-1.674013418766348224e-02,3.705835102662557046e-03,-4.598443669650850024e-02
-1.654296044944885552e-02,3.376192432221269274e-02,5.738722700579129005e-02
1.706818139002158619e-02,1.203773990997728839e-02,-2.150422152598974437e-05
-4.590962348381530389e-02,3.381705199899621983e-02,-4.040336504013771618e-02
-4.141297383244796348e-02,-5.512669931359562986e-02,5.279822303062202404e-02
-4.044251105729222001e-02,2.857731101179544417e-02,-5.356948185898672589e-03
-9.562521071597046562e-02,-3.291205774774708798e-02,3.783133696635167242e-02
-9.110311729825557037e-02,-3.632583612232786335e-02,5.003712049152216589e-03
3.118815105472391713e-02,3.384387126875875590e-02,2.855941828194632701e-02
2.826124936410764898e-02,-4.628952464669416206e-02,-4.020742799771873099e-02
4.121558108574229634e-02,5.891324469953918702e-02,-1.749315741675771044e-02
-9.522608977078416553e-03,5.200301922656645585e-03,1.192304961463931390e-01
-2.136546416773959026e-02,2.024075584979104225e-02,2.888815404092830857e-02
-2.259739189759821590e-02,1.426795972225625543e-03,5.173698888307421556e-03
4.750810152130586356e-02,1.027249209022927916e-03,3.145531982419711575e-02
4.162023708250738030e-02,3.648770439484506217e-02,2.215833778152115352e-02
-8.155408269253906772e-03,-1.581729126010730443e-02,-4.546752456920440805e-02
-3.902925488604026133e-02,6.079911623270466831e-02,1.946444480564040250e-02
4.020683709793569649e-02,4.355213057541530014e-02,1.202307027188188049e-01
4.211067289911912120e-02,-1.908828842839201123e-02,1.230835271279410309e-02
-1.528137700644742469e-02,-6.749722719614342781e-02,-1.004919247617972779e-02
7.227908873305757820e-02,-2.663882273693259084e-02,6.874003702810784454e-03
-4.071651071808297939e-02,6.449689894228607945e-02,4.448990666500916846e-02
-4.869820640258531487e-03,-5.859167642334321691e-02,-3.741460894171885071e-02
2.181306830910297381e-02,9.514197417717101812e-02,-1.621880973627955885e-02
-4.378786410911565674e-02,1.167228123711351595e-02,5.776315083174936998e-02
-5.788493801524607213e-02,-1.062027002344387849e-01,-1.874717740158901580e-02
1.097948218349645635e-02,2.261434152129345246e-02,-4.750953569921638475e-02
-6.468501375754572014e-02,1.856530971364515198e-02,6.136345966887913478e-02
8.056102293971760531e-02,-1.938236666291566490e-02,7.569335325414309167e-03
-6.504740373187681279e-02,5.592414327641655886e-02,-2.369014956168294384e-02
-2.819655319804746998e-02,-4.314424619410037881e-02,-6.160092615580127495e-03
9.856516973089735068e-02,2.314975373889145704e-02,-3.223877482597323207e-02
8.444271030251908339e-02,2.633243867009736269e-02,7.749605206154467317e-03
2.051329562709946000e-02,7.312304574057648145e-03,5.079376640212228400e-02
1.951357806677111659e-02,2.424783594395612044e-02,4.460867343289290354e-02
-2.974625538596983171e-02,-9.582751566971518808e-03,2.161169211029810924e-02
-1.203547431195662459e-02,-4.786822986855632928e-02,4.026215213041504926e-02
-3.872694763248086570e-03,1.254196716699123304e-01,4.236399641173559799e-02
-1.096969627476810372e-01,-7.052652167968805064e-02,-3.793868817011608607e-02
1.536489637654290218e-02,1.606678947831716164e-02,2.008113840304224032e-02
9.800492684027396414e-03,1.880863044387059632e-02,-7.017025474697073835e-03
5.794110511376272810e-03,1.104906493287947239e-02,1.682364907902014067e-02
-6.904863050642896793e-02,8.546860624581558222e-03,5.325586081008053772e-03
-5.081661776952094839e-02,-6.181354638714085976e-03,1.923465733516411050e-02
3.428423264887991290e-02,2.407740238207484174e-02,2.081514096694274049e-02
2.355066625667009972e-02,-1.636385551471399025e-02,-7.795937941975929208e-02
5.604417365029902565e-03,-6.313155390282325363e-02,7.254085438469888569e-02
-5.711280565169116197e-02,2.818890982911998432e-03,3.873884589542432588e-02
1.065657514725002614e-02,6.088050901034511991e-02,4.377734027286129398e-02
4.193152854711866551e-02,-5.502116077512394371e-02,5.654889120373899486e-02
2.403342725673584396e-02,-7.811929390923979394e-03,5.360656724233611031e-02
-2.516385038141128253e-02,-4.015491311211601133e-02,-5.525540988403037160e-03
4.564394435937077499e-02,8.087434800047322778e-03,-2.615578523184370480e-02
7.074111825493609174e-02,4.262665168797644122e-02,-5.629163170263162819e-02
-4.771579692734122247e-02,-1.935082014818866047e-02,9.008644171667006678e-03
-1.279592604075912264e-02,8.816758879059714837e-03,-2.380226951638888394e-02
-4.100207182567554981e-02,5.686588788332969102e-02,2.720990048020478780e-02
-3.501094841809049979e-02,3.425083043131009475e-02,3.920845854507169770e-02
-8.819232247625294341e-02,5.506118839368722567e-02,1.197846389699213157e-02
-5.525455834613717671e-02,2.833455009927331875e-02,2.314962159700505867e-02
-5.357522663075408795e-03,-4.247026965342876048e-02,-5.522122563378489835e-02
-2.081101719857942831e-02,-2.031129916125234622e-02,-6.313101554091100041e-03
1.048714047614658640e-02,1.138857945283186339e-02,5.612095703806550817e-02
1.315313256272495138e-02,-5.139805658627055740e-02,-5.685216697713797035e-02
1.097865682808749771e-02,-3.030769948462251617e-02,1.309949890447626580e-02
2.561213431503927065e-02,-2.402367730809333579e-02,1.381027435356857631e-02
3.406086047532750488e-02,-5.867071680851675824e-02,-4.859376423400127432e-02
2.248301724783559677e-02,-4.874975200795807900e-02,3.157739042165640109e-02
2.773337722120401347e-02,-9.378143201854238428e-03,6.269511964899464329e-02
-1.014257901215333824e-01,2.049234215886869964e-02,-5.407494616453562344e-03
-5.289996177489075108e-02,-3.744250421633656557e-03,6.001904623808092254e-02
3.046695191059550778e-02,-5.562608803347476351e-03,-1.810332419277073043e-02
-5.458709202853098685e-02,4.754376391292830517e-02,-1.659836804321787943e-02
-8.651491063117416891e-02,6.721405933029558910e-02,5.913655485247480692e-02
3.952270403078694816e-02,2.507081327495249215e-02,-8.133073209218273647e-02
8.326384192437778775e-02,-4.987818075007777879e-02,3.457042796997552431e-02
5.998860949547096810e-02,3.031722490055137678e-02,-5.478056540573818939e-02
-2.547128233045473436e-02,2.317520421841487085e-02,-3.170420557834374015e-02
5.232153089551101061e-02,5.643578441583205901e-02,-3.849575843292710187e-02
-7.186937165628491664e-02,7.461843596439965420e-02,-1.352215456987966580e-02
2.882399878610369601e-02,-4.229068271726080935e-02,-2.214194168421108888e-02
4.227637288817988337e-02,-2.365865817410912897e-02,-6.976362015900599255e-03
7.048033953799939799e-02,-4.404079484250585791e-02,1.567431542110459680e-02
-5.550191813787523805e-03,1.553732279208322811e-02,-2.493826389169466820e-02
5.894959948751379158e-02,-2.437494277003851920e-02,-6.187927597733578616e-02
2.219316089293345978e-03,-1.932379528309512845e-02,-1.402687868106157996e-02
-6.452431236714854801e-02,-1.092729230665802770e-01,-2.201028512191239087e-02
9.826649421092703909e-03,2.835615432918503834e-02,1.101829875610874088e-01
-2.838318259780161362e-02,2.969575138507551948e-02,3.525987697661366028e-04
-3.193074296192391359e-02,-4.002778042344291853e-02,8.857370938531242133e-03
-1.403493991883972974e-02,4.774356970176295636e-03,-1.181572312543538450e-02
3.970956186067586130e-02,1.227529689180653291e-02,6.452363921251139112e-02
-8.182922709767685709e-02,-3.235933700609550795e-02,-5.869310443922972145e-03
-2.230143532685673058e-02,-2.817018683743497190e-02,-3.957454480852069106e-02
-5.913093028370999815e-02,8.776596922068137518e-02,-3.882621419936733986e-02
3.929842699634127773e-03,2.963975353603075236e-02,-2.162156625146439970e-02
2.397608996658938396e-02,7.533818746783092768e-02,2.772893531474369087e-03
-1.150955984725996264e-02,-1.875187660416054516e-02,9.723962372776204233e-02
1.890197628853576214e-02,5.551970344704699502e-03,-2.904644723988053165e-02
4.808057370457343577e-02,1.626921047730870611e-03,-2.217619842449112394e-02
6.553372873330236270e-02,-4.331325019724258096e-02,-2.050744014229301249e-02
6.001849866226481589e-02,1.461102937986043064e-02,-2.487658933436591793e-02
-5.282778375331109721e-02,-3.421725982266528299e-02,-1.142146167875869806e-03
-3.302697336521204924e-02,-1.400883999785078413e-03,4.453339679336220519e-02
-6.864056352406254502e-02,-5.460012587728373112e-03,-2.833979372954906900e-03
3.123721866108206471e-02,4.406183240084816932e-02,-2.781738684650829699e-02
-4.542243233829745125e-02,-1.579771934136644032e-02,7.344387367900594285e-04
5.018351266099903979e-02,-4.029595287865526954e-02,2.010137694695292992e-02
3.788579061215118730e-03,3.609200284281011140e-02,1.075066749229488527e-01
-4.997209685755893416e-02,3.292991475621779435e-02,1.646226098643019733e-02
-1.324874716263378487e-02,3.910366461431941804e-02,-6.453210103056516989e-02
-5.663251778770721917e-02,-1.212510030119214564e-02,-5.325805638082707627e-02
3.959800049035511194e-03,-1.078415576538691197e-02,3.401695108317902977e-02
2.053893178485276944e-02,3.806372176740038110e-02,3.300050670367767752e-02
4.351936709090661881e-02,-2.592575696882882044e-02,2.030987536985255897e-03
-1.780327520090361137e-03,-4.598644068634507621e-03,-2.851622324284151799e-02
-4.397537047172952324e-02,8.290889171178782158e-03,-1.893542652662846132e-02
2.419828300027742837e-02,-1.498858589954374203e-02,4.591193693534212361e-02
1.380124667092468872e-02,-2.500631687406157030e-02,-1.558781335923757096e-02
-4.729325397253703739e-02,-1.500772876177929906e-02,7.161013183797579340e-02
6.647420932882548705e-02,8.584917776247154297e-03,-1.615636592446220363e-02
-7.685673067796975136e-03,6.394633664218433988e-02,-4.552361087258450373e-02
3.339590426223233710e-02,1.227694241804692596e-02,-6.406226577394735777e-02
-9.680862908730750518e-03,-4.828257249339384070e-03,2.696160430816628428e-02
3.161327967402784156e-02,-2.176631142664248869e-02,-2.894891250068385574e-02
8.254713622716554344e-02,-3.248518467132916702e-03,3.968103948616126531e-02
-5.189155342113402347e-02,-3.825547487585301970e-02,-4.227186920972092476e-02
-1.344430989732018321e-02,1.213307047220264778e-02,-1.549453505679380776e-02
1.134980864301875919e-01,-6.733221123066927827e-02,-3.594745548917383654e-02
6.355301115148901531e-03,2.146902262948264303e-03,1.700811831954487235e-02
5.135767790018423012e-02,-1.802230643889783657e-02,-2.759142949588342872e-02
1.053075742341430705e-02,-4.932448087811427961e-02,-8.824231966887611731e-03
1.764832852305961777e-02,-3.453096411863200432e-02,1.641122160338080380e-02
-4.049709261348805739e-03,8.089397607928541789e-02,3.457538609232854721e-02
7.810903423041313035e-03,-8.527647601497589935e-02,2.685893854667796218e-02
5.834060914264730530e-02,-1.243240276976672817e-02,-8.381228275405532002e-02
-3.910980491772746148e-02,-1.485395389781273175e-02,4.754280832299871001e-02
-2.270930700675020605e-02,-5.628910024880970364e-02,1.045567265177789473e-02
3.759328564825428765e-02,2.168797716335079881e-02,-2.982696969381974303e-02
-8.922955196851227802e-03,1.516046098099728748e-02,-4.588197086382313911e-02
-1.866276414969945605e-02,-2.702373254403949571e-02,-5.530300748044622051e-03
6.684627770268861124e-02,-4.559788392283923436e-02,-5.901094354663901503e-03
5.141532684627590083e-02,4.166671516656287461e-02,-1.038396828848552333e-01
-1.744514868484203785e-02,6.825013940109134203e-02,1.368462775644735700e-03
7.215771146700160343e-02,1.273117074215084077e-02,-6.318189586211821196e-02
3.159331583564514018e-02,-2.025803067812001479e-02,-1.204240825798595128e-02
5.583573739306944839e-02,-2.252231262661227515e-02,-5.430970956630207236e-02
5.030635948090220883e-02,2.800328123252226933e-03,5.331647277014687353e-03
5.527986426733313280e-02,3.608781670494425747e-03,1.968414530320477737e-02
-2.456868402970339288e-02,5.185544835071126402e-02,5.083057708501406008e-02
2.008737075360657667e-02,3.005533825379212362e-02,-1.824622803028997861e-02
3.753834390807689325e-02,8.690743718995275202e-02,2.601266245437182378e-03
1.001999301438203649e-01,4.449922760371206182e-02,4.069902669586329680e-02
7.484362716435638552e-02,-2.587614044663419377e-02,-2.467192764035179217e-02
3.351765166596274576e-02,1.807743865483495485e-02,-2.660214006857206798e-02
6.422567474035929813e-02,-6.637428703306793784e-03,-1.617410318616415571e-02
-1.098639252738163874e-01,9.210190335161962116e-02,4.161229047573916651e-02
-1.144742785186264947e-02,-1.493132859670057676e-02,-4.134243193208418654e-02
-1.599189344584345598e-02,6.673823361910147245e-02,7.262172175319156660e-03
2.366610165494794499e-02,-7.706131639797723920e-02,-5.969869305672204779e-02
5.143901582579837178e-02,2.669101767947415840e-02,-8.498770956667961451e-02
6.756501682251329910e-02,-5.575710137605732752e-02,1.263805483343926304e-02
-8.310316536275237642e-02,-2.204859166770081411e-02,3.976123388935718511e-03
-4.992259039162390971e-02,4.217327582453019030e-02,-5.994644651604481150e-02
1.522804308933767801e-02,-1.379951351648470680e-02,3.894205583255210684e-02
5.540525367225940245e-02,-2.759550731060317341e-02,-1.967419322171341106e-02
1.010094387733328214e-01,1.473639360535715717e-02,-1.338737029167886249e-02
2.805020636975283366e-02,2.011764566792079156e-02,1.026402339884007787e-02
1.594118402337348821e-03,1.646407332564093703e-02,8.782405873786372323e-04
2.749912092149123591e-02,-3.602462798423149842e-02,-1.056669901563472326e-02
1.856444778225449510e-02,1.297113265854170187e-02,1.805581085950341488e-02
3.781097625961798991e-02,-1.166111884320912909e-02,-4.517692497173615013e-02
5.311661912964164844e-02,3.723115302797980197e-02,-1.619832330844719545e-02
-1.522228154797832314e-02,4.750430078435222830e-02,7.946122489189554050e-02
1.952221670305254522e-02,-5.834887295573197574e-02,4.775785759134484193e-02
-2.191209724426718217e-03,5.140021768336508826e-03,-8.782172759114209581e-02
-1.290222529101125726e-01,1.025271177032508439e-02,-1.897161364867067795e-02
-5.712198130115050954e-02,-7.408153281132674739e-02,-1.905534580007724188e-02
-7.445725724384463264e-03,3.964722083498897764e-02,3.892551315527783412e-02
-4.697771175412485123e-02,-3.061008363341879979e-02,-6.510996509607017146e-02
-1.082834975506923036e-02,-6.143042848376709802e-02,-2.873807629464556271e-02
2.315688461127968917e-02,3.847044585852025383e-02,-6.647853685765720000e-02
5.023874324641735417e-02,-2.764107889204445861e-02,1.657318612845680439e-02
1.676122188731274040e-02,1.029997057718788460e-02,-3.059195879700061724e-02
1.069811976798800725e-02,3.022916551127983326e-02,-1.515664685761383516e-02
-4.759916668578255405e-02,1.062665084368292524e-02,3.941422128310487910e-02
-5.529109337605399299e-03,1.211991582826343200e-02,-5.341452385581645784e-02
-4.660654032096516602e-03,-2.041671456879575255e-02,-7.941091519715659519e-02
-1.184377225259740027e-02,-8.215010384420805278e-02,7.522680375779064454e-02
-5.146894880853739029e-02,5.736300781177543912e-02,-4.768264482346227379e-02
4.623979846058993981e-02,-1.568836820715255667e-02,-1.731862004255677046e-02
5.650782347218114704e-02,1.735244904385293760e-02,-2.079826013870275485e-03
1.131453115414278107e-02,-1.813515260776455904e-02,-7.798855765206808011e-02
-1.314000151587743507e-03,1.543406898943617883e-03,4.611862919407933026e-02
5.305561370331886295e-02,-1.489483260313598928e-02,7.442124807749896966e-03
3.359371102006645203e-03,-5.162811460010595377e-02,2.902199709318827037e-03
8.325713749358025495e-03,1.315720548569269260e-02,-5.516708959674243573e-02
-5.008785612191505449e-02,8.569044722755711496e-02,5.970594258529478282e-02
1.260572923864973190e-03,-1.942273505863275490e-02,2.806526148352646646e-02
8.306830724796810533e-03,-3.027790092267588704e-02,1.424002019683609857e-02
-2.418356547300288054e-02,-5.343203265954504441e-03,-9.108471333922091295e-03
-2.156671978615150309e-02,-4.051466860612448762e-02,-5.126398683704035120e-02
1.754482298718824940e-02,2.397516796262020439e-02,-6.073834853182456112e-02
1.286738286888818202e-02,-2.716475434000814246e-02,-4.662451850940273895e-02
-4.514363442573922358e-03,-5.106460720287928426e-03,-1.244008268678234788e-02
-2.109607710940607228e-02,9.864789746680114116e-03,6.038612651401949888e-02
-3.798125592668898098e-02,-2.939514729975836738e-02,3.493555125768578028e-03
-2.475067389651509214e-02,1.353353450487735331e-02,2.447354763861213107e-03
6.053912117493947392e-02,-1.376204785093359563e-02,-5.575244038506425165e-02
3.973980608124189767e-02,-5.135745482654315019e-02,-4.262672387916818101e-02
-1.299537807880068833e-02,7.345115358728485436e-03,-2.719312729932682471e-02
-8.558868777110305651e-03,5.752619254362686951e-02,3.969906663525228641e-02
3.693514033202928426e-02,-4.604064188874903985e-02,-4.820027439653038100e-03
-4.767681267159629144e-02,1.054478724021537701e-02,-4.284035546146684054e-02
2.040486838582284204e-02,3.646813514601304762e-02,-6.914098400674410783e-02
7.541281739367304560e-02,2.455705346971556041e-02,-1.209621745150552940e-03
-3.673211928682025562e-02,-5.936032863870194937e-02,-6.099806611221759989e-02
-2.532752378671261628e-02,2.085616836919247652e-02,-8.117149203775163996e-03
8.010834266969326517e-03,-2.401376333537329211e-02,-1.390309732892781695e-02
1.134066314791918051e-01,-7.777475917206212730e-02,-1.404754084024659178e-02
2.590857014164154801e-02,5.026011534441646861e-02,2.412758723543393172e-02
7.896132954301207652e-02,-6.158143292655897383e-02,6.407633848586047169e-03
-4.483836601954959561e-02,8.678212179239733117e-04,-5.127621655015572599e-02
-3.279861933458139145e-02,7.293066453866110452e-03,3.777212524104984342e-02
1.081856778415894726e-02,-7.290385064454814323e-02,-8.099154289419766006e-02
-7.206185534795461756e-02,-1.170775027432791916e-02,-4.167701488275787208e-02
7.860483248765389938e-03,1.612646864286442980e-02,1.116677579976744217e-01
-2.815608102178350503e-02,-6.014853189922895332e-02,-3.893763428812344052e-02
6.003715389431138472e-02,7.992856698468320253e-02,-4.791477032498675515e-02
-7.926878233118780925e-02,6.835998595373540820e-02,-4.639824110139317836e-02
4.249389761964287443e-02,2.623148285476055094e-02,-4.208722746990678498e-02
-5.790052018029769737e-02,2.264258053076912899e-02,1.225764896454243670e-02
-5.472768541717281526e-02,-1.291396516290951825e-03,-1.636957636699664514e-02
-1.571498317051483323e-02,6.352163730164117617e-02,1.885404547345236742e-02
7.424293752079105801e-03,-6.932596007214604505e-02,-1.745868499539026883e-02
-1.855893640671337289e-02,5.578751653447801273e-02,2.266765890471566028e-02
-2.734608883837267093e-02,4.840487900701901519e-02,-4.305899875772763175e-02
6.476942778580950522e-02,-9.340196744368089998e-03,7.079563831924766404e-02
-5.157800037215656830e-02,-3.159336188023891684e-02,1.775057614952417831e-02
-1.591724930103149971e-02,1.457958107045209672e-02,1.753817659957880234e-02
4.164801061633546797e-02,8.776454029090584308e-02,-3.385906712192598284e-02
5.807878411450944495e-02,-2.860508665529155198e-02,3.618292178023613248e-02
-5.570217156643569346e-03,-2.975443467156218408e-02,9.127015264592643062e-02
-6.668984252083937254e-03,-8.692151931642436158e-02,3.471359962510212754e-02
7.170723108036912430e-02,6.736424531891954670e-02,2.303296962719737079e-03
3.604542366771864431e-02,-1.041330680917352050e-02,-4.150231260228538083e-02
6.782040684338458414e-02,3.379496401581501969e-02,1.566030311669860259e-02
-5.325880125826632644e-02,1.599050466050491379e-02,5.105725658517014376e-02
3.137328196444946760e-02,4.653735739458075837e-02,-7.037674002580186772e-02
4.746042674742149969e-02,5.380632610460844845e-02,2.138468704263896038e-03
1.956786846621643913e-02,-3.064623624953929926e-02,3.194963642010266447e-02
-7.499081837387029832e-03,8.680745160827245399e-02,3.991444733450840582e-02
-7.773655646538946487e-03,5.379134370921800218e-02,3.945657941598177884e-03
3.418790285727685285e-02,-7.791593172910102338e-02,2.514151353396136199e-02
5.829831599447894697e-02,7.333178536856244101e-02,1.257302361996872134e-02
3.138969074447820612e-02,2.881312492259575572e-03,2.141746768570287635e-03
5.726421379096453129e-02,-4.501112654789529016e-02,2.634090876929493300e-02
1.962970022965764352e-02,3.652124568615685435e-02,-7.194970032557687634e-02
3.619447807382952798e-02,4.017313094648064520e-02,-6.454653057102696656e-02
-3.700459954547558744e-02,-4.095880810223097995e-02,1.368850866984946610e-02
-2.970598103373037549e-02,-1.639304615011999075e-02,8.656577673528618663e-03
-7.803728621211750149e-02,-3.722130066475737992e-02,-4.920181379567137303e-02
1.169797038342957306e-02,6.376656519798498159e-03,4.049741955119146031e-02
-1.069388978438078931e-02,-2.718765017264862180e-02,5.079107747894801017e-02
-4.172552000529911043e-02,6.449429340660055299e-02,2.660166737106867477e-02
-2.653844671771055097e-02,8.110460927743320947e-02,-6.168426055265035374e-02
1.947503826159206405e-02,-1.484293295498951074e-02,5.677890952855706164e-02
-1.902521221633268755e-02,1.776833885918447861e-02,-3.247777912870528777e-02
5.357745434178169674e-02,-1.226563033828107635e-02,-5.094851303434273088e-02
1.564878224858318873e-02,1.851521974366713078e-02,2.623647919588585273e-02
2.060938281928366509e-03,8.198665880418480600e-02,1.905968681827605732e-02
-9.688814434864386274e-03,-2.727400478594935868e-03,-4.377623493437664964e-02
6.664899120000682131e-02,-5.841645531250599932e-02,-1.098380684560413753e-02
7.669253171579415440e-02,5.471086885054991106e-02,-2.947914850220781369e-02
7.104157880755629373e-02,5.064442124969530806e-02,-3.421246999370801574e-03
-2.254496275821455537e-02,7.533220001072005179e-02,1.749363529351139271e-02
-3.385933098289421045e-02,-8.902458165133873835e-02,-8.561247867554200308e-02
1.596655217179711897e-05,2.394040772015289947e-02,-1.026079033381413355e-03
-7.812611479997723374e-02,6.321806834312519718e-02,5.549956571663210853e-02
6.093593932716826617e-02,6.455384501232286354e-02,-6.963784642226528154e-02
-1.716211172167676768e-02,6.535375170812884882e-02,1.587821368413313422e-02
-3.226076484388083060e-03,5.998365573218591984e-02,1.409374151495637606e-02
-4.281901279880388073e-02,-1.247621895326607444e-02,2.897758936426297026e-03
-3.102183683420817878e-02,-2.293406528328887847e-02,9.200781869705012758e-03
5.395754305468201083e-03,4.059645615455478168e-02,5.177479451483246037e-02
-8.005623059696369281e-02,2.200790504371561915e-02,-9.819626221892767751e-03
-2.897083462380425217e-02,-4.091318103311340770e-02,-2.406836397554311391e-02
2.734088974211514381e-02,-4.523221156688762151e-02,3.762283615298833012e-02
-1.647971164203586650e-02,-2.466397750143470985e-02,1.675783863542975108e-02
-5.516725357992744577e-02,2.421644993791550668e-02,4.965395156119645215e-02
-2.434466353154415147e-02,-3.532088619373308092e-02,-6.827234216492612806e-02
9.224434500993401384e-03,1.593446123967979036e-02,2.401354904244256197e-02
1.530130196075336381e-02,-3.009278368897996131e-02,-1.840812075403420664e-02
3.683395448161828900e-02,2.158570867070115987e-02,-2.782576130287367847e-02
4.884898628641363982e-02,5.146779141425755072e-02,3.513273570057011928e-03
-2.799996604006778356e-02,-7.521050288194079322e-03,3.936123930847706259e-02
4.226079315723336137e-03,-6.924663038238423668e-04,4.820112026742541522e-02
-5.464294551820984835e-02,1.137830672996162779e-01,3.728857075449436287e-02
-4.064453783975458673e-02,-1.980029378397592243e-02,-4.749385552512546543e-02
-5.946140516457940756e-02,-6.055707439655524243e-03,-7.713997143656285867e-03
8.267858082782240589e-03,9.267678313444339955e-02,5.539732970708673848e-02
-4.054972433122382841e-02,-2.806672534238434033e-02,7.422504982543793629e-03
-8.285468221350017481e-02,6.999579739329064854e-02,3.589818395526260530e-02
-7.398776167677415493e-03,5.358973050131966148e-02,-8.095324741119563905e-02
2.862347459263069396e-02,-4.785843469077814480e-03,3.022622800603096387e-03
-1.671152275095334760e-02,-3.448793066986179101e-02,-4.074319652975125911e-02
-2.850707072007447468e-02,-1.407405955294457542e-02,3.724715530911098388e-02
4.887646846225685016e-02,3.613720594748956461e-02,3.518029280993831970e-02
-2.912493654505290616e-02,-3.986854607457594388e-03,-1.836770646484140249e-02
-3.043094182794234270e-03,7.188579625337328423e-03,-4.206950238782500989e-02
-3.164964981077632907e-03,9.700945616010437852e-03,-6.032300209297793495e-03
1.737012450083617876e-02,-4.585104897128276097e-02,-5.104230101618355969e-02
2.477686477058026540e-02,1.667439538639499917e-03,4.794731099089480364e-02
1.160066044501369652e-02,-1.845307646000822130e-02,8.340040943482625313e-02
-6.398433745686098184e-02,-3.555489035295331113e-02,-1.499593216578455060e-03
1.641894102033262040e-02,-5.581660832992973303e-02,3.064395642134399786e-02
3.169544777748978942e-02,-7.767321379472900966e-02,1.110258265880746317e-02
-2.652919032497301835e-02,-2.975152391426342299e-04,-2.501569008152492585e-02
1.023897059701312472e-02,7.497410700299921016e-02,9.574960049218508157e-03
1.829708276519370971e-02,-4.576054485184750421e-03,2.115542010838099979e-02
-1.062179343737719613e-02,7.037381692187177906e-02,-8.325275905826875350e-03
-1.339769278856093974e-02,-3.806870835927687186e-02,-2.072119536383945290e-02
2.961955501877580957e-02,5.046660369121598209e-04,6.936874175478064362e-03
-3.378587757974591682e-02,-2.549278804843239932e-02,2.488056063073227145e-02
2.526352980319273092e-02,3.985353779516395689e-02,-3.528322247709611559e-02
-6.374348012932739248e-03,-5.183669860096901810e-02,4.314448807088401561e-02
6.048222024856209772e-03,3.837760437492748582e-03,3.628477469705779224e-02
6.924856826463836323e-02,3.205084153893501819e-02,5.882546151013843573e-03
4.273823315293348579e-02,1.607758784737275265e-02,-2.081164145042228159e-02
-5.877822916509332918e-02,3.558830653131857952e-02,1.791744103181325265e-02
4.276582310678753163e-02,1.659551571001147488e-02,1.673356212352614461e-02
-7.091453338814304730e-02,3.121867142281697927e-02,-3.137648845853092255e-03
-2.434600621277023882e-02,-4.888277573792219888e-02,-3.015406620740379226e-02
1.634938563901774597e-02,-3.753197385432104072e-02,2.153112200346560257e-02
-4.865958224474829438e-03,-1.886004392920474781e-02,2.946160921779633277e-03
4.070989472752746530e-02,-1.247658460703342589e-02,-1.656442625951500209e-03
-7.423298404138645341e-03,-3.767172151793928003e-02,-4.559965236905201558e-02
7.035996042586173393e-03,-2.371386001909205760e-02,-7.061170357754012472e-02
3.809362700657521750e-02,2.353476202052931163e-02,1.778599665153979617e-02
-6.071307095691264727e-02,-5.211783704829837244e-02,-3.417568327842775144e-02
-1.561321620209812043e-02,-1.120898406982718046e-02,6.877824548422478701e-03
-1.851356127492799139e-02,1.411154415664946267e-02,-7.109842934030677353e-02
1.625691063851832444e-02,4.349009816584845090e-02,7.673881197807769228e-02
6.592230845377504249e-03,6.492764622579054110e-03,-4.528764290647829815e-02
2.596906563277977600e-02,-1.692651657699629011e-02,6.980254977266795238e-03
-3.087552200083179543e-02,9.721727405456778714e-03,-2.153535815784402702e-02
5.950558646484665343e-02,1.275643767386431572e-02,-1.702721546023049648e-01
2.748920203987745281e-03,7.029137369027742277e-02,-7.804462641847070142e-03
-1.746900214446327551e-02,-3.809531040680227271e-02,-2.919663510170693310e-02
1.643400033051036976e-02,-5.002482753980799779e-02,4.138196369896596227e-02
-9.772710201521742426e-03,2.223242061732848274e-02,9.666312462925031462e-03
-2.478246255507721499e-02,1.923370999213350543e-02,9.164877653338605532e-03
2.677507229753925758e-02,-1.060502926118127472e-02,2.317091764984873306e-02
2.718630513767250970e-02,-2.230046723165204914e-02,-3.664042284749694650e-02
2.599136231270279124e-02,-8.484639245431042920e-02,7.543518059923490574e-03
-1.645104290001931507e-02,-4.271966987474468819e-03,-1.847668840643006821e-02
1.531721189967498106e-02,4.772524854777623893e-02,1.791193160335309217e-02
5.702792507008178080e-02,-1.513942476947852979e-02,-2.210256312514161103e-02
-3.052954433877178714e-02,-4.709847844157647942e-03,-1.399747945511371945e-02
3.703440881042107009e-03,7.748997464313164829e-02,-7.106472539222323005e-03
8.891349531288875521e-03,-8.353580172168176624e-03,2.897580754739809486e-02
-6.971296404927387717e-03,2.006943711253416501e-02,-3.729317266488657578e-02
-7.361923091611697646e-03,-5.538037540315758275e-03,-3.006448704081993856e-02
-1.056177146809983251e-02,-6.591858425604954497e-02,5.644176963840730893e-02
-1.886283847745861761e-02,2.212908411013363857e-02,-9.075690860957470740e-02
-3.342232374878050666e-02,4.734584903304336727e-03,-3.698535907501627334e-02
-2.741900069247595745e-02,4.187865179186194692e-02,2.245566028957624721e-02
1.562482890549654439e-02,-2.583949307970938650e-02,-1.304179879570581445e-03
-5.014449329060820248e-02,8.494286527984053203e-02,-1.097364815116544379e-02
-3.416975751469700229e-02,1.862896558261595281e-02,3.753731754401264803e-02
-2.216670971972420964e-03,7.096551745054262283e-02,1.754171976698147215e-02
-4.795942281151231723e-02,-7.183925472783872501e-02,-3.563264439366086583e-02
-2.057356225806037915e-04,5.211778500593915175e-02,-9.093210304896482202e-03
3.454750699003977799e-02,-7.401397390545997983e-03,7.236448452099802919e-02
1.927794699158699504e-03,-1.961389953127127411e-02,-6.341083421413788723e-02
2.112727141751039386e-02,3.871745377804622357e-02,1.300175596889940194e-02
6.404258669436609097e-02,-7.264590922608163415e-02,-1.294647570822361760e-02
-4.478762989930190619e-03,3.003192487192640064e-02,-8.500285443938495125e-03
1.027857962770026834e-01,1.016783480491593138e-02,2.728810948379409990e-02
1.938915683505992860e-02,-5.848107238397668578e-02,-1.947727712812944226e-02
-4.171891028898920550e-02,2.930577871275383967e-02,-4.303367745839574432e-02
3.170372152323184395e-02,-3.922553215739601334e-02,-3.727622833292752735e-02
-3.080175217746371902e-02,-9.032282706291106314e-03,-8.500289562268967258e-02
3.841457443751267881e-02,-1.355324146392999397e-02,3.865246717451068306e-03
-7.370115539642403679e-02,-5.128067824510999101e-02,-5.912358502658569652e-03
9.624117578970166342e-02,2.819999896769787018e-02,7.091043156151884130e-02
-2.136228146128711994e-02,1.805508822799977917e-02,-3.479267588348956830e-02
4.310971540677199787e-02,5.293068509939258953e-02,-5.807845415456467687e-03
3.112359707387976973e-02,-1.461184564764838288e-02,-3.143680320198843914e-02
4.608824107502912382e-02,-2.532996977601361180e-02,-5.676847808588076499e-02
4.012377985299973165e-02,-5.458035163633537246e-02,2.066811456533739280e-02
8.218352187198710301e-02,1.480642994691614214e-02,-1.257797555798370777e-02
-3.424804269114699318e-02,6.713335904509605545e-02,2.206015082274350586e-02
2.223146247804548212e-02,4.586731785765719993e-02,3.000710557067151618e-02
5.421006672065022819e-02,-2.578418084287567580e-02,-1.898917678008435472e-02
-8.784180903634208198e-03,1.989900059887136571e-02,8.461427973724321150e-02
-7.489444176050718757e-03,4.236003508322249214e-03,-1.859438427109784105e-03
-9.307125398832544541e-03,2.626748198897615322e-02,2.618061277331173650e-02
1.697970161988266932e-02,6.447316789368663127e-04,-9.584322116196150598e-02
6.016354927343475767e-02,5.193448651600721805e-02,-8.696527229692170569e-02
2.342927583792634577e-02,4.398360086093207333e-02,5.657281315268959665e-02
3.512108458355812229e-02,-9.435117759111226379e-04,-1.665381648516358129e-02
1.129476282664644560e-01,6.187185486454960248e-02,-6.690768403808426690e-02
-6.540995726290908807e-02,-3.514878852628961284e-03,-6.828134592036633720e-03
5.901274522330064026e-02,8.242268716772098436e-02,-3.966422031855512675e-02
4.029289177946537848e-02,-3.242033623529991249e-02,6.971224011060037085e-02
6.979124152890360706e-03,-5.568673049340592401e-02,3.534246930586391888e-02
1.945827816499821547e-02,5.017707338981512027e-02,-6.939528563606743583e-02
1.505494296012226813e-02,-1.183003747492456653e-02,6.157939535315557628e-02
2.500440972293421077e-02,-4.028810295138800929e-02,-4.036241951660290810e-03
1.636823644143479625e-02,1.202086196189187245e-02,-3.025226592853349963e-03
-4.755388581150338939e-02,-4.158835370712710144e-03,1.215236558104996339e-01
-6.635947925462896101e-03,5.132915387940660545e-02,-4.387167751899095913e-02
2.038921757112524547e-02,5.396201312336765948e-02,5.822010531860110066e-04
-1.703962867641574050e-02,9.647635223646404412e-02,-2.732800747619300655e-02
-4.995363455565150768e-02,1.386219717110643949e-02,-2.324906489581474514e-02
1.969272621440469606e-02,4.954991694802339530e-02,-4.742167577579227411e-02
-4.224265150089141774e-02,4.060141756809334396e-02,1.527583316360292542e-02
4.370561053171051480e-02,-1.159519327575864872e-02,-5.575736091700182057e-02
9.272527983846166888e-03,3.009355276474315680e-03,3.044682751611683252e-02
-6.760888603941635211e-02,-1.909149701718815262e-02,-6.901274071619287187e-02
-1.315942589145402061e-02,-6.471133804074413742e-02,3.491018937415362594e-02
-1.151832372939383571e-02,-5.709959463654213502e-02,1.871333699795876826e-02
-2.149452937301031888e-02,-3.914232853158691738e-02,2.250290318658267757e-02
-8.903137429275871650e-02,-5.329308667654377579e-02,-1.878810538331720376e-02
3.769803267810971359e-02,-4.882619476038917855e-03,-4.719082693838172124e-03
4.959511898163104088e-02,-5.810559724230922318e-02,-1.700232467043498799e-02
-4.856532910365585903e-02,-9.222283192099901480e-03,3.228268199922839504e-02
5.234750219621172457e-02,-5.568131739675755143e-02,9.584890031319528991e-02
4.005625370085799317e-03,4.927104877092558510e-02,1.345907614470385344e-02
-6.564793070993068386e-03,7.047549878519823729e-02,2.330046016932538905e-02
2.206678912669185824e-02,5.510445282642404373e-03,1.699015313084873552e-02
9.438963126953925364e-02,-2.336901172981836750e-02,8.958436049088200348e-02
2.621105729307178847e-02,5.999659990566143936e-02,-2.327124796531874346e-02
7.312727059504775876e-03,-2.683332400612681301e-02,6.805816436984382656e-02
7.782238078771182288e-02,-3.245450333883630190e-02,4.592305856257313836e-03
3.042626987075666700e-02,-5.960348224520011819e-03,7.033055935639428990e-02
4.271884880427572612e-02,4.719634922320453674e-02,-2.209674574428368080e-02
2.504107704670075971e-02,-3.037664897494089106e-02,-3.500896841235377061e-02
5.806385600135077069e-02,6.815317854714506018e-02,-7.202756355101779841e-03
-1.546196451714165580e-02,-8.801831375725902018e-02,-2.543665462662019275e-02
-5.283686482415499847e-02,8.368477662677405171e-03,-1.890018145877093644e-02
6.853650888198783986e-02,1.234705387712673429e-02,9.749411000666997201e-03
2.281715968838449703e-03,-4.530477449878280230e-03,-3.125820382734844499e-02
2.684509438306479853e-02,-4.182255468843495277e-02,-1.230341446634442525e-02
-3.903729012927766029e-02,-3.683088860627758976e-02,3.011595469292899230e-02
2.483379571224302376e-02,4.677018377649277275e-02,-7.638672219107771333e-02
3.665049133821596944e-02,-3.707196718965551779e-02,-5.133036179918114977e-02
-5.421108013318847590e-02,7.357864193162431954e-02,-9.349177243314019115e-02
2.856054711392167628e-02,-2.315019288033404524e-02,4.023445377568429793e-02
-1.939198975280947632e-02,-2.920944601275779137e-03,3.233857120094042054e-02
-5.282216266896331593e-03,-3.005929999503869493e-02,2.518794404503887224e-02
-1.588962763474792775e-02,-5.210324769706380088e-02,9.799257329714270229e-03
-1.685068496592089654e-02,-3.538370361806006392e-02,-6.827075926224839171e-03
-2.682767395233650459e-02,-8.074553874267725861e-02,-3.711469082660682345e-03
-1.292187484851038681e-02,8.425787006759756503e-02,-2.192277056683424041e-02
6.379914445489476282e-02,-4.028213178643955117e-02,2.550903109658536616e-02
1.134203846827486900e-02,-9.620745232154960394e-04,-2.495974787000456233e-02
-2.974138303590434518e-02,1.030072052034553681e-02,1.112202000774801212e-02
7.072473543006505339e-03,-1.394231741509693867e-02,9.622787181082585739e-02
-2.775833802679001511e-02,2.616452173231346989e-02,-4.458720094754848456e-02
-2.729730787187351071e-02,3.787263204458474891e-02,-3.069273016170278798e-02
5.121039295693953670e-03,-2.896326730112562878e-02,-3.793683304546550950e-02
-2.909393217886349723e-03,1.959888548875294428e-02,8.948984622762621091e-03
8.723130165461865509e-03,-6.324258720504603859e-02,-3.874123631638166920e-02
1.143917413681759358e-02,2.865874424644366397e-02,1.120327734409376800e-03
-2.326867503431299597e-02,-4.942925685679429998e-02,1.529508305834398514e-02
-3.644998406936137553e-02,-3.096163505012242828e-03,4.523073590110054248e-02
-1.919000563911055224e-02,-3.376005069428362343e-02,1.392965404562689254e-02
-2.745577191761913033e-02,-2.999976819572432174e-02,-5.593217138391034376e-02
4.056832810935095956e-02,2.086194825647071788e-02,5.653683921387752179e-03
7.443226710784214828e-02,2.201460102528126142e-02,2.542850282649709859e-02
4.336154869412505580e-02,2.430121273068822909e-04,-2.376668801795789668e-02
-2.038382605263598310e-02,6.582212055514970184e-02,-1.071384683611055141e-02
3.835950003453876545e-02,-2.006364001179848297e-02,-2.389139075270483442e-02
1.262083651255131896e-02,2.663696156042827737e-02,4.641182442659364665e-02
9.088365366376811860e-02,-1.399073508346034174e-02,-8.701629691437839931e-03
-2.402813193326906391e-02,-6.273445765355313564e-02,-5.792132539516391815e-02
4.086090588597904305e-02,3.929313022763039620e-02,-2.551583402221417260e-02
-5.706712523021577332e-02,1.605502338445058408e-02,-7.088566817966170108e-02
-3.094435765795167104e-02,6.714655701817889323e-03,2.558343061814976824e-02
-7.478279180560720718e-02,-7.174534747991105632e-02,5.647389324877676031e-02
4.869904406503712535e-02,3.323684270135125740e-02,1.382488039446454035e-02
-1.028742114744349029e-03,2.466092770644631249e-04,1.661343620034237949e-03
-4.383178559921786788e-02,-2.563086828020620829e-03,7.213890819097486251e-02
-1.877865247779951854e-02,3.848544704179542985e-03,3.832872406929189318e-02
-6.616339547963327739e-02,-2.865212527007547205e-04,5.139312423652227929e-02
3.254505682628636154e-02,-1.266348653783175814e-02,2.246711342700331154e-02
7.382077695211365816e-03,-6.580302563447591735e-02,-1.890949471040524396e-02
-7.043858400109455353e-02,2.777954059643749501e-02,3.295073496945136182e-02
2.570039541665068705e-02,3.824389397770365517e-02,7.117050332659374638e-03
4.441275893061131380e-02,4.690869863688528103e-03,3.886555743392808987e-02
-4.054944689445825340e-02,-2.177489431283740479e-02,-1.296373718460035185e-01
2.618359241395568082e-02,-2.633881303218058370e-02,-4.777609486511876641e-02
-1.803198001706645889e-02,6.536814439279070577e-02,4.059997043880120976e-02
4.249832677922122520e-02,-7.235131647194689708e-02,3.523282054691016796e-02
-8.760855249052595939e-02,4.719570191501629847e-02,-8.408234226395680522e-02
2.318605593282807575e-02,3.334637124290603955e-03,5.019182685735163602e-02
-1.668593868009859288e-02,-2.233451554890681159e-02,3.461641083492091736e-02
3.642775198140112830e-02,4.254255522108137122e-02,-5.915334250964556645e-02
8.122984822698516016e-02,2.310515702753089887e-02,1.382609250810846492e-02
3.807942052075655170e-02,2.083453884330748254e-02,-1.764522636427746580e-03
1.782558930647728038e-02,4.519867643257218653e-02,2.735937830673010329e-02
-2.274850614410029587e-02,1.120457574976456080e-02,-4.791745946745098149e-03
-6.954254812011373410e-02,1.318673612784651387e-02,-5.017881097892837317e-02
3.721747077061828782e-03,6.554100819150550372e-02,-3.043344187192799713e-02
-9.524450386515621869e-03,-4.227884285011563291e-03,-4.099396935874377937e-03
-6.243471177430968272e-02,-2.425093443676646157e-02,-3.341090879589048157e-02
1.339242539641183685e-02,-2.831642193066737784e-02,-2.131272318662500494e-03
4.181900251704127706e-03,2.526514590411674255e-02,2.454095941757379953e-02
-1.200815157984049843e-02,2.097502880883210519e-02,2.982507134653161404e-02
-5.907948564338661585e-02,4.585404955292447793e-02,-6.918175946298479873e-02
3.030136465224341283e-02,-2.257925552249256257e-02,-4.222362323720837279e-02
-6.792317773339198728e-02,3.670105470423413313e-02,2.774262907523208574e-02
4.463429492452282432e-02,8.546665607815015497e-02,-4.922993988742989900e-03
1.137067905578802553e-03,5.227087619657860146e-02,2.238855185470989967e-02
7.814083560635209924e-02,1.703076809986009410e-02,-5.701961864386335954e-02
2.506645950334109377e-02,-1.296478948980805609e-03,6.326695734555710937e-02
4.600124059962878986e-02,3.027371130050659359e-02,-2.233687856748609035e-02
6.225422201366450498e-02,-6.499397425401777506e-02,-7.093238297966858452e-02
-3.907271608148717157e-02,-2.666135205746009151e-02,-1.154039046012889265e-02
1.619661165116272755e-02,1.248257331591393939e-02,-6.157912510547138701e-02
-4.990261223028810006e-02,-1.482061156968868601e-02,-5.014091822209007510e-02
-1.839191019799271340e-02,-2.596098657314953664e-02,1.143754763454490758e-01
2.769495064016566990e-02,-1.095939014447379865e-02,-4.372191329069446963e-02
5.958754646846578171e-03,1.656555346843291377e-03,3.401265261324901146e-02
-2.238291108428014289e-03,7.235660350779822558e-02,5.248394351765834492e-02
-3.264463243440012680e-02,5.714220414928081193e-02,-9.932985143785960647e-02
9.701385328450708558e-04,-1.791505402126929852e-02,4.161851139307446920e-03
2.630426287965123913e-02,-3.663791122778574383e-02,4.016865375265064181e-02
-7.391235927718706189e-02,-1.050845659121600467e-01,-1.954239853824899301e-02
1.237991523575020930e-02,-1.398756171562336864e-02,5.012379729523851885e-02
-1.154369419655974609e-02,-2.457747782066671549e-02,3.462656342240268137e-02
-1.709796435880091975e-02,-4.705736640894475804e-03,-3.713341383955031522e-02
-2.927237161924190270e-02,5.845845909187117467e-02,3.117704279030642303e-02
-2.533437572630117731e-03,-8.612664339660307256e-02,-1.140086062861678934e-02
8.053241882351545172e-03,3.869258976131808442e-02,3.600214249486935469e-02
6.627849308221847591e-02,1.921393966216386820e-02,2.281412793534356304e-02
-2.325361038235976632e-03,1.203735744308194813e-02,5.046884728282857724e-02
9.073990224208626151e-03,-7.867267489941955072e-02,8.390052931846463113e-03
-6.147799101636138019e-02,5.032440579629617050e-02,-5.888547542324286399e-02
3.038346142390062343e-02,7.565843607988775865e-02,-1.436008068351006528e-02
-2.392405858922937861e-02,7.586850094505329101e-02,-4.693702239944033683e-02
-9.857302593467894003e-02,2.944456273246605360e-02,-4.650995270946200804e-04
-6.099130419424752397e-02,3.612068536503742350e-02,-3.414095118039427862e-02
7.413528513359219675e-03,5.349759141258824020e-03,3.434243543361258783e-02
1.149923115854480961e-02,-6.409439922199529349e-02,3.123243247221522273e-02
4.007488449734061646e-03,1.636710848673263163e-02,-2.108944492402962251e-02
-4.755448077922080148e-04,1.911573478696367706e-02,-8.416022327690269450e-03
6.390518078362349141e-02,1.562483966597738236e-02,-2.793968190716990610e-02
-4.636708652618778265e-02,-2.180014173529518789e-02,5.127236963323522634e-02
4.844721113159838888e-02,3.133983446183563615e-02,4.103894515004469223e-02
-1.590963082368126308e-02,-1.197113595715570489e-03,-1.820463694264250545e-02
7.727425959086464680e-02,1.634844614231453080e-02,-4.722209165035522876e-02
-3.640893564696992546e-02,-3.582583046111785519e-02,-7.653933404429800330e-03
-1.390856862210446132e-02,-4.782650149555150998e-02,3.271513206200853813e-02
-8.773512118524189399e-03,2.621799743837474259e-02,-3.525705127852486048e-02
-1.041253844929547479e-02,-4.963907180663765933e-02,5.930288656092521510e-02
-1.063454086345922908e-02,5.772088794342654372e-02,1.340754090000491061e-01
5.787903766026795960e-02,-4.753094094840037975e-02,-2.757125311018389022e-02
2.219935666396619101e-02,-1.087323600790134591e-02,3.003613035285983973e-02
4.290364015024596134e-02,-1.097517201406898561e-02,-2.332821433108727208e-02
-7.622470038561776629e-02,-4.535127416268190659e-02,-4.233917452802829495e-02
9.524348194868224177e-03,1.195978988517364637e-02,5.198323796747613551e-02
9.206459905260487575e-02,-1.771112936894030099e-02,-3.017028352572845296e-02
-1.366502668663434859e-02,-3.166418170996478099e-02,1.960121328997584469e-02
8.802705642563211376e-05,4.963181469345253477e-02,6.273367581563037143e-02
-8.520308099344019214e-04,1.753863719309890767e-02,-8.966820740245672397e-03
-1.673028232193008238e-02,-5.865224714348445806e-02,-3.711475677387948008e-02
5.704087209051507054e-03,-4.147622877686015647e-02,-2.474598450157287910e-02
-5.972165335623708105e-02,-2.399077281803079637e-02,3.494306875121938605e-02
-1.095466625845655795e-01,3.882087342612104003e-02,-5.693546602876300988e-02
-6.946519655437305082e-03,-4.271844456961335773e-02,2.531546329012699867e-02
3.368296790915004807e-02,4.670470222763522389e-02,1.051026277789726682e-02
-9.958873534195956598e-03,2.268941186593214157e-02,3.585803481119181901e-02
3.573050617855609568e-02,-9.288210589113051613e-03,-3.345909657455491126e-02
-4.712925758244829871e-02,2.599815002843351708e-02,2.930302802207629398e-02
-2.911030987654826888e-02,-5.748052402208706640e-02,-4.727279935670962614e-03
5.346055138892057135e-02,3.038739732676978486e-02,4.572659787648904878e-02
5.791369196392116836e-02,-4.603836195978281559e-02,1.461265057304457146e-02
-1.049817140219656691e-01,3.255429838294150724e-02,-1.544299902085538231e-02
-3.429867172117805063e-02,-1.210943712782628842e-02,8.299804688187223389e-02
1.899170560562126950e-02,6.560006654332725673e-02,-1.497529653772864192e-02
5.385035582474537869e-02,4.902086710327863833e-02,6.216079942874598065e-03
2.286551296800051411e-02,-2.124139474008281472e-02,-1.407381914415467387e-02
2.569289605717832783e-02,-7.526461158908510918e-02,-4.184686518171552155e-02
1.027480340474354187e-01,3.682442951026025646e-02,2.795823431197908687e-02
2.630668775492950653e-02,-5.649488958253044008e-02,-7.108421400685934269e-03
8.618337350137644792e-02,3.116590823473945962e-02,4.741133133676026651e-02
-7.717806956722458867e-02,-3.700030630948553806e-02,3.393128871268472763e-02
-4.989867871968642343e-02,2.086900829778874297e-02,-4.510959080358438456e-02
8.375600315467153500e-02,-2.780652948162524660e-02,-9.250934186290224459e-02
6.120539511765480181e-03,1.479597006688907097e-02,4.929168126569257596e-02
3.990373619597314611e-03,-8.637555224328682946e-02,4.534903126270341256e-02
4.305176657992089428e-02,2.105463188907371122e-02,-3.254868164898338384e-02
-4.848724151329748128e-02,4.824647202298913001e-02,-2.071782630722850474e-02
4.894005491225406068e-02,-4.797278132344977297e-02,3.530893085409049503e-02
1.255463748236873567e-02,-3.398087054863319339e-03,-3.974905972966543549e-02
-1.313652364668592637e-03,7.549865917897103165e-03,2.089935531000731983e-02
-6.535202240947989016e-02,6.553359142118807268e-02,-2.083357833887496471e-02
-5.111113937467721274e-02,-5.380453124388683006e-02,-3.036160564253629485e-02
-2.946023477770077711e-02,2.488837848946017645e-02,-1.651465852054437647e-02
9.912167490904181394e-03,3.932644787683692474e-03,-4.158672037459930533e-03
2.944084459102437254e-02,-1.332656347395906257e-02,-2.497729150396338360e-02
3.012138981927651657e-02,1.360298730137016188e-01,-4.571717032673044273e-02
3.879505848712574978e-02,-2.517623017460178178e-02,-3.978272776760027885e-02
8.684851287237355111e-02,1.076548951717204092e-02,-4.896035154921627580e-02
4.584464358721489219e-02,-3.774733319128799336e-02,-1.290197212600641477e-02
-2.902275198360462771e-02,-1.213594102570437067e-01,-5.621088626936508563e-03
4.510566691541612050e-02,3.232756727593420754e-02,2.763516867646476083e-03
-2.026560013066873445e-02,-1.541787878146450193e-02,-3.658737154964219335e-02
2.265942857872446647e-02,-8.912676538956190719e-02,-6.924465586902339535e-03
-2.708927530264806927e-02,-8.689876935577191264e-03,5.227283854071197028e-02
-4.352624673706139737e-03,1.279635437702474239e-02,-7.522753442499544030e-02
5.464610040004872632e-03,3.058500771514870153e-02,-5.729800863114185155e-02
-2.193549647540324332e-02,5.437220392705868072e-02,5.590968129287975791e-02
-4.899803315241976071e-02,4.507032092952130593e-03,-3.713544448687884636e-02
-9.561448111611690545e-03,-8.878894607183412946e-03,-3.995196631765635803e-02
6.634634005338388950e-03,-2.423316964216276972e-02,-5.094148163592978305e-03
3.710447016879793447e-02,-4.115672117329020191e-02,8.385506960564005630e-02
1.023123184270808839e-01,-7.735053839577807344e-02,-3.734987749571881503e-03
4.181281597873585942e-02,5.774768161169253899e-02,-4.458013327408894520e-03
-1.315070220224381220e-02,3.327830421758962154e-02,-7.444768187350620523e-04
6.294278812719227012e-02,-1.101190040274440361e-02,-3.093603726203855014e-02
-1.228342417561789808e-02,3.507313755139131878e-02,-6.972104787656226068e-04
4.271470482106328598e-02,-8.127004249717664774e-02,7.108830816095131587e-03
3.906778070894611002e-03,1.965289938277830356e-02,-2.818329187443050724e-03
2.880861412275722861e-03,5.244629532971939456e-02,1.245286969276914076e-02
6.691209940961627238e-03,-5.241021094603060676e-02,3.262459610238087337e-02
-4.462078515072721852e-02,1.730363687431258485e-02,-1.641072382386596015e-02
4.033332683657164797e-02,2.461724326480185451e-02,-3.884008078788603324e-02
5.056153034825274645e-02,-5.888620256630983617e-03,-5.480008181420314983e-02
-5.852541170313696473e-02,9.139797319235687389e-02,5.086579889851654962e-02
-6.790374731160865596e-02,-3.765246654003601839e-02,-4.484285346752103080e-02
1.378359442512958142e-03,-2.006922215930656214e-02,-5.873998374924520316e-02
5.373405942420189652e-02,1.058183594556532867e-02,-1.130600396794129159e-02
5.312433357501420567e-02,-3.823381554853306358e-02,4.809778484488185651e-02
4.484107714020847679e-02,-7.926408365748967288e-02,3.139225613427176764e-02
-9.643277801850419842e-03,-4.223536061730763513e-02,-3.993202811277120345e-02
-2.894696041713898382e-03,-6.408674394663362375e-03,-1.502944100310963683e-02
1.626725814548678206e-02,4.539108047222629311e-02,4.141439934642030668e-02
-1.594689845624537583e-02,-5.753373224433986494e-02,-7.785942050476732379e-02
8.054258233408631562e-02,-2.599232394564749554e-02,-6.335440353617072598e-03
4.110388176098769830e-02,4.640188690720673317e-03,-3.451839837953125240e-02
8.836062207348704609e-03,6.172384079278678964e-02,-1.785880696345619814e-02
-2.216697807436926460e-02,-4.059299900796907445e-02,-2.364284689191996705e-02
-7.606099620333500733e-02,4.892459865133230723e-03,-4.893015154696458979e-02
-6.117881149225126020e-02,1.827449057373501523e-02,-4.606018522897064454e-02
9.349077682979865800e-02,6.528648353769742063e-02,2.753629950368827184e-02
-5.178403813455699500e-02,8.643646543422849743e-03,7.281085854006400611e-04
-3.352998021661876549e-02,3.016378701348911354e-02,3.167724765346152660e-02
-2.227116167149190487e-02,-7.967152961708433290e-02,1.485406725475150319e-02
-5.030784922649167955e-03,-8.188329509502301207e-02,-3.399970480382485255e-02
4.310072232374079042e-03,-1.537211019393527368e-02,-1.029103257339668851e-03
-4.637674470070032862e-02,-9.795730770204512383e-02,-5.820655716838877419e-02
-6.682172782772900430e-03,-5.421667502736357558e-03,9.003873322653326017e-02
6.074655985470198832e-02,2.211244822413929723e-02,-3.454601966786940287e-02
-3.959390146670222627e-02,-8.631493687896603373e-02,-2.433537064716579518e-02
2.338501638400374699e-02,-8.218116588946336063e-04,1.956247901672421297e-02
6.311325743414997191e-02,-1.209687463950226633e-03,4.608757505051418873e-02
-5.000738992721302095e-02,-7.177744736441657447e-03,-1.008445266563875731e-01
-6.544880589743964916e-03,5.146880968214153501e-02,-9.983523993579966616e-02
-5.585468739963509593e-02,-5.577842024991905984e-02,-7.081367472993758960e-02
-2.244487573745226894e-02,3.001649453962735789e-02,-1.281392606236884599e-02
-3.329483241826362155e-02,4.745310242840770042e-03,-2.415142527306039441e-02
2.883945297791280088e-02,9.984172648501561664e-02,-4.207220265563837991e-02
-7.809553516488775687e-03,-9.208809179503734885e-03,1.660650458238362159e-02
-3.501749892467114628e-02,2.672732642355504090e-02,-1.987525068180076918e-02
1.703020315845951357e-02,-7.738359268475368015e-03,2.752234060449897449e-02
-2.001686347297566837e-02,-4.406271876238788271e-02,3.961798034586171829e-02
-4.110752939580857197e-03,2.096583934368574653e-03,2.635342959691808554e-02
1.317093443950047120e-02,7.256674299191631650e-02,-4.848211745986820767e-03
-6.264421471811207343e-02,-8.685379759477567657e-03,1.209353787905987319e-02
-7.598522207239191695e-02,-5.102986034277594285e-02,-3.675014686321129848e-02
-5.671293071934707664e-02,2.484359081608363343e-02,1.706565182477467330e-02
9.117684584485822403e-04,2.077330393041948442e-02,-4.665334137125106556e-03
-5.286926155344537359e-02,2.909371100748316119e-02,8.490105428066380133e-02
3.153306131907500365e-02,7.991977417124224853e-03,-5.829715692224494983e-02
1.796463269819281033e-02,1.789824241216905580e-03,7.884782543325266624e-03
-5.254519209412234632e-02,1.413173121010336854e-02,-2.089249717606090143e-02
6.164302612705995074e-04,-3.506758468254455446e-02,7.518888839050558159e-02
-3.074753362977145684e-03,-2.098702615879163846e-02,-2.700845066605254280e-02
-6.743122778485308166e-02,-5.024863940529877143e-02,2.928210542176559739e-02
-1.658554299002738819e-03,-2.065127800757436335e-02,1.416723687146935126e-02
-3.362566060727642525e-02,-6.058044427619251049e-02,5.198300617251729039e-02
-5.404618862774853566e-02,3.718721414756985533e-02,4.678666457968794212e-02
4.675342414367832794e-02,1.116237935410166297e-02,-2.805912175343106343e-02
1.980565329603936608e-02,3.879611409323511367e-02,5.426398963960218230e-02
-4.654424231795252498e-02,1.275181244836538601e-02,1.962701924934835609e-03
-5.907079594116509264e-02,1.632434041791244045e-02,5.152256029348396132e-02
2.078465366884658938e-02,-1.399398580283679056e-02,-3.994204163781751860e-02
1.697581777314935078e-02,6.050918672225907152e-02,-1.256955413114521809e-02
4.899220879548461111e-02,-4.498373656477965693e-02,-9.376240755962794715e-02
4.362771841859799937e-02,-4.580073391164370816e-02,-2.225074924156805051e-02
-4.020987589657894733e-03,5.408969230410193285e-02,-6.663760365167747945e-02
5.568733070632715665e-02,-1.184349471741654326e-03,-1.329866510018181845e-03
2.995481258625733514e-02,-6.023669320028722518e-02,-5.410667647661466205e-03
-9.154131669510021455e-03,4.305472709932629122e-02,1.224729580667821560e-02
-5.337789164737131997e-02,2.815615268922965972e-02,3.720878153743767229e-03
-2.046746719586056001e-02,4.292675349780602362e-02,-1.011877039587447472e-02
9.382416577043477257e-02,-6.224916884069887912e-02,-2.788966932010638472e-02
4.089720479627615563e-02,-2.199137265569111113e-02,5.061125149481537217e-02
-4.137182531494805471e-02,3.356490240166221800e-02,-2.092973836097376805e-02
7.186141460916537632e-03,-3.640586254180527143e-02,-1.382524120233490778e-02
-2.999666077558228033e-02,8.369846779662859504e-02,-5.057668860194041403e-03
-1.173391399751816042e-02,-2.399195976960647597e-02,1.748851535413980043e-02
5.966187939026145609e-02,9.318583256580671714e-02,-4.975194555918994316e-02
-6.365687333667096638e-03,-7.900776820452802551e-02,1.072679997169159322e-01
1.450964892914564756e-02,-2.110532678722778967e-03,-1.047231157793736094e-02
3.491659677318395549e-02,4.145887615351531025e-02,1.676034826740346179e-03
1.329651933225919729e-02,-1.204893881422370618e-02,2.227121543292737930e-03
-5.867416785769459520e-02,-8.845160895211984231e-02,1.215804599232134242e-02
-1.740369720239402784e-02,-2.594061884471139667e-02,6.210166192854344076e-03
-2.433206657346612676e-04,-1.651998557353986236e-02,-1.749048708123955576e-02
4.934759446254916720e-02,-3.522727294697893669e-02,-6.039521761214029782e-02
2.085970492265159723e-02,-8.919357514759525957e-03,5.188953991312390129e-02
6.686157521979975427e-02,4.995435582923272305e-02,6.325073836397090976e-02
3.709182085466142947e-02,-6.737879602087831765e-02,-6.939873141002339541e-02
-6.442745275867722832e-02,2.715915770718892522e-02,4.983949348963215287e-02
4.392430530670728833e-02,6.398779344326310792e-02,2.244858017193596469e-02
2.622062951319888494e-02,7.345986269740342745e-02,1.967200756720018096e-02
3.436871331935731355e-02,4.178238924925653519e-02,-6.244523299667417704e-03
-3.516222459801887374e-03,-2.064601568575838431e-02,4.978278268319869665e-02
-1.221756195108692281e-02,-3.543446561756766981e-03,-3.501455828885731425e-02
2.094075794857529899e-02,4.449442232870219269e-03,7.063444648319784636e-02
-3.316638187214657196e-02,1.409019665678845450e-02,-8.714812962705067306e-03
2.791181971768863859e-02,2.248159044867376055e-02,1.095307056835680311e-02
9.428575344604694930e-02,-2.447040459736259804e-02,-6.428856956918639620e-02
-1.231287308186253780e-02,1.880416951723496571e-02,5.827776908643659236e-03
-6.294296043562498666e-02,3.110637716960106599e-03,3.029009709719935120e-02
4.036468825006749722e-02,-3.477683074354006448e-02,4.058022717118441730e-02
-7.284577485100154903e-02,-1.049994664717888992e-02,-4.473737919254702072e-02
2.877437601977697254e-02,5.093093429121895582e-02,1.094676429549641811e-01
4.555579911751058905e-03,6.240540949672325477e-02,3.825961996937671857e-03
8.361080343223319458e-03,-5.343934793394098520e-02,-4.117576097709790134e-02
-4.745104481390790933e-03,6.489151778197047027e-02,2.466107330128154695e-02
7.185296008733181583e-02,-4.466818353654102534e-03,-5.812155938671927091e-02
3.609082843514009598e-02,3.272135125892764590e-02,5.472562813250413799e-02
1.125284436897347300e-02,4.316701564989195578e-02,4.658664394529296593e-02
7.004964804914470822e-02,3.168214215832704933e-02,4.144729834034544327e-03
-5.546126073900043384e-03,3.201096965134189731e-02,-3.471799966511722457e-02
-3.425147281582305997e-02,-3.293429466219571083e-02,-5.190161630189092656e-02
-2.373792068611726633e-02,-4.195910849142228498e-03,-6.432097266035690340e-03
-2.239503850010643449e-02,1.776007039890505415e-02,-4.010552156973916371e-02
2.632991039918514478e-02,9.621420080936152197e-03,-2.738321452075071546e-03
-1.949772806644048742e-02,2.247072390625835803e-02,-1.102196040026958042e-02
-8.037745813693120481e-03,6.948536085225454073e-02,-1.835939099948264916e-02
3.399383004728549762e-02,-1.392215760057152448e-03,-6.375585989336755854e-02
8.699843072706882688e-03,-1.858075637956183024e-02,-3.820578458571576713e-02
-4.607943619777670613e-02,-3.028645437014839195e-03,-1.754143174718717987e-02
-6.293846904131955577e-02,-7.120194171644269807e-03,-4.914116789503171490e-02
-2.414581740752879194e-02,6.619926390016894584e-03,8.022419981779795733e-03
-2.598684371558858397e-02,-8.726805370518274721e-03,-9.073276247700964858e-02
-5.823495016477322345e-02,4.325128076277016953e-02,-1.815814626566834497e-02
1.001077428182008296e-02,-3.374255436571087490e-03,-1.695943559114472532e-02
-3.234492194215704552e-02,1.436055763238600937e-02,-7.358302075552028421e-02
2.444493237524758555e-02,3.171536610801705541e-02,-4.298201343100870736e-02
7.732820237601556457e-02,3.678420436841845637e-02,-8.011885974234993213e-02
-6.373699900120948295e-03,-2.397532165028009449e-02,2.919330995068497581e-02
2.628114884983314900e-02,-2.556826055184267116e-02,6.004136958330480271e-03
-2.665141369012411637e-02,-2.102997767140837079e-03,5.212487493095487728e-02
-9.044425805484377148e-03,-3.889918596467058926e-02,-6.961416212756281474e-02
-2.632556979007413464e-02,2.628784022041866231e-02,-4.865560261955248489e-02
6.384516442055344389e-03,-6.842053216385535208e-02,-3.054635292734224003e-02
4.534700154187792931e-02,-1.080999530063142360e-02,1.705245276354578135e-02
5.289229359411934395e-02,-6.427950929248116285e-02,-7.794914709359949262e-03
-7.326297269888772112e-02,-1.870256072477703008e-02,-2.055480877252753233e-03
5.738244075812774098e-02,3.000609803998101344e-02,-1.515883642559202535e-02
-2.251479662438438459e-02,-7.153084827584033079e-02,-9.241547898543105502e-03
5.210861524968699379e-03,4.283086149413684734e-02,1.572902219791989797e-02
-8.785309774036689778e-02,7.224857072651326428e-02,-2.906816090041193165e-02
4.749915139230287409e-02,9.667312185483163504e-04,-6.930148959531746977e-02
-4.666903402718310806e-02,-2.716779987044818170e-02,-1.177049333464569476e-02
-1.543760730374374619e-02,1.030772289306010163e-02,5.754043654164445187e-02
-1.489240396652688134e-02,-4.536046817027010458e-02,-2.791396997177321426e-02
-1.230524270656703847e-03,-1.602345985758665825e-02,-6.997033648607821690e-03
-1.718351888868263275e-02,-5.863914034759608838e-03,2.574145312720364440e-02
4.458734179780986240e-02,4.496166511857324632e-02,-7.349409744219781437e-02
-9.992884079532001265e-03,-1.335922489449913597e-01,1.112083538793869619e-01
-5.272765797924265641e-02,6.719133692253413670e-02,2.190855846131362430e-02
-9.762834651271724840e-02,5.484841073132286533e-03,-1.105631732357397444e-02
-5.515305437526628329e-02,4.116327381217714521e-02,5.310324355505899319e-02
1.662298968352590028e-02,-7.590158227578600036e-02,2.304114238970909542e-02
3.058023485199634368e-03,1.656926004975694047e-02,7.690648169839914283e-02
-1.705815413866964766e-02,5.963530714327799215e-02,1.474196440874436104e-02
9.616396511205646536e-03,5.027027354037231360e-02,2.497752473780253876e-02
4.625240578669501113e-02,-4.662940068182782477e-02,6.049727894139805828e-02
-2.533374188067781183e-02,-2.514451023850632766e-02,3.272079020210431205e-02
4.020453640892231867e-02,-1.612757162675448669e-03,-5.686508622638769550e-02
-3.727522682977762493e-03,3.781862792016953741e-03,3.929302719494096735e-02
6.398958028038827239e-02,-3.115102316502784199e-02,-5.400340449957594102e-02
3.556196729032798376e-02,-8.643745102131340785e-02,-1.144569813602010905e-02
-1.641249831574167345e-02,-2.114960104142854166e-02,2.921243558146601263e-02
4.325301161673227035e-02,5.268695315920459560e-02,7.125238707503304958e-03
-1.019372889557197508e-02,2.583166313002616815e-02,7.942571699067722812e-02
-5.126582807409958004e-02,3.295276856031405938e-02,1.867772859787475079e-02
1.377754785052461572e-01,-6.495746399584099995e-02,-4.797848968003593645e-02
-1.346478626159443130e-02,2.676007735890721662e-02,-5.696390443753081116e-03
3.298191176925611284e-02,1.420853564354779448e-02,-2.458012372623319744e-02
6.241364217674811449e-02,-1.120639159616314100e-02,5.791670022932664252e-02
5.506479984236774955e-02,2.742471746996205141e-03,5.798721570248675794e-02
-1.321468521261227663e-03,1.135657622911862008e-02,4.252801476110987938e-02
-2.612654110195876400e-02,7.083905868252653171e-02,6.023551119225571682e-02
-6.372721777415481237e-02,5.193222641159268155e-02,1.609725972237039185e-02
4.313074823284959031e-02,1.438482560401545740e-03,-5.470748016951891383e-03
7.522832262247590440e-02,2.280998184517242164e-02,2.089103386800893539e-02
-6.257974668452431777e-02,4.907040192039568982e-02,-4.052576866226040991e-02
5.041624213079393124e-02,-3.557708910386984946e-02,-1.088730503364481947e-02
9.967742418923541958e-02,-3.204751315954321861e-02,7.026846821696267065e-02
2.136157756446127598e-02,-1.688514794797183263e-02,-7.255985941686099450e-02
1.666955716113057567e-02,2.454200161494296886e-02,1.380215732711808675e-02
-9.015040877124122498e-02,-3.776277689583589642e-02,3.647984727952985340e-02
7.655678501532613145e-02,-1.462956517854719501e-02,-5.623012239675896640e-02
4.425777924578493117e-02,4.170288323076840747e-02,-1.059253561603875765e-01
4.182284613963330178e-02,-1.285431778462165116e-02,-1.861559819072690011e-02
-1.716768207431235496e-02,1.916875074224657152e-02,4.584880623064865272e-04
-1.193411454202454175e-01,-2.627989491230604130e-02,-3.671676355850919671e-02
-1.284337756459673179e-02,-1.126065381709283157e-02,-3.457996447293053971e-02
2.904170379072985517e-02,-1.175897604455410431e-02,7.881121993484954680e-02
-2.104579220909674753e-02,-3.134434814901321253e-02,-2.794475313948950601e-02
3.311611109170957759e-03,-5.518613354953231381e-02,5.219924506661841740e-02
2.048466230068661867e-02,-2.547381283955214154e-02,-9.092786392239178908e-03
-1.036850871922304074e-02,1.298226948053280740e-02,4.081260910476700726e-02
-5.663223533034100060e-02,-1.788340193256173632e-02,6.181893559579586250e-02
-1.157068202195047635e-01,-2.031939340433502536e-02,-7.583915939470147610e-03
-6.618363248983190339e-02,5.766524059234738077e-03,1.097705540935004637e-02
8.348636421178485742e-03,-9.186486478079380555e-03,-9.103396485182553566e-03
1.405906615264262798e-02,1.049352092087607324e-01,3.397110354403189841e-02
-2.584841847546475238e-02,6.599245615113302765e-02,-1.342413080296922002e-02
-2.068324407973341425e-02,3.869557342552686768e-02,3.060171418809936456e-02
-1.212359943386413091e-02,2.895521743918016457e-03,-5.345613520766978079e-03
-4.605245121754033416e-02,7.721771852190968677e-02,7.082363493371396368e-02
-5.450788561674169835e-02,7.121714441348354907e-02,-3.218748645698110006e-02
-2.556159032781175899e-02,-5.018833923918566975e-03,7.535712237377843736e-02
1.446323483375872195e-02,4.428206797164943934e-03,1.213047518951251630e-03
-2.187032794005770373e-02,-1.419487825941780253e-02,-3.193192971328768365e-02
9.559987952409222667e-02,1.750331548022756450e-02,2.454646120640593260e-02
-6.006319501490338386e-02,-1.006258728258544038e-01,-1.550503889652557130e-02
5.056288922358153325e-03,-5.692985859009785411e-03,-3.772216173787184407e-02
1.330100346634055172e-02,-1.059817418651153031e-02,4.939397401122200444e-03
6.583144126817928876e-02,-8.800163438026074869e-02,4.183086196466292983e-02
1.508281499504292647e-02,-1.000692139568455825e-02,2.225272633845423124e-03
4.653097859358354578e-03,8.020452359359749386e-03,2.897607507983396280e-02
6.329894087486516441e-02,6.030310584970643983e-02,-8.872001157121393172e-03
1.323373336304524937e-02,9.309257419632902680e-03,-5.603861882751366014e-02
-1.050588408623908676e-01,-8.524501671084269618e-04,-1.353956654048725505e-02
-2.914918483376304631e-02,3.028488619423453515e-02,-6.853068133126215267e-02
-2.297584510190465047e-03,5.515211729118921213e-02,-3.505066537440789526e-02
3.295921759875843071e-02,5.786184603977832797e-03,-1.457560084172549765e-02
-3.392733621218615991e-02,7.649558961772975896e-02,-5.533532762784902637e-02
4.013759008907345077e-02,-5.616612227104446353e-02,-8.679935557840419424e-02
2.210171729303773286e-02,6.567634262652981281e-02,2.873236111736414758e-02
-4.226797582029084843e-02,9.261530171080555041e-02,-4.111634848236355583e-02
-4.812119111291627942e-03,2.495713017809646564e-02,5.161980769999957586e-02
-9.414722040166820238e-02,-8.862523439044657503e-02,-8.252970567414939784e-02
1.467198789744915584e-03,2.065551937660654522e-03,-3.859291971538139805e-03
-4.903203824308814684e-02,-3.758381836334417914e-02,-4.628642111708541895e-02
2.728687541748968381e-02,3.167993716160322215e-02,2.986897988772257984e-02
-1.080193801756502807e-02,2.384689913169337969e-02,-2.162665903430033287e-02
-3.238546082472161525e-02,3.666170721024079177e-02,1.083841678222047418e-02
-6.031434115534372448e-03,-3.938491299678824331e-02,-1.927014128313274052e-02
-5.838619294139349436e-02,-5.615890825141501425e-02,-5.945542809871116191e-03
-8.894337066464425012e-02,5.595727724042515172e-02,-1.404910392993204832e-02
2.630435558066285956e-02,-2.779564887126780015e-02,-2.565603483056611706e-02
2.545896928529649619e-02,3.365517642071119957e-03,1.522102769625431444e-02
-4.279503025461230126e-02,1.851721089136821805e-02,2.718205960066773577e-02
-7.798036142182257491e-02,-7.202003857563668565e-02,3.213400605211461092e-02
-2.631838977194108156e-02,3.524403390790033924e-02,1.911206144280083903e-03
3.821239753795025590e-02,-8.916975127944865367e-03,-5.577357985127781581e-02
-2.124992782024472115e-02,4.289187683950129032e-02,5.267355070575177904e-04
-1.995916062914239800e-02,3.409283078741930789e-02,-8.973871623689461119e-02
4.617327430386930498e-02,4.021127101754221056e-02,-6.203142594334370985e-02
5.530790709921690196e-02,-5.100775092260913940e-02,-4.321951551634300309e-02
3.154458161438198488e-02,5.160674514403970452e-03,-9.137719616659675456e-03
-8.047861437831045628e-02,-1.841405933173760612e-02,-5.309155495331593227e-02
5.819122043293165070e-02,-1.387074202003628701e-02,-2.356782365798827661e-02
8.339068366564246493e-02,3.022089341873882354e-02,-3.573512382659531361e-02
1.687633426664712777e-02,1.068995949752062601e-02,3.181497535530965898e-02
-2.406898273928914644e-02,4.174250300683399195e-02,-7.415252260299464923e-03
-4.376088756934050361e-02,-6.283165697850266740e-02,-5.959807064608373811e-02
2.507483764004422161e-02,-3.470521652001325175e-02,4.438987875212620920e-02
5.230477692552648562e-04,-3.486071068212026614e-02,-4.798122072748537380e-03
-3.923051698475761573e-02,8.429030698550525613e-02,-7.247918230624318670e-02
-3.515156195929849958e-02,7.396442105380830745e-02,1.101140243408719327e-02
-1.047416737664267315e-02,1.920516420959706913e-02,-7.801366826924828468e-02
-1.576548273471263181e-02,2.305013624206303513e-02,-1.442833026789410063e-02
-1.515274860682631897e-02,-4.424121590216861799e-02,5.644206271159195321e-02
-1.711332847264779300e-02,-1.476650692919855967e-03,-1.577390706977303270e-01
-1.043716127765618867e-01,2.849553495870335226e-02,7.702476147583807442e-02
8.715117732874694267e-02,3.315942885465406748e-02,-2.787632179132839769e-02
1.464805052637596638e-02,4.492932720007230402e-02,9.332813200709286564e-03
-4.661726595852187099e-02,-2.260641836365199359e-02,3.054230110058506198e-02
6.177916855622229281e-02,1.051063059162944680e-02,1.572937227561472043e-02
-4.560706434795187142e-02,2.731760254749407424e-02,4.433615622020273261e-02
1.705495147069720219e-02,-1.296077953362329699e-02,3.093305537932086735e-02
-5.772617508693134170e-02,4.545148479532750904e-03,2.954639526807409378e-02
-4.501748993649921926e-02,-2.282872853139378266e-02,-4.158798421459256739e-02
1.477047517453921634e-02,-1.202342377459438873e-02,1.026469533614835991e-02
3.060921599072910070e-03,7.363577150346183042e-02,-3.886275722547664208e-02
-2.119057750624908296e-02,3.318396033572794390e-02,-2.459729579902690446e-03
-1.873445342472513514e-02,-5.344621367204763045e-03,1.845484603518600386e-02
4.677151992259153540e-02,-9.623158086899697219e-03,-3.978782651365508211e-02
2.400880589010170874e-02,1.048513089878256623e-02,5.105232881445159049e-02
-3.550969079750615487e-02,-2.775231231470205034e-02,2.070143660757008466e-02
-1.384781501663683370e-02,5.534717143898000048e-03,6.815144444049253680e-02
-1.311016171851809263e-02,5.812707049979193297e-02,-2.201703845157916908e-02
5.152804331625578799e-02,-3.860819516680806529e-02,-3.424899734100253501e-02
-1.936741761516847654e-02,3.201321177079729380e-02,-1.109433921432245208e-02
2.143610039047503385e-02,-4.260014920620979091e-03,2.685720026257382154e-02
-1.129313281270970769e-02,-2.819228872164434435e-02,2.307803316442893007e-02
-4.947652891659792829e-02,1.397044314000932957e-02,-1.051815740451989695e-02
2.282173956281390720e-02,-4.614711355700620854e-02,1.778787429859544217e-02
-2.210769323196621391e-03,2.025581325381441491e-02,2.979788966293981517e-02
-3.721188392337751449e-02,-1.106295576645313639e-02,-4.113566713545229771e-03
-6.591019832275707424e-02,-1.125940886095453015e-02,-2.733148719934172521e-02
-2.164218505955094532e-02,-1.787992126635391810e-02,-2.395555542271755878e-03
-9.778143354878897353e-02,-1.227963154116288279e-02,-1.145550919458141782e-02
3.279875098387080579e-02,-5.623827817533345874e-02,6.152105213038431414e-02
2.526604217903918870e-02,3.586995120595505310e-03,-6.280791733463094925e-03
-4.603848727011652930e-02,1.968990289794504309e-04,-3.501262619571699278e-03
1.877366786268103160e-02,2.004432715144333771e-02,-2.042100517956547956e-02
-4.779853151088877400e-02,-2.716999270440781725e-02,2.589882307183046309e-02
-4.512760800626369338e-04,-3.834062361870063489e-03,-6.609468839424223474e-02
1.317131818944215771e-02,4.405166510689011855e-02,-3.068538167324288968e-02
-1.757283630471088293e-02,4.909394863458783898e-02,-2.485736332903061216e-02
3.338465612125762760e-02,4.816984852313779819e-02,8.930689344447606190e-03
7.408086491574430998e-02,2.572464843965332690e-02,-2.505140264948293310e-02
7.441812825403271159e-02,-1.460935319438376803e-02,7.285013158309952552e-02
-2.910770846630617026e-02,-1.548413299759402763e-02,-5.212332819058784761e-02
-3.071132362929738721e-02,-4.458370666381768210e-02,-1.469268954746024217e-02
1.709081082804786433e-02,2.432411142678438110e-02,2.179049207710984787e-02
8.044799019341412200e-03,2.499703956991630033e-02,3.071968431360309892e-02
-3.503460692264977194e-02,-9.705901997212865520e-03,-2.627708378596296801e-02
-2.978193743000111596e-02,9.300711479309949070e-03,-5.501330366968867208e-02
6.455410536977099212e-02,-3.921871191068265067e-02,-2.405981278498526763e-02
-4.919740689297211200e-02,-1.454512742584499613e-02,-1.839441339164217884e-02
-1.358727918920871192e-02,5.717486074196669044e-02,-7.435487051412213722e-02
1.685216980922270985e-02,3.181160227007326369e-02,-5.056721506758916906e-02
3.557599973427395812e-02,-2.364000892740016069e-02,-1.505100184693568821e-01
9.794412146477003700e-02,1.095291891936129094e-02,-9.424171495947089236e-03
2.904489118999906486e-02,-2.901806048393981707e-02,2.235282373960977356e-02
3.054926485473088722e-03,-2.687026789629348017e-02,3.604294116576441109e-02
-4.699611361390988729e-02,-4.774823854246114385e-02,-1.514546602552011186e-02
9.807045757261486502e-03,-2.917236825231433323e-02,-4.199761249869546353e-02
-1.020253479735710317e-02,1.228429098891984338e-02,-9.817464239610362853e-02
-1.691460808292275658e-02,2.705402042261536785e-02,-9.095454789915348448e-02
-4.303560088050912419e-02,-3.492682241686482364e-02,-2.443122135796707214e-02
4.704791640566009792e-03,-6.021552097048942995e-03,9.426353347519937642e-02
5.617022288052377771e-02,2.321111876343409999e-02,-2.688739825645154388e-02
-1.066713032619435175e-01,2.289344242654495556e-02,2.963530777043390380e-02
4.874291261900069727e-02,-4.784802336535011469e-02,-6.643378574036042095e-02
6.275888884946349139e-03,-2.942231090672143071e-02,-1.631873796947534358e-02
-2.821085515527950102e-02,-9.294982246699664413e-03,5.739887455596506816e-02
2.018881544252730531e-02,-1.934112988277585793e-02,-4.020741538623475581e-02
2.821715280270236520e-03,2.952156228387459516e-02,-2.380623535332510032e-02
-5.994725527861945180e-02,7.134139060013172662e-02,2.221951214997134813e-02
4.161444872323986910e-02,5.266972930047839757e-02,5.876680950113162549e-02
4.815671423753416225e-02,5.001337324859076588e-02,7.659988818869457872e-02
7.696814005245701529e-02,3.731204186051770288e-02,-4.471885337641080989e-03
4.041039972287236576e-02,-7.966488352074176105e-03,-1.489457669628877108e-02
4.085571416483255169e-02,-2.657434878386216032e-02,2.568022499915804599e-02
-1.560567388794241797e-02,-2.440929294553095819e-02,2.552183007845008466e-03
-2.499175807502028446e-02,-5.032145149916222859e-02,-3.088856692636594153e-02
7.923799093902174698e-03,5.111107672092310428e-02,-5.904220722192947413e-02
-1.597103802997166481e-03,-5.054565623201017627e-02,4.720492208176145510e-02
-1.701960176378686240e-02,-2.102497974571695266e-02,1.588534353529191812e-02
6.531694992083587892e-02,2.337381033237218367e-02,-3.398435881330719166e-02
-1.258366312297484919e-02,3.035496436632888553e-02,-5.006003450062735532e-02
-4.268042694826986588e-02,2.329194259148939863e-02,1.672994754548068688e-02
-8.446744517429676316e-03,2.034281179802266762e-02,-5.161911844349708484e-02
4.471895810323169018e-02,-2.257310219390852232e-02,-1.727133633019096656e-02
-3.066716161866114496e-02,1.524455493570825437e-02,-3.094472325416290398e-04
