mag_x (uT),mag_y (uT),mag_z (uT)
3.251654820475112473e+01,-3.607031962788858959e+00,3.769868910515614857e+01
3.251190768594862135e+01,-3.601083831932359480e+00,3.771414122788378620e+01
3.252727485593354828e+01,-3.622459030356249166e+00,3.771111388435056000e+01
3.252130873315790893e+01,-3.628886474154315867e+00,3.770955600521809714e+01
3.249884743142052912e+01,-3.654518222627203272e+00,3.770962043784845008e+01
3.251509286683399580e+01,-3.673776982638222055e+00,3.769639487836302294e+01
3.252647050397822426e+01,-3.696451333940637962e+00,3.770366206439275913e+01
3.249746515599575503e+01,-3.736640925267638469e+00,3.772638243632276556e+01
3.250883471363811594e+01,-3.749932398639020281e+00,3.768881474519195507e+01
3.249491407811262178e+01,-3.765856331485786690e+00,3.771917740692808252e+01
3.250622454629626645e+01,-3.830088965318302119e+00,3.771865050507844330e+01
3.249322631918096960e+01,-3.881447724492589124e+00,3.769266622762957297e+01
3.249891493232140505e+01,-3.896571186546623711e+00,3.770036126581880609e+01
3.249799594868961350e+01,-3.922085053658066034e+00,3.770722341261604527e+01
3.248700290348800479e+01,-3.961286621600681901e+00,3.770969958547787115e+01
3.247457327747080313e+01,-4.013080097789276657e+00,3.770567224284483387e+01
3.245529591294132388e+01,-4.041102138429611301e+00,3.771461127785840262e+01
3.248443513473666400e+01,-4.106287303537259348e+00,3.771259795799790737e+01
3.245230948787267522e+01,-4.121378126283922860e+00,3.769714672858242466e+01
3.245516480107074386e+01,-4.166463511139945730e+00,3.768433786371550553e+01
3.245857322894237740e+01,-4.234440745269176354e+00,3.770803804117194602e+01
3.245808176619628682e+01,-4.278002420765624869e+00,3.769868729789464368e+01
3.243921274342872607e+01,-4.316576321529109528e+00,3.768357755324143454e+01
3.243469651721459002e+01,-4.355713233708472742e+00,3.770728505654774665e+01
3.241396309960066446e+01,-4.412873825468238032e+00,3.771091223335571385e+01
3.239955484623896353e+01,-4.457247397173255798e+00,3.771276925882327191e+01
3.240527360795869782e+01,-4.516456979021719498e+00,3.769719051297731482e+01
3.239607339910031669e+01,-4.556894473627316700e+00,3.770063373773464832e+01
3.239072779005176983e+01,-4.607912645918583294e+00,3.770651615410373125e+01
3.239980955397043516e+01,-4.654262947038048992e+00,3.769447451011755845e+01
3.239447176081549884e+01,-4.701785414029558297e+00,3.770402319829419469e+01
3.236536511363497226e+01,-4.750061074430163899e+00,3.769663595502086650e+01
3.237147978727051623e+01,-4.805832383768966487e+00,3.769972975884762434e+01
3.234260338126892265e+01,-4.867433841301238573e+00,3.769980549854109597e+01
3.234036472440632792e+01,-4.891913562497204992e+00,3.770688654221461888e+01
3.233844376866080950e+01,-4.940763359248861342e+00,3.769089772564108642e+01
3.235021236854858984e+01,-4.992728176464004797e+00,3.770095224098310638e+01
3.233584683025899409e+01,-5.034785298475958015e+00,3.770761880279869871e+01
3.231962669546300759e+01,-5.108992237034030381e+00,3.770276748206988060e+01
3.232113775551798085e+01,-5.142082855180954759e+00,3.769086736043662711e+01
3.228688997667893545e+01,-5.197817315826685380e+00,3.770230143715029669e+01
3.231038135864307037e+01,-5.240455519867902368e+00,3.770182612853184168e+01
3.228864381617085400e+01,-5.292072757967393848e+00,3.770639766854817054e+01
3.228346794652575369e+01,-5.352609501589700614e+00,3.769239090689900706e+01
3.227205965300270663e+01,-5.387040670781746421e+00,3.770955519185190497e+01
3.225741224086114300e+01,-5.434289277526239026e+00,3.770072832836710575e+01
3.226837826739343029e+01,-5.495782927589433875e+00,3.768287989072140221e+01
3.225051162975380237e+01,-5.552010496383042337e+00,3.770059247134025071e+01
3.224935321689965662e+01,-5.614098557392140698e+00,3.768269858797884808e+01
3.222303884907814364e+01,-5.642764096662885365e+00,3.769983869240442687e+01
3.220588117174839482e+01,-5.692723956805867402e+00,3.770073939742100322e+01
3.221057500096202375e+01,-5.740718993290463423e+00,3.768706197297769478e+01
3.217334130359782307e+01,-5.809146580285540651e+00,3.770208093123811466e+01
3.220162373382321164e+01,-5.850704721562046018e+00,3.770826690868423015e+01
3.218291440963320582e+01,-5.902473561492088017e+00,3.771535432907905516e+01
3.217963230510989803e+01,-5.943392735490109047e+00,3.769989750275014018e+01
3.217423072242029036e+01,-6.008739787368639007e+00,3.770422234559531205e+01
3.215281862247144318e+01,-6.045089515166478300e+00,3.769816823453633958e+01
3.214948856804721089e+01,-6.097033487500283400e+00,3.770070334239618859e+01
3.213771850865579438e+01,-6.161249480809440016e+00,3.771343163564025502e+01
3.213134686907697102e+01,-6.197375516739558776e+00,3.771974230209700352e+01
3.212552672825206201e+01,-6.245628049267086368e+00,3.768864070422298340e+01
3.211398893566583723e+01,-6.293198639516305981e+00,3.769800119362922430e+01
3.211571317941193371e+01,-6.367516272822673074e+00,3.771464535329413081e+01
3.207794109002735894e+01,-6.403261676018010107e+00,3.768779030500539307e+01
3.208447533361140103e+01,-6.437825927671798176e+00,3.768349934775074672e+01
3.208359079353892440e+01,-6.501107016110021064e+00,3.770611503635235806e+01
3.204113559021946145e+01,-6.540383937030170181e+00,3.769884404814248313e+01
3.204210704670111198e+01,-6.603196472733422695e+00,3.769541291359168866e+01
3.204044442330930309e+01,-6.666206899548846820e+00,3.772123565197149020e+01
3.202167426583797294e+01,-6.702302686704916468e+00,3.768099541362882832e+01
3.201754753689701971e+01,-6.733607091785093424e+00,3.769416281596032547e+01
3.201470413388641845e+01,-6.816527345895922352e+00,3.770689534250606556e+01
3.198963697753668711e+01,-6.849076466814412179e+00,3.768394030721638899e+01
3.197878754851960892e+01,-6.903325461098792637e+00,3.769900034234457564e+01
3.197074480984093725e+01,-6.955554244486533477e+00,3.769206722344803495e+01
3.197415982444105609e+01,-6.993355332437702465e+00,3.770047953019028597e+01
3.195613207356120355e+01,-7.053018434957201599e+00,3.770275260865874145e+01
3.194581996389933920e+01,-7.094654251588452532e+00,3.770755772866470323e+01
3.193537809176916653e+01,-7.150190872199543968e+00,3.767478352222963167e+01
3.192587347819375765e+01,-7.204463434585154147e+00,3.770259908377501290e+01
3.190720346125619500e+01,-7.255377085056180064e+00,3.770385101615821810e+01
3.189110813170455927e+01,-7.312093168479170124e+00,3.770839797680041272e+01
3.188647621773752761e+01,-7.347881432285428893e+00,3.769561399424657822e+01
3.188812632390419566e+01,-7.423643817171384107e+00,3.770845933332446975e+01
3.186449983274852116e+01,-7.471728800789749769e+00,3.769976995650127094e+01
3.184096166401830885e+01,-7.498091098025577494e+00,3.769652693273206978e+01
3.182461064582867039e+01,-7.550070822017594274e+00,3.769811407682998805e+01
3.183547899427587780e+01,-7.614947693178702792e+00,3.770955236770051755e+01
3.181362675030855769e+01,-7.653768390845040237e+00,3.771338007780001789e+01
3.179923774075210474e+01,-7.705111687341671178e+00,3.769365348681066052e+01
3.177870593623945439e+01,-7.758443240364863769e+00,3.770222812979785942e+01
3.178351241105824698e+01,-7.800026585165893422e+00,3.770048715921035409e+01
3.177486950605415927e+01,-7.869022982626979079e+00,3.770703362859482155e+01
3.174768331007359023e+01,-7.896820218738270114e+00,3.770753144593710715e+01
3.174657190568997578e+01,-7.962286301668098254e+00,3.770077405083350186e+01
3.172477507284260057e+01,-8.005481894850449365e+00,3.771520708086455898e+01
3.172430990994454447e+01,-8.049090851371742517e+00,3.768559344130617461e+01
3.171714246126113679e+01,-8.106980118415567205e+00,3.770512091113441500e+01
3.167857542615747946e+01,-8.168081607498171692e+00,3.771604835382115795e+01
3.167127320938078938e+01,-8.215784232658728925e+00,3.772213349825103990e+01
3.166976850752143946e+01,-8.250867328602652151e+00,3.770228043250861560e+01
3.164551036298290754e+01,-8.310980067330037357e+00,3.769820241374183922e+01
3.162985384734957250e+01,-8.355864775132982203e+00,3.769864634607099418e+01
3.162022512630262838e+01,-8.388964003160703342e+00,3.769950195169385410e+01
3.160480386771937944e+01,-8.445622644072845020e+00,3.771114021406653904e+01
3.158551627166587394e+01,-8.497151962299104966e+00,3.770961748888541365e+01
3.157799049859972484e+01,-8.560385697391490467e+00,3.768619753090026592e+01
3.157332073341833478e+01,-8.609847642265613388e+00,3.771894992699064630e+01
3.156069617414615891e+01,-8.645334602950251579e+00,3.770263293965980722e+01
3.154963978988633855e+01,-8.687039809410597613e+00,3.772177270168788255e+01
3.151608783037443473e+01,-8.752509872177231642e+00,3.770308209930698951e+01
3.150520254308343127e+01,-8.798227279046338722e+00,3.769065931781403833e+01
3.150978173834701579e+01,-8.854189892562278175e+00,3.770164943090728826e+01
3.149235476157047131e+01,-8.903647958841780508e+00,3.771035522920249861e+01
3.145138441032223753e+01,-8.959621670917702119e+00,3.768904287445132439e+01
3.146323025494778136e+01,-8.995607529453184981e+00,3.771791340408429249e+01
3.145148720540741039e+01,-9.052181666347781430e+00,3.769361846938674176e+01
3.145563881040452614e+01,-9.101661526784424083e+00,3.768935204409407902e+01
3.143324158889172537e+01,-9.152852358802032740e+00,3.771391490064663543e+01
3.139402349193215613e+01,-9.187272494400090750e+00,3.769485829626803053e+01
3.138618859210021128e+01,-9.242478380802104709e+00,3.769316531234886725e+01
3.136614678056290728e+01,-9.305825743076962198e+00,3.769332439835041271e+01
3.136125490890908196e+01,-9.319434093195745561e+00,3.770706347823252003e+01
3.135080344292727972e+01,-9.391554730753032487e+00,3.769338092843461396e+01
3.133326248798883285e+01,-9.450987385553064613e+00,3.769074523517406305e+01
3.130992905143839167e+01,-9.496268859598956169e+00,3.770768733059396283e+01
3.130188725172358133e+01,-9.543029412933041300e+00,3.769943801464830813e+01
3.127486096684929961e+01,-9.595591143559362379e+00,3.770251910659061423e+01
3.126314027229833314e+01,-9.660385781597387478e+00,3.769431840800051958e+01
3.126055417262289993e+01,-9.682168474817235193e+00,3.769454952848800389e+01
3.124586162643037923e+01,-9.714995862760822831e+00,3.771613709353207611e+01
3.123352837478871180e+01,-9.785760344721484927e+00,3.770896900008706609e+01
3.120462684974989287e+01,-9.838888732339569287e+00,3.771199889671321870e+01
3.119322219267012741e+01,-9.898052001947080569e+00,3.768614433606669678e+01
3.117706775167312472e+01,-9.934716472654709918e+00,3.771765862184213347e+01
3.115425335332032830e+01,-9.972701879436213446e+00,3.768619395377210424e+01
3.114658566365372394e+01,-1.002599736604713598e+01,3.769214425855255257e+01
3.112529023286117180e+01,-1.008834409120625430e+01,3.768645337552599273e+01
3.110784648621281434e+01,-1.012496266756598118e+01,3.771558280764957516e+01
3.109133418647999392e+01,-1.017406189016213958e+01,3.770994619817813032e+01
3.108574411760828227e+01,-1.022846541852004343e+01,3.769764852569693403e+01
3.106377011760277895e+01,-1.028000551523000716e+01,3.768540753434929513e+01
3.105165178068365606e+01,-1.034320670123818608e+01,3.770166563574436935e+01
3.103736385859739855e+01,-1.036703038548391476e+01,3.769705062261446216e+01
3.102387614816150219e+01,-1.043120509696548304e+01,3.769708889064630597e+01
3.098526583979962723e+01,-1.046871159406102691e+01,3.768794669794100116e+01
3.097695630306839831e+01,-1.051208760968195755e+01,3.771262360715219586e+01
3.097792673131055707e+01,-1.055550634894252759e+01,3.770535731643438737e+01
3.095351515430844103e+01,-1.062403408735202071e+01,3.769390715205604891e+01
3.091888995896392700e+01,-1.067512235321284209e+01,3.770595529818029945e+01
3.092573278551491356e+01,-1.072101173030537247e+01,3.767549110586303129e+01
3.091166381423434828e+01,-1.076121284993524796e+01,3.770245361913753612e+01
3.086897373360642405e+01,-1.082816536429534970e+01,3.770143997186545448e+01
3.086472079872381258e+01,-1.087030367909763129e+01,3.769883502254909757e+01
3.084180316573695890e+01,-1.092494529793634506e+01,3.770957904151752160e+01
3.084603847562572199e+01,-1.094527722512651380e+01,3.771342525551641245e+01
3.080778674439613951e+01,-1.099499489089864568e+01,3.770939363328708538e+01
3.080844197834301568e+01,-1.103207730091514271e+01,3.769347983063705243e+01
3.078074848242344785e+01,-1.108127370400022649e+01,3.769884847179710619e+01
3.075672505151557345e+01,-1.113677387444816880e+01,3.769971902812394404e+01
3.074422653081829893e+01,-1.118707378380992168e+01,3.770655370392469052e+01
3.072603416417162947e+01,-1.123860818596281774e+01,3.772566044279538744e+01
3.071442396663256247e+01,-1.128760719422906078e+01,3.771032644081105900e+01
3.069557674651226620e+01,-1.136311856348070748e+01,3.769724578917335833e+01
3.066895958527464927e+01,-1.139359155834366888e+01,3.768966405906407147e+01
3.064829976989739535e+01,-1.144306153297133299e+01,3.771862551309823886e+01
3.064323594539168027e+01,-1.147859063766441601e+01,3.769737582228805195e+01
3.061558052972208799e+01,-1.154293278591495842e+01,3.770027234271833549e+01
3.059475893489485898e+01,-1.159353533981082585e+01,3.770561927851953499e+01
3.056874348216862458e+01,-1.162354569456745068e+01,3.770182229217667924e+01
3.056794068404000697e+01,-1.169499342583343804e+01,3.769643857678720167e+01
3.052913994421639643e+01,-1.170373268669592726e+01,3.769554841042028670e+01
3.053921149138127333e+01,-1.177054925616523029e+01,3.769715520720559709e+01
3.051866878725052246e+01,-1.184070778812357894e+01,3.770552121249210131e+01
3.050558846439994198e+01,-1.188484310099700103e+01,3.769703190786099611e+01
3.046449484929938833e+01,-1.191168679852888701e+01,3.769733357923077932e+01
3.044497110340490309e+01,-1.196259511096860351e+01,3.769645948259708490e+01
3.043589334804064350e+01,-1.200194587615368036e+01,3.770639684698237915e+01
3.040586104507847054e+01,-1.208162898239404370e+01,3.773544276614334336e+01
3.040641468433309669e+01,-1.211977196207243423e+01,3.769386088124264234e+01
3.036782358380310853e+01,-1.217987827382532373e+01,3.771216207741634463e+01
3.037615407421275648e+01,-1.218580075443015964e+01,3.769394137925677057e+01
3.033055633218630476e+01,-1.224977641194632128e+01,3.770323726537108655e+01
3.032951515651821239e+01,-1.229619493352366000e+01,3.771606469830356190e+01
3.030870083442367502e+01,-1.236148469625204527e+01,3.770341808864746014e+01
3.027389967576131369e+01,-1.240194564677473466e+01,3.769398760397481851e+01
3.027365690279743404e+01,-1.244819700236848092e+01,3.770857619685998685e+01
3.024171547894486523e+01,-1.250123676533601724e+01,3.770819144816538682e+01
3.021951109851018558e+01,-1.252681289219320071e+01,3.769392378361986573e+01
3.021244987272084259e+01,-1.258935830526007926e+01,3.771118622288405930e+01
3.018383368466736272e+01,-1.263416678227345535e+01,3.769740411255245505e+01
3.016191381288344786e+01,-1.268265740700331712e+01,3.770247418448236232e+01
3.015046162096461302e+01,-1.272984934485990038e+01,3.769943681173253225e+01
3.011906172111115865e+01,-1.278217240683230571e+01,3.769601850327772752e+01
3.008459193008723886e+01,-1.281224723971369883e+01,3.772581058364811923e+01
3.008736416377137957e+01,-1.286976743305114468e+01,3.769259555689172458e+01
3.006337445461537428e+01,-1.293098532307419113e+01,3.768734573460934456e+01
3.005114191484990371e+01,-1.295919523445606991e+01,3.769882771206543026e+01
3.001945323468246585e+01,-1.300695665713581661e+01,3.771145376402491678e+01
2.999785964731255206e+01,-1.306402030003007653e+01,3.770129338800322927e+01
2.999139886355299822e+01,-1.309349444731955003e+01,3.770187434783753133e+01
2.995941148182819092e+01,-1.316200546168137997e+01,3.769496625377477983e+01
2.992981550199021257e+01,-1.321354572580815834e+01,3.770207687247537365e+01
2.994119307796799845e+01,-1.324123619121589712e+01,3.769682602177930164e+01
2.990465304366960808e+01,-1.329930390048886935e+01,3.770968122605382433e+01
2.986587111077764689e+01,-1.335410813877264680e+01,3.771228681211357525e+01
2.985819248526425440e+01,-1.338559748759176316e+01,3.770267434113748095e+01
2.983852452516459053e+01,-1.344233865045066700e+01,3.771022713399702297e+01
2.980545498252490333e+01,-1.348102632534149592e+01,3.770171631884468155e+01
2.979890941887443390e+01,-1.353343750374638610e+01,3.770646083082733213e+01
2.977794047978371239e+01,-1.357377291888956705e+01,3.770594183720228187e+01
2.975128794499268281e+01,-1.363031523199305539e+01,3.770149015611775667e+01
2.971541361505105527e+01,-1.366567194170948341e+01,3.769226545479646973e+01
2.969430243526226576e+01,-1.372880495493134845e+01,3.769567919062912154e+01
2.967254182179477340e+01,-1.375522346761490766e+01,3.770979332991725386e+01
2.964786797838976184e+01,-1.381953315615035827e+01,3.770906197873748056e+01
2.962688020504585751e+01,-1.384976084200905788e+01,3.770450346531016805e+01
2.962162660422323412e+01,-1.390269520634524980e+01,3.770233410941946062e+01
2.959488402724490541e+01,-1.395321536737615098e+01,3.769894898142819528e+01
2.956609986442300553e+01,-1.399760447734196767e+01,3.770547717078179062e+01
2.954427323666121552e+01,-1.404739128938533632e+01,3.771015795016205630e+01
2.953946248387786966e+01,-1.410066871628710672e+01,3.769642436556422638e+01
2.950152339201894236e+01,-1.413283080375062184e+01,3.769091249294635304e+01
2.948653165433925594e+01,-1.417785549872709971e+01,3.769289103414905640e+01
2.946398263815306251e+01,-1.423659758911306739e+01,3.770279878338546808e+01
2.946022913853275327e+01,-1.426030439536476635e+01,3.772309363777619495e+01
2.942309055721572264e+01,-1.431063890485518364e+01,3.769844540554848322e+01
2.941049911863098032e+01,-1.436570854352739524e+01,3.770927312981912394e+01
2.940312613478925741e+01,-1.441004115498816951e+01,3.769615793343729848e+01
2.935109175328672748e+01,-1.446401787186571397e+01,3.768941719476705998e+01
2.932622938389772926e+01,-1.450788768035230447e+01,3.769672884992174744e+01
2.931738399086279756e+01,-1.455955145776025539e+01,3.770283073526546502e+01
2.928370725499904736e+01,-1.459831159925147936e+01,3.770214584107687017e+01
2.925951527836193833e+01,-1.464880192260972436e+01,3.770154787450430689e+01
2.923761770883286104e+01,-1.467211799810350570e+01,3.770258623363901052e+01
2.921946485715610464e+01,-1.472390549952377370e+01,3.769687347709152192e+01
2.917871041492136897e+01,-1.477880574223218701e+01,3.769976904450032862e+01
2.915769941589041991e+01,-1.483112984169105353e+01,3.768223485632155700e+01
2.915351232097432543e+01,-1.488806891050072956e+01,3.771346132692062270e+01
2.911902296545838453e+01,-1.490891704521030547e+01,3.769157638413720690e+01
2.909277498112276916e+01,-1.496927845583416250e+01,3.770696888478040165e+01
2.907409061563992836e+01,-1.501436850487385577e+01,3.770217807750572803e+01
2.905301695324326161e+01,-1.504956702226767895e+01,3.771984347051924402e+01
2.902024435573759575e+01,-1.509192161506603114e+01,3.770625133337188117e+01
2.899476388089016865e+01,-1.514432174786550611e+01,3.770617624540648194e+01
2.897925181579530118e+01,-1.518150357935175521e+01,3.768175573819887347e+01
2.895669393793221502e+01,-1.524446540441932463e+01,3.769787796038795591e+01
2.892758975928492049e+01,-1.529087173475458705e+01,3.771919444356021955e+01
2.891530543082215488e+01,-1.533490830377510861e+01,3.769755080114734369e+01
2.888510974757470962e+01,-1.536663535968150107e+01,3.768393349104906065e+01
2.885810419630218604e+01,-1.540597057415566518e+01,3.768672408991085376e+01
2.884844487468843965e+01,-1.547135434493535477e+01,3.770047530956298942e+01
2.880893924381830118e+01,-1.550693997264028390e+01,3.770197170879581705e+01
2.877779589536970661e+01,-1.556359941676205771e+01,3.769688287452586195e+01
2.876306355683803773e+01,-1.560709377049618318e+01,3.770772582195467493e+01
2.875154675195038223e+01,-1.564080011601955711e+01,3.770621061201844526e+01
2.871909151140648220e+01,-1.568773551644022568e+01,3.769257165031622492e+01
2.867646880727919623e+01,-1.572399156626090466e+01,3.770413478017786701e+01
2.866579867044281471e+01,-1.577872664067071007e+01,3.770784178491157235e+01
2.863598017177502797e+01,-1.582317307751310054e+01,3.770539963156254260e+01
2.863125702064514044e+01,-1.585950224969311684e+01,3.770864137613718015e+01
2.860213145530742906e+01,-1.590992236755410261e+01,3.769324435801051720e+01
2.856805155905945171e+01,-1.597562173315031586e+01,3.771198515968855247e+01
2.853498337354273673e+01,-1.599379756290053756e+01,3.771001459468706685e+01
2.849826945136320688e+01,-1.604806682312133503e+01,3.771880923721257517e+01
2.847547768108282540e+01,-1.610295641207510897e+01,3.770651220045292007e+01
2.847046994598577285e+01,-1.615703534757505011e+01,3.771689256136845358e+01
2.842660308865010776e+01,-1.619293432655522835e+01,3.769091473248687407e+01
2.840926331103488778e+01,-1.625407519032092196e+01,3.770221432874254930e+01
2.837006178965783931e+01,-1.627935429307533610e+01,3.770102832694476547e+01
2.836571801660867109e+01,-1.632299188701976078e+01,3.770976564242933904e+01
2.833597983370474793e+01,-1.636651287711445590e+01,3.768634177176983258e+01
2.832922263368621785e+01,-1.641027617885823275e+01,3.769617632285962827e+01
2.828321529220920993e+01,-1.644794517427885339e+01,3.769356215753465023e+01
2.824740878882182571e+01,-1.648181836929490984e+01,3.768961983115350023e+01
2.823870285864447638e+01,-1.653585191465424487e+01,3.769263702329406129e+01
2.821459924737255065e+01,-1.657627941406179062e+01,3.769343083593631860e+01
2.819055469294991667e+01,-1.662972113608542202e+01,3.770576212628090929e+01
2.814296002792996632e+01,-1.667351870292653615e+01,3.771126200318177979e+01
2.813320662557910978e+01,-1.672646752832244132e+01,3.768396444731446593e+01
2.810529460889083708e+01,-1.676200459655519737e+01,3.772148893225959654e+01
2.808122057159529206e+01,-1.680146743233653339e+01,3.771254727954104879e+01
2.804454844504090616e+01,-1.682277540300677643e+01,3.770751572379757732e+01
2.801277154780874667e+01,-1.689758544474120328e+01,3.769792570418530886e+01
2.800824233696530996e+01,-1.693520094186028047e+01,3.770404094245073168e+01
2.795587423827967299e+01,-1.697361493166870261e+01,3.770536243479951111e+01
2.794028479240766316e+01,-1.702288988986464702e+01,3.769612753469130695e+01
2.791220272191191043e+01,-1.707757600780462326e+01,3.768952240608631854e+01
2.789643880975669887e+01,-1.710454540562096426e+01,3.769498058948538244e+01
2.787560608721942401e+01,-1.714859755937598607e+01,3.769417599137326391e+01
2.782491990127154935e+01,-1.718598805748053238e+01,3.771768337161778817e+01
2.779643134022063933e+01,-1.725387782292062155e+01,3.771578861111261460e+01
2.777915672181260831e+01,-1.728808884092902076e+01,3.770587093262560785e+01
2.774223099449417518e+01,-1.734522505044243701e+01,3.770380626159268900e+01
2.774061944363033660e+01,-1.736407392057831700e+01,3.770056663869173263e+01
2.769737585390218015e+01,-1.743107285960977748e+01,3.769236616411360075e+01
2.766653436258184939e+01,-1.746958307897124740e+01,3.770073037991380716e+01
2.766003106671957212e+01,-1.751906843403848058e+01,3.768379023669387351e+01
2.760073045704753625e+01,-1.757028782926732191e+01,3.769496692570404406e+01
2.759219632936671118e+01,-1.758733565425020373e+01,3.768999684768980529e+01
2.755151808202434793e+01,-1.763160291543065128e+01,3.770418127947181830e+01
2.752858890060330310e+01,-1.766842635274919715e+01,3.770025460684225749e+01
2.750575849770113379e+01,-1.770618218341787298e+01,3.767887438040052928e+01
2.748534521870132252e+01,-1.776362664840442562e+01,3.770892628317663764e+01
2.745319977172362158e+01,-1.780315302412422440e+01,3.770064859429926685e+01
2.743729078393799625e+01,-1.784116882200171261e+01,3.772176055559498309e+01
2.741222580195485392e+01,-1.788552485937464454e+01,3.769473564671626775e+01
2.737013631652035173e+01,-1.792874282272823905e+01,3.769734852240845413e+01
2.732884082144093441e+01,-1.797967066127682401e+01,3.769670587529648742e+01
2.731076941219309262e+01,-1.803138877358063752e+01,3.769162575011127103e+01
2.727633389833275857e+01,-1.807303572867240149e+01,3.771268131213916774e+01
2.725425911980268978e+01,-1.810975838233412460e+01,3.769328182059813770e+01
2.721348553921813362e+01,-1.814739265681741998e+01,3.770898965193195806e+01
2.718696571305647325e+01,-1.819656055183408583e+01,3.768853753434880360e+01
2.717174371290223434e+01,-1.824573251048469658e+01,3.769824006567596086e+01
2.714931918702859903e+01,-1.827271767507475175e+01,3.769664307457330210e+01
2.710978349477271365e+01,-1.831399645130005993e+01,3.769627133179528755e+01
2.707490829622257067e+01,-1.835993463159456951e+01,3.771336901429490496e+01
2.705700043877769190e+01,-1.840579838537343349e+01,3.769508134580274117e+01
2.703031155274163666e+01,-1.846068641269597776e+01,3.773264563563979834e+01
2.701889597679346267e+01,-1.846679934594997974e+01,3.769387427399682622e+01
2.697740301769213644e+01,-1.853273172562394677e+01,3.769319119537922091e+01
2.692703566873868226e+01,-1.857573675629009813e+01,3.771464137724384358e+01
2.690179085621906552e+01,-1.863133432242603860e+01,3.772718741317386559e+01
2.690071294826629966e+01,-1.866538177506851781e+01,3.770085831492351502e+01
2.683817397021364570e+01,-1.871361186687356692e+01,3.769761011854603794e+01
2.682044122180927914e+01,-1.875191341979058279e+01,3.771369082762641511e+01
2.680154346823347566e+01,-1.881520096870265846e+01,3.769652557295817985e+01
2.676927653591470602e+01,-1.881596780105443756e+01,3.770572349484925212e+01
2.672443256618218754e+01,-1.886648654099613154e+01,3.770404388359674641e+01
2.671061938943336855e+01,-1.890971281594748987e+01,3.768048812747435505e+01
2.667935058790182268e+01,-1.895688175902445849e+01,3.769772654657324296e+01
2.663070002738042064e+01,-1.900548742072289343e+01,3.768678736219183634e+01
2.660596629588347284e+01,-1.902362013209181413e+01,3.771774823875642824e+01
2.659256674932698417e+01,-1.908859016608455761e+01,3.769448845254030545e+01
2.655676081859348514e+01,-1.911035240272765634e+01,3.769625123703748670e+01
2.653523267468430547e+01,-1.916803218014240429e+01,3.770437041539438638e+01
2.648694129134081976e+01,-1.920603751243151436e+01,3.771220700164784034e+01
2.645940661907960134e+01,-1.926074407880311767e+01,3.770010430843023386e+01
2.643438261821568247e+01,-1.928646678183514140e+01,3.769063172935854311e+01
2.640250008662902559e+01,-1.932469441456709092e+01,3.770089012941997453e+01
2.636895851849024197e+01,-1.937383281099647903e+01,3.770644883672838432e+01
2.633800415734562961e+01,-1.940368403691928378e+01,3.771478388423150108e+01
2.630251619046968869e+01,-1.945084666795949957e+01,3.769165730659470626e+01
2.626903070839266263e+01,-1.949970706983122071e+01,3.771446691770851345e+01
2.625101263531470153e+01,-1.954898189216245186e+01,3.770939255642592514e+01
2.621990757596385890e+01,-1.955960105329733523e+01,3.769444423670145028e+01
2.618268616395540960e+01,-1.962116342205570518e+01,3.770698807022336041e+01
2.616344959575042495e+01,-1.965796465296232398e+01,3.770932224790348641e+01
2.610976522935408894e+01,-1.970663264797586578e+01,3.771410092380386914e+01
2.610091283515885863e+01,-1.972419019000300722e+01,3.770160470803286046e+01
2.605883580068325855e+01,-1.978366561495105458e+01,3.769522499827809980e+01
2.602305693923887020e+01,-1.983169422558619033e+01,3.769637199222943735e+01
2.599639437241434692e+01,-1.987496946375452112e+01,3.771143879865672943e+01
2.596793646662005983e+01,-1.990488978089491923e+01,3.770306854385648876e+01
2.594133681600720820e+01,-1.995357578924081565e+01,3.771083120468402683e+01
2.591152254171431224e+01,-1.999999041927613774e+01,3.768318996472883242e+01
2.586206304387772192e+01,-2.003143900538103850e+01,3.769689746937999075e+01
2.582465229937020368e+01,-2.008089416277373118e+01,3.771302135802437050e+01
2.582962515637767709e+01,-2.012030149080495889e+01,3.771223131872221757e+01
2.578352926272756562e+01,-2.017403626366505165e+01,3.767810157657293502e+01
2.575796833544847786e+01,-2.020802207967025410e+01,3.770476172376508117e+01
2.571060967009675124e+01,-2.022458748443407828e+01,3.769413027801037686e+01
2.568933486518240983e+01,-2.026744950813905533e+01,3.772317472837979579e+01
2.564546200582697466e+01,-2.030354115978803620e+01,3.769043206754780329e+01
2.561767008576938665e+01,-2.037282682713665949e+01,3.773869677023063218e+01
2.558186847597063718e+01,-2.037621558705166436e+01,3.768902797085878120e+01
2.554911778678073730e+01,-2.042030765261149483e+01,3.768249879386630852e+01
2.552157188032962765e+01,-2.048466987772574299e+01,3.771423291010246004e+01
2.550132101639746196e+01,-2.051292360645253154e+01,3.769556842066571534e+01
2.545057410064895365e+01,-2.056177422477747996e+01,3.771575546198670281e+01
2.541262799656527349e+01,-2.059448743298671758e+01,3.770342907449171577e+01
2.541329494415694157e+01,-2.064059147259004234e+01,3.768818389095996224e+01
2.536714555566170759e+01,-2.067284341862477959e+01,3.772871159502670935e+01
2.532521539216337914e+01,-2.071115841499794286e+01,3.768395989108409339e+01
2.528581193030556662e+01,-2.074252009967246480e+01,3.769940021695644106e+01
2.526499698102307789e+01,-2.078514022346537971e+01,3.769324613888348807e+01
2.523567757709185599e+01,-2.081123372734238686e+01,3.770348580909722358e+01
2.517188648823836061e+01,-2.086120073852449508e+01,3.769777099525045827e+01
2.515039523038932856e+01,-2.091224854567255065e+01,3.769906142649774239e+01
2.511644000926360576e+01,-2.094612770872918972e+01,3.769185692680432709e+01
2.509237105854560212e+01,-2.100053125708327073e+01,3.767713033840698955e+01
2.507113445398642781e+01,-2.103515150737825579e+01,3.770414047001204239e+01
2.503758529248499087e+01,-2.107487754431652149e+01,3.770262014371761694e+01
2.501228903611727716e+01,-2.111368762058923565e+01,3.770039637704076085e+01
2.498547391857575661e+01,-2.114255443364441689e+01,3.771228574204780415e+01
2.493801376835798322e+01,-2.117947202172588561e+01,3.769194203266077636e+01
2.490242627937100650e+01,-2.121292904325774487e+01,3.771382834169897080e+01
2.485540004117385493e+01,-2.126766472042693223e+01,3.769955587736766489e+01
2.482825836091068439e+01,-2.128743515735837732e+01,3.769775591395491432e+01
2.479979906899287911e+01,-2.134708193889495220e+01,3.771343755515611207e+01
2.476418396794267096e+01,-2.136924821449501621e+01,3.771648563593940651e+01
2.474245841431691062e+01,-2.142638908061932312e+01,3.768839675581997994e+01
2.471495662479496858e+01,-2.144778650713285018e+01,3.770591085275052734e+01
2.466246068816436576e+01,-2.148892510350883711e+01,3.769749705149538954e+01
2.462159280756970858e+01,-2.154025558277252372e+01,3.767911643743342864e+01
2.461409353798213573e+01,-2.159187121858266778e+01,3.769522616567687123e+01
2.457488625372600666e+01,-2.162240514169701200e+01,3.768699792108252922e+01
2.451923430908265544e+01,-2.164741573124160468e+01,3.769618745077382016e+01
2.449650326287218505e+01,-2.169755950928432497e+01,3.770048671620462244e+01
2.444612516448751904e+01,-2.172167244483516058e+01,3.771030835204748399e+01
2.442791111307950302e+01,-2.177221668080280992e+01,3.770326908865936133e+01
2.439790454471344461e+01,-2.181042298659892253e+01,3.769037545352955476e+01
2.435334128880413829e+01,-2.184878253014183258e+01,3.771014439949362895e+01
2.433872280169402558e+01,-2.187524750832951881e+01,3.770105710311392500e+01
2.429305613082141235e+01,-2.192134604696463995e+01,3.769142557408095229e+01
2.424738108828876904e+01,-2.195515085128834087e+01,3.771155276137275791e+01
2.422439769572249091e+01,-2.200237307426528588e+01,3.768952003349096458e+01
2.420652586946198781e+01,-2.204737142093445001e+01,3.768827242234593911e+01
2.413898858867163355e+01,-2.206596709804303913e+01,3.770060131614716425e+01
2.412734710409813488e+01,-2.211229882993654172e+01,3.768454008918095610e+01
2.408928643620375709e+01,-2.213595189842677158e+01,3.772244805157717451e+01
2.404381850082235417e+01,-2.218509744725049870e+01,3.770260370108955783e+01
2.402352187666758709e+01,-2.222706231659707754e+01,3.769810377053249084e+01
2.396246961037903844e+01,-2.226194407908549522e+01,3.770374599987613351e+01
2.393868352548828682e+01,-2.230532411729344133e+01,3.769835813546908554e+01
2.389983954697304469e+01,-2.232901043668571717e+01,3.769788661501834071e+01
2.387402131174841813e+01,-2.237123161273338923e+01,3.771683440273417887e+01
2.383132562020064782e+01,-2.241093378574706563e+01,3.770695823893094456e+01
2.380916535517404853e+01,-2.243118859035751100e+01,3.768453367601604498e+01
2.376361052557399844e+01,-2.246947416836854217e+01,3.771492423176538722e+01
2.374918533515161911e+01,-2.250896845592000162e+01,3.769342810727540893e+01
2.369678667649638726e+01,-2.257073901706547403e+01,3.771323482844012176e+01
2.366034429628743752e+01,-2.261070181967278359e+01,3.769454694902493230e+01
2.363903190885572059e+01,-2.263675637227044390e+01,3.771033096400843476e+01
2.360807747071686435e+01,-2.267871315121778153e+01,3.771595503219620582e+01
2.355490897784965654e+01,-2.269693875194212396e+01,3.769001319020959073e+01
2.351586777971490605e+01,-2.272938082428701634e+01,3.770785596617619007e+01
2.348576456494223663e+01,-2.279914780099841565e+01,3.770249075223942015e+01
2.345473999961390277e+01,-2.283474171115063101e+01,3.769060152797706564e+01
2.339593770407715212e+01,-2.284981601146920482e+01,3.768627583426537342e+01
2.336329541699755197e+01,-2.289144500975455898e+01,3.769806170224148900e+01
2.331755823357923063e+01,-2.293201407715189433e+01,3.768419444800255036e+01
2.331484337841972376e+01,-2.297612540637562972e+01,3.770485994533937202e+01
2.326653759425769152e+01,-2.299591004554973495e+01,3.769159779810000543e+01
2.322391891706055844e+01,-2.304104219602155013e+01,3.771815960100353493e+01
2.319345970180533811e+01,-2.307887948151410384e+01,3.770333058993131203e+01
2.314508280055215650e+01,-2.311117230228887465e+01,3.771790573952553416e+01
2.314148797050056316e+01,-2.315338519050283850e+01,3.771522161822876029e+01
2.308182217954359317e+01,-2.319092126330327375e+01,3.771296670099061998e+01
2.304151543307838423e+01,-2.322417217778278342e+01,3.770366824167526687e+01
2.302611072336448572e+01,-2.325201296634672232e+01,3.769302247128450745e+01
2.298684897431700946e+01,-2.329667295878835631e+01,3.769356336953902797e+01
2.295405664889267072e+01,-2.333575153640527233e+01,3.771601365055732202e+01
2.290318359688127359e+01,-2.333597320392032870e+01,3.771092975815749071e+01
2.287288192062496250e+01,-2.341351602577137569e+01,3.771852789198604228e+01
2.283389166128128878e+01,-2.344257984265521699e+01,3.770230371281958526e+01
2.279659437775371700e+01,-2.347065397421511435e+01,3.770557094279925536e+01
2.274801613929157185e+01,-2.349493609692016705e+01,3.771664184701727862e+01
2.272023727041174013e+01,-2.355674558223145354e+01,3.770336973927266655e+01
2.266277415568988829e+01,-2.358581939488993839e+01,3.770205779863466944e+01
2.264550603604596901e+01,-2.361034050248120764e+01,3.770353976457877110e+01
2.258937113171264244e+01,-2.365555102895517692e+01,3.770144892175159868e+01
2.256835598485181649e+01,-2.370331687733913384e+01,3.770322547533551472e+01
2.253510583749764606e+01,-2.372039750962185778e+01,3.771148386766330418e+01
2.249780168377739997e+01,-2.375479675596630358e+01,3.769522356661338591e+01
2.247045449286327568e+01,-2.380738424447851642e+01,3.768689901056195879e+01
2.242084725875961837e+01,-2.383554578523911971e+01,3.772557190930817228e+01
2.239791682915973681e+01,-2.386910569534240523e+01,3.770229938833038119e+01
2.234729117619901473e+01,-2.391412754034302424e+01,3.769473850246818358e+01
2.230743417243159499e+01,-2.394712836243996534e+01,3.769495698862220223e+01
2.225561943452538216e+01,-2.396210613660954181e+01,3.769968139688748465e+01
2.222724194663469888e+01,-2.400404021437968893e+01,3.770510893447086431e+01
2.221553389384395416e+01,-2.403516665796074037e+01,3.769992840789789312e+01
2.216371149540535512e+01,-2.407141139312216538e+01,3.770141608375072906e+01
2.213293024526722164e+01,-2.410365211262645246e+01,3.769955491098363609e+01
2.207607130756343494e+01,-2.414374690755770558e+01,3.769968083968998940e+01
2.203999164559543189e+01,-2.416728546450408643e+01,3.773447051552234655e+01
2.202402011325780151e+01,-2.421267817777495068e+01,3.770478606899042973e+01
2.197358139561479362e+01,-2.425972590683472774e+01,3.771047888187876396e+01
2.193165617120933675e+01,-2.429950913303214577e+01,3.768146951640528641e+01
2.188216382065979104e+01,-2.432741491174254023e+01,3.769703978796709976e+01
2.186427261000502043e+01,-2.434775204276498073e+01,3.770851701472984274e+01
2.181927592712547792e+01,-2.438498484883212569e+01,3.769615611930318266e+01
2.179547410294724585e+01,-2.441782908267426322e+01,3.770266252131202123e+01
2.172747189938123569e+01,-2.444421885304317499e+01,3.771401297599501845e+01
2.168234390316682081e+01,-2.447931405344075273e+01,3.769751076716664073e+01
2.165941609661289746e+01,-2.451410520159655348e+01,3.769414850418252882e+01
2.162130264943746027e+01,-2.456960852767539549e+01,3.771393616525523385e+01
2.157980836733239016e+01,-2.459126880143396932e+01,3.769194158953832385e+01
2.153780478943960475e+01,-2.461475885216369264e+01,3.768570434244983858e+01
2.150733273179896443e+01,-2.464711756425904454e+01,3.769450180976628673e+01
2.146841648671309244e+01,-2.468871618508088162e+01,3.770736446645894091e+01
2.142531973304708970e+01,-2.471694324106012886e+01,3.769552904646266711e+01
2.139361725485870380e+01,-2.476884765487317352e+01,3.770364669670265556e+01
2.136674438181782421e+01,-2.479581112991684222e+01,3.771383992491227843e+01
2.129699680770385228e+01,-2.483757714917417658e+01,3.769676928193358378e+01
2.126815781149708329e+01,-2.485566499536242446e+01,3.770654288549661715e+01
2.124072243950916672e+01,-2.487969384248857807e+01,3.771123853291702943e+01
2.118373785311819191e+01,-2.492697261157994149e+01,3.770064778491239821e+01
2.117567450733851331e+01,-2.497234324890180091e+01,3.769577201173631664e+01
2.111511723177822120e+01,-2.496533813651016942e+01,3.768414609421678563e+01
2.106404735202110245e+01,-2.502505098944473616e+01,3.770131036902765942e+01
2.104220536825711463e+01,-2.506613794305908627e+01,3.770544109686450440e+01
2.100814361520649953e+01,-2.510042365846101475e+01,3.771787569274135876e+01
2.095673581033528521e+01,-2.511168029620088760e+01,3.770884244490258652e+01
2.091236244549796197e+01,-2.516776661208810850e+01,3.769125460814011319e+01
2.088086235153210168e+01,-2.519583310225155515e+01,3.770619400160380508e+01
2.084456936951788819e+01,-2.522015653078758746e+01,3.770635067628297321e+01
2.080414540541970680e+01,-2.525406096483286333e+01,3.769904561813132915e+01
2.076310341871077725e+01,-2.527820260637387406e+01,3.769715352852043821e+01
2.072628310416560993e+01,-2.532463776824250345e+01,3.769497162990838746e+01
2.068332095894264455e+01,-2.534949668166975201e+01,3.770826759017440821e+01
2.065209847171279733e+01,-2.539027414551437545e+01,3.771779219166064934e+01
2.059511870922469612e+01,-2.541609510164057184e+01,3.770848615715447494e+01
2.055777856533217829e+01,-2.545321746710538946e+01,3.771994100866617572e+01
2.053765328498521825e+01,-2.547657977316015021e+01,3.772519849418207372e+01
2.048774263034445653e+01,-2.551695960976058331e+01,3.768919818972793934e+01
2.046283692265308929e+01,-2.555889055569145896e+01,3.770677380755130770e+01
2.041117615987383260e+01,-2.557618709444027516e+01,3.769228787425105054e+01
2.036222572711419687e+01,-2.562621613427845446e+01,3.771593301436455903e+01
2.033033429982736706e+01,-2.563464066166962141e+01,3.769923380770263321e+01
2.029718237307816509e+01,-2.567250168839508007e+01,3.769746908128336571e+01
2.024754205935666818e+01,-2.571347539295851803e+01,3.771062234569743055e+01
2.019070687749981019e+01,-2.572547379020046066e+01,3.771016445715276433e+01
2.015931655659108301e+01,-2.577326134139005376e+01,3.770413752129650220e+01
2.011020133220897677e+01,-2.580325163831997415e+01,3.769596156536941578e+01
2.008715732161646628e+01,-2.582520468330363883e+01,3.770402479251089289e+01
2.003214127504704933e+01,-2.586080661110510448e+01,3.769916155094075094e+01
1.999959000374258622e+01,-2.589718173218824049e+01,3.769707545999568055e+01
1.996359344776629996e+01,-2.592099576598272748e+01,3.771559167269620616e+01
1.991193694653502178e+01,-2.594534287137758710e+01,3.768261017460385176e+01
1.988529620047855673e+01,-2.599882652888450707e+01,3.769183649038161121e+01
1.983834205113792137e+01,-2.603062868289019249e+01,3.769178158939331524e+01
1.976414763367845140e+01,-2.605491973011379869e+01,3.770539327105891658e+01
1.975733307865483468e+01,-2.608093302961695770e+01,3.769111616183521107e+01
1.970527490307400242e+01,-2.612048734436931241e+01,3.768882500922159551e+01
1.966862809103646725e+01,-2.613626956229304454e+01,3.771261499584368693e+01
1.962327477653343877e+01,-2.618405156641432541e+01,3.770255175124952274e+01
1.961492530861390193e+01,-2.620290649579458631e+01,3.769081853296421514e+01
1.955620169109696960e+01,-2.625881908254238439e+01,3.770788766462037955e+01
1.950648426536758606e+01,-2.626901342460614686e+01,3.768979181330972494e+01
1.944232579273677786e+01,-2.630480204055037063e+01,3.768590873267250885e+01
1.941552996029907519e+01,-2.633927097808341955e+01,3.770530984336027558e+01
1.938830763028989779e+01,-2.637257139045420473e+01,3.769005617181579026e+01
1.935937256558182895e+01,-2.640663787981378974e+01,3.771077000815105151e+01
1.930258318529419981e+01,-2.644446891002794686e+01,3.771817995919531796e+01
1.925866485703475561e+01,-2.644259001016803268e+01,3.771666650838479740e+01
1.921741880685853943e+01,-2.646895959370513651e+01,3.769526560055261655e+01
1.918199961973573764e+01,-2.649550470549862879e+01,3.769943588034359294e+01
1.915651905821224688e+01,-2.653104009762229865e+01,3.770529406194043531e+01
1.910243951918877059e+01,-2.656108443958869358e+01,3.769409470086277736e+01
1.906722122812346143e+01,-2.659913955576571709e+01,3.771410726658180579e+01
1.901397948657490389e+01,-2.663298925847979604e+01,3.771146359143588001e+01
1.896927948402379016e+01,-2.667140174811341780e+01,3.770023922838859676e+01
1.890144355609614379e+01,-2.669474997524640614e+01,3.768295871662872543e+01
1.888105217589420093e+01,-2.672788185540339612e+01,3.770732556845356953e+01
1.884861201148018850e+01,-2.674157219695045384e+01,3.770070831645480780e+01
1.879344455533028224e+01,-2.677423839850886367e+01,3.770892632901030339e+01
1.876702912910741006e+01,-2.682511797700828993e+01,3.768662344603594505e+01
1.871966035449151988e+01,-2.682416710512891456e+01,3.768799339078082511e+01
1.866315651801954090e+01,-2.687290793954698742e+01,3.770050955151224059e+01
1.862010378880649952e+01,-2.689122292548081106e+01,3.769443607586135414e+01
1.858706410085065386e+01,-2.694116069346361897e+01,3.770740356346328781e+01
1.853777116174775941e+01,-2.695666707531786699e+01,3.768894547257998084e+01
1.851118859917405146e+01,-2.697571953413688917e+01,3.771297320016628873e+01
1.844437930200773224e+01,-2.702326459587756347e+01,3.769813064117787604e+01
1.841615235462914058e+01,-2.705075632023862298e+01,3.769030519104354937e+01
1.838314213081401505e+01,-2.705803990755279287e+01,3.766852717107082071e+01
1.832771914869242025e+01,-2.710285667009471311e+01,3.772230356055425915e+01
1.828075626600345771e+01,-2.711552362751125500e+01,3.771890036480201047e+01
1.825032970017308642e+01,-2.715308740202139504e+01,3.769136676272189135e+01
1.821671623097555681e+01,-2.718844755609355346e+01,3.769763270577362135e+01
1.815958620482271257e+01,-2.721784525230012974e+01,3.769453467549499948e+01
1.811688560555075256e+01,-2.724266479965456256e+01,3.769932260187286488e+01
1.808487333711197920e+01,-2.729005169961047983e+01,3.768894547558746666e+01
1.803569496190764099e+01,-2.730083347598616683e+01,3.770072854809252760e+01
1.798333914440446080e+01,-2.732945353434030267e+01,3.772219930923832720e+01
1.794310980189077043e+01,-2.735969170576700549e+01,3.772526173250592763e+01
1.789947016366558685e+01,-2.739695466013249359e+01,3.770910251880363973e+01
1.786510633276376581e+01,-2.741112921038700634e+01,3.771064322274339276e+01
1.781541271242376823e+01,-2.743265675250406943e+01,3.768984574175983937e+01
1.776472036368451057e+01,-2.748115711382729742e+01,3.768063090482454669e+01
1.770910395235136647e+01,-2.751397766000442502e+01,3.771526668559871354e+01
1.767503693190049319e+01,-2.753296165394175077e+01,3.768814280098404623e+01
1.764893267531098431e+01,-2.754811923849275601e+01,3.770028527966852039e+01
1.761260131793649819e+01,-2.759107112416231189e+01,3.769144716724328248e+01
1.754915202419745768e+01,-2.760179130042172346e+01,3.769784050840405598e+01
1.751510391251312271e+01,-2.764454689551326538e+01,3.771573403664312707e+01
1.747844163525346417e+01,-2.766905242484225624e+01,3.769562088500598662e+01
1.743267930798944221e+01,-2.769371331860194019e+01,3.768251373137660920e+01
1.739454923843926437e+01,-2.770297032240076973e+01,3.769765813550845479e+01
1.734910797150338624e+01,-2.773818573988568303e+01,3.771898520938611910e+01
1.729778493642343662e+01,-2.778637136925351570e+01,3.770331579777499798e+01
1.725048180957760025e+01,-2.780000430539105594e+01,3.770022343016318445e+01
1.719189440937389435e+01,-2.781670048059280376e+01,3.769377384801794051e+01
1.717548344452395881e+01,-2.786562383630269579e+01,3.771394646713162757e+01
1.712751027324402742e+01,-2.786942544838567315e+01,3.771281404089421585e+01
1.706943568504263808e+01,-2.791447362392738185e+01,3.770926690468844100e+01
1.705276668777523597e+01,-2.792552845694395103e+01,3.769354921305199468e+01
1.697591271917177025e+01,-2.797095636222965354e+01,3.771929998415185281e+01
1.694557662864610847e+01,-2.799302937498873689e+01,3.769085452843435036e+01
1.689397603774599332e+01,-2.803751094970477453e+01,3.770969388135189604e+01
1.686223402289426687e+01,-2.803581320608301652e+01,3.768589224817810646e+01
1.683329662505664359e+01,-2.804573847734542724e+01,3.768589277802338700e+01
1.677647454422907458e+01,-2.808571932864044030e+01,3.770052583492919496e+01
1.673894667706846917e+01,-2.812791222737145702e+01,3.770301733555474044e+01
1.667068688848313585e+01,-2.814853934385595835e+01,3.771813673858518712e+01
1.664238608013982557e+01,-2.817555567124572136e+01,3.769625828899893349e+01
1.657972349018863056e+01,-2.820116327863556549e+01,3.771914279726901498e+01
1.656598762417471349e+01,-2.822898010902063604e+01,3.771091608201056289e+01
1.651768028605455285e+01,-2.824825217806027666e+01,3.769641161784898742e+01
1.647047813164504504e+01,-2.827423676315022760e+01,3.769329599254343321e+01
1.641571668134301021e+01,-2.830714963089294756e+01,3.770429692325388515e+01
1.637871660649700800e+01,-2.832604551615645505e+01,3.767954096497491889e+01
1.633237867673049593e+01,-2.835223056676742104e+01,3.770058134687575091e+01
1.627011613207988816e+01,-2.838397187921181342e+01,3.770859239848290656e+01
1.624569339829161407e+01,-2.840456191601624880e+01,3.768223157066521622e+01
1.619940772577935917e+01,-2.842410224897393078e+01,3.769642758552984674e+01
1.614331333074619934e+01,-2.842967619466156748e+01,3.769895304015972926e+01
1.611184329711956664e+01,-2.846580232995542659e+01,3.769194635127524862e+01
1.606840191898938386e+01,-2.849961503440199806e+01,3.769940079000772926e+01
1.601491717059454700e+01,-2.853119111157583987e+01,3.771067211504315964e+01
1.596694458708770625e+01,-2.853448690906637353e+01,3.771390411815829680e+01
1.591140472568555886e+01,-2.857727396428779443e+01,3.769380559612635295e+01
1.587209958309370350e+01,-2.861028885752341822e+01,3.769730939800233926e+01
1.583067081938582987e+01,-2.864818322026640729e+01,3.767937659452486798e+01
1.578854871333942356e+01,-2.866859072503084249e+01,3.768602371511265403e+01
1.574326360716536222e+01,-2.867562092303915477e+01,3.770235475599635322e+01
1.570256640206975440e+01,-2.870691856419946220e+01,3.770919186467904893e+01
1.565507413079228272e+01,-2.872965824124455381e+01,3.769814353764768811e+01
1.559860405183585286e+01,-2.877325561286326661e+01,3.771122914133196247e+01
1.556735285409616587e+01,-2.877799628451805702e+01,3.770572717203359048e+01
1.551284762423112618e+01,-2.881412012350007856e+01,3.769676478149181520e+01
1.547004474638862348e+01,-2.883156068959249652e+01,3.771245406125468946e+01
1.542725197770887746e+01,-2.884171175126740394e+01,3.771324955287398240e+01
1.539180649195348138e+01,-2.887112164042364881e+01,3.769578242948269065e+01
1.534060059511092788e+01,-2.891139679869132806e+01,3.772319218073056390e+01
1.528940633818591799e+01,-2.891564214036052149e+01,3.769925428503231757e+01
1.524594026604833630e+01,-2.896650264867345825e+01,3.771461873660086184e+01
1.522407210598291272e+01,-2.898029576434418786e+01,3.770486881575791926e+01
1.515119974403525482e+01,-2.899992085501196826e+01,3.769760781988736653e+01
1.509917726416393258e+01,-2.901028849838043300e+01,3.770333171925067006e+01
1.507922911872825189e+01,-2.902477117583391930e+01,3.771291265967866480e+01
1.502689654217649462e+01,-2.907743236135747011e+01,3.770730162149509113e+01
1.497243033477676377e+01,-2.909131292966756632e+01,3.770080927045223262e+01
1.492203909584140398e+01,-2.910973901958843868e+01,3.770755360664414013e+01
1.486966243540246957e+01,-2.914768343140711693e+01,3.768554884451172171e+01
1.484650669365580455e+01,-2.916160097769834891e+01,3.770504271693074827e+01
1.478533359742181119e+01,-2.919314564241431498e+01,3.770250404226190710e+01
1.474090703601761199e+01,-2.920493686449524162e+01,3.770565220088833058e+01
1.469371808782020850e+01,-2.922003192458688758e+01,3.769482524031465687e+01
1.465525818491218857e+01,-2.926310794430095541e+01,3.770477034754115664e+01
1.461491420255158324e+01,-2.927725449206345232e+01,3.771681503280770897e+01
1.456161411916700388e+01,-2.927359676756584150e+01,3.768603934187279236e+01
1.451436075093653955e+01,-2.931658769018266142e+01,3.768063652957594201e+01
1.447350148427509886e+01,-2.934535253588040149e+01,3.769452904181268593e+01
1.441930756532859448e+01,-2.936670136612201532e+01,3.770022562311682890e+01
1.440303134247494121e+01,-2.937757832704931715e+01,3.769297760155706101e+01
1.432389022034460702e+01,-2.940251800519554948e+01,3.770291986625404945e+01
1.429669571242953197e+01,-2.943192182196829165e+01,3.770419928360290385e+01
1.425247948820245369e+01,-2.946027501311964514e+01,3.769213181979706206e+01
1.419056649338005016e+01,-2.948623078089586969e+01,3.770145787849724428e+01
1.414103653002298522e+01,-2.950794377275385472e+01,3.769634497007835705e+01
1.411331163513797726e+01,-2.955301590366510567e+01,3.770017557104693395e+01
1.405545348070254619e+01,-2.953437894702491562e+01,3.770566586330171788e+01
1.397832779519356450e+01,-2.957907761953747183e+01,3.769633491226612421e+01
1.396257188621714995e+01,-2.960016247421213720e+01,3.769948121197345614e+01
1.390629964775156857e+01,-2.961481402314023370e+01,3.771421000675920965e+01
1.386435986835241430e+01,-2.965709629640766209e+01,3.769507178436387562e+01
1.383606364534054833e+01,-2.965810384463335225e+01,3.770925281285857977e+01
1.376488136777026305e+01,-2.968620104392756787e+01,3.769499751807086341e+01
1.372777929277548203e+01,-2.969736101547654172e+01,3.770898963116171387e+01
1.367725274852755923e+01,-2.973300157808294486e+01,3.769827301038676381e+01
1.363384566289473199e+01,-2.975963467947546803e+01,3.770283902930884068e+01
1.359690761321566654e+01,-2.976334800568249506e+01,3.770683866007185969e+01
1.354378181675600246e+01,-2.978660911300543646e+01,3.768811326102461834e+01
1.348918992097109459e+01,-2.980091703002918280e+01,3.769632280503887500e+01
1.347094429774261926e+01,-2.983963294385575438e+01,3.770290191499879029e+01
1.341297697528770172e+01,-2.985187242447771183e+01,3.770141811677536481e+01
1.335442164916601904e+01,-2.986053273779817374e+01,3.769931814801211800e+01
1.331369689844628468e+01,-2.990112351094622767e+01,3.769005611942497325e+01
1.326157827945898759e+01,-2.990804681201789350e+01,3.770029558559461691e+01
1.321789416861982858e+01,-2.992414225434524511e+01,3.770120255342907711e+01
1.316558064467357170e+01,-2.995499888995452054e+01,3.768481850852572990e+01
1.312442921019510855e+01,-2.997779035788175506e+01,3.769566721623259298e+01
1.307728338278213265e+01,-2.999156464088500229e+01,3.768955164305336325e+01
1.303565008513368717e+01,-3.001418556994325471e+01,3.769098752429487575e+01
1.298489339802352482e+01,-3.002455100725592985e+01,3.767143081973386387e+01
1.292405649382768651e+01,-3.006176386301881109e+01,3.770599921523475473e+01
1.288309745700790820e+01,-3.007408507430782407e+01,3.768592501916531745e+01
1.284974622039806036e+01,-3.008652711887401665e+01,3.771493851418128429e+01
1.277812345244398173e+01,-3.012418945588377994e+01,3.769741181692651111e+01
1.273643731898614462e+01,-3.014493953460591769e+01,3.771938495498658028e+01
1.269614681858519845e+01,-3.015322716574110729e+01,3.770608531603718205e+01
1.264179496326237917e+01,-3.017247580191096645e+01,3.769284718224344033e+01
1.261197242072200098e+01,-3.020356363260472676e+01,3.769135326730994251e+01
1.256137106998970943e+01,-3.022091511286997800e+01,3.770084063681239428e+01
1.250042612283092680e+01,-3.025294751019263373e+01,3.771411474408024134e+01
1.247006470125965016e+01,-3.025069978299491780e+01,3.770842433143747741e+01
1.241235151610402276e+01,-3.029131887029885561e+01,3.769159931796679786e+01
1.234563842436780945e+01,-3.028092020960448849e+01,3.770436431263178889e+01
1.230698624450670309e+01,-3.031288030318637183e+01,3.770736943971045463e+01
1.225693280062769830e+01,-3.034204362211404060e+01,3.769140353940839816e+01
1.220591608288072116e+01,-3.036520324152621342e+01,3.770897350174850970e+01
1.216763740464018717e+01,-3.037359149447836160e+01,3.771694338433058391e+01
1.211920707668650898e+01,-3.037898547639336044e+01,3.771072872187112068e+01
1.206779494807210185e+01,-3.039059089318224949e+01,3.770432653343649321e+01
1.203192718501351521e+01,-3.042863555722897573e+01,3.770894659811126104e+01
1.198043823507408945e+01,-3.044247870101500197e+01,3.769390551411353840e+01
1.192730392944144135e+01,-3.048364763329124472e+01,3.770530327296584261e+01
1.188672373670814686e+01,-3.048511207182189864e+01,3.771924663714715820e+01
1.183591852890757501e+01,-3.050364336138693133e+01,3.770345959282065706e+01
1.178098290805156978e+01,-3.051059758637224917e+01,3.771096650929053595e+01
1.175443544804775087e+01,-3.055314029479098537e+01,3.770394856634188585e+01
1.170511070948642995e+01,-3.056285527371296240e+01,3.771136323335400675e+01
1.164263828464937589e+01,-3.058350283260006464e+01,3.770891786955098723e+01
1.159905818267333366e+01,-3.060354270000820165e+01,3.769564943702480520e+01
1.156591637684281082e+01,-3.061056369704149205e+01,3.770004558781570125e+01
1.150203557440207192e+01,-3.062828226684195698e+01,3.770394957926651358e+01
1.144212078386341958e+01,-3.064387382590405906e+01,3.770035832976974177e+01
1.140870559628704761e+01,-3.066298440705005035e+01,3.770650629031617029e+01
1.135536257383779635e+01,-3.068867189049660382e+01,3.770960941617693862e+01
1.130433346375481918e+01,-3.071302381906107470e+01,3.769060694375382781e+01
1.124332900447450179e+01,-3.072796398922001160e+01,3.771848106030721937e+01
1.122769894131723944e+01,-3.074327548409919686e+01,3.768432430980919179e+01
1.114737259881777121e+01,-3.074899886272200433e+01,3.770157029234641044e+01
1.111408480542808164e+01,-3.077320217830451554e+01,3.770320449468572122e+01
1.106272075946296773e+01,-3.078916324389620129e+01,3.770038350338219146e+01
1.101216030319647565e+01,-3.080827040781649728e+01,3.769707742341881129e+01
1.096136201948417010e+01,-3.081997145468401911e+01,3.770341153787091315e+01
1.092957256683383704e+01,-3.084565296269650858e+01,3.769443607566901022e+01
1.086008363595338189e+01,-3.086471866151440580e+01,3.771013211453809788e+01
1.081574549584143341e+01,-3.086320346137873472e+01,3.770798556300041326e+01
1.077719605836891681e+01,-3.089498443487246249e+01,3.770092794682945936e+01
1.070775529380541613e+01,-3.090324564262106932e+01,3.769668814050700689e+01
1.067862159935795852e+01,-3.093801562455891840e+01,3.769664913741037537e+01
1.061870742609478846e+01,-3.095139296993935218e+01,3.771275944680358094e+01
1.059054237066565918e+01,-3.095977571038306309e+01,3.772377270401911886e+01
1.052764978603338086e+01,-3.096799407519140956e+01,3.770252764734330242e+01
1.049238064628482547e+01,-3.099193278096834092e+01,3.770245971843733912e+01
1.042550408812135210e+01,-3.099388289192243917e+01,3.771029611695128381e+01
1.038179929753137998e+01,-3.102066483830816779e+01,3.772918606595058577e+01
1.034189978546766575e+01,-3.104570614657934158e+01,3.771483606063421234e+01
1.028861323698038177e+01,-3.105535933394059711e+01,3.771411223028321302e+01
1.023239047051602313e+01,-3.108397942172225115e+01,3.771493300689489558e+01
1.017875442914753137e+01,-3.109057628882620605e+01,3.771534337259338088e+01
1.014541860288436759e+01,-3.112186587996697185e+01,3.768794914975182309e+01
1.009856337104494806e+01,-3.111697261863636754e+01,3.771503000145439444e+01
1.003276131221156220e+01,-3.113018374880788741e+01,3.768759449283361107e+01
9.984668420820813850e+00,-3.114872446198578260e+01,3.769039870191625141e+01
9.954175861064177511e+00,-3.114848216745149401e+01,3.769698453948324612e+01
9.906787387795608524e+00,-3.119720263891542089e+01,3.769625863951721101e+01
9.842427043116439123e+00,-3.120617266522232214e+01,3.768773698971100572e+01
9.795353752887493215e+00,-3.120627891233541717e+01,3.770897018757481334e+01
9.755008157407413449e+00,-3.123960328283914478e+01,3.771393959268253582e+01
9.679048889244356246e+00,-3.127036437248571232e+01,3.768118533435183792e+01
9.657494465661548233e+00,-3.125469925507412228e+01,3.770237987747646002e+01
9.595028752004175487e+00,-3.126606513149209121e+01,3.769664034980327472e+01
9.563988494404453533e+00,-3.131087556849297826e+01,3.770368608707028102e+01
9.490099941145803797e+00,-3.131058445842874605e+01,3.769440415352470808e+01
9.466928384377816030e+00,-3.132217129756681473e+01,3.770012401754460996e+01
9.400707871198765275e+00,-3.132316347563564207e+01,3.769962877924137956e+01
9.352820895136890300e+00,-3.136170291699142609e+01,3.770567256805817635e+01
9.323350747186243126e+00,-3.136408691309980057e+01,3.770594037233353646e+01
9.253549523267805554e+00,-3.138320573866157304e+01,3.769312867321672655e+01
9.193980792980699590e+00,-3.139891056164810479e+01,3.770171307340476829e+01
9.145577939385738375e+00,-3.142532724787098175e+01,3.771428783753420788e+01
9.085900005861375917e+00,-3.143305867347082128e+01,3.768598532318265626e+01
9.072537729066208811e+00,-3.144220377559404156e+01,3.772735989221544628e+01
9.009237462977246480e+00,-3.145196696109202605e+01,3.771023150854266248e+01
8.957099319081301303e+00,-3.149744079373866512e+01,3.769475593445319106e+01
8.911106821244706211e+00,-3.149844333610793257e+01,3.769845576896513251e+01
8.868649872078261609e+00,-3.149500056840067685e+01,3.769572367474498265e+01
8.821572057803120259e+00,-3.151323704685358607e+01,3.770778459496156643e+01
8.770225224715039403e+00,-3.151458855925883640e+01,3.769370822613669247e+01
8.700050889013892785e+00,-3.153692771927631000e+01,3.770914735496891979e+01
8.668457980659184159e+00,-3.154763811778610716e+01,3.769971944556992582e+01
8.651143058103894390e+00,-3.156679497948178437e+01,3.769624132166819663e+01
8.564976792180578613e+00,-3.157460278842336621e+01,3.770126327453611736e+01
8.514956302896163010e+00,-3.159334783487944165e+01,3.771011489509979953e+01
8.448152907121135868e+00,-3.161457403589769655e+01,3.771405693193023723e+01
8.431322833541193162e+00,-3.161760104346657130e+01,3.771200535637300533e+01
8.362182748289248124e+00,-3.162947229246557512e+01,3.768957436611158585e+01
8.309957096145144106e+00,-3.164721236329586063e+01,3.770557934601248462e+01
8.274479059963161021e+00,-3.166559720167160563e+01,3.769957088057028471e+01
8.206976730431719602e+00,-3.166741962803166288e+01,3.771587162681096572e+01
8.172068839567735665e+00,-3.167501588723729711e+01,3.769401723523826320e+01
8.125129939743256813e+00,-3.169645629377182772e+01,3.770699915437641891e+01
8.076257510384916571e+00,-3.168954050079024753e+01,3.770735238858140548e+01
8.024247085654439005e+00,-3.171244773800230377e+01,3.769939719096605302e+01
7.972577851678072314e+00,-3.173584738669996952e+01,3.770687960047453657e+01
7.904102241092559211e+00,-3.174711178636610498e+01,3.769157336751652565e+01
7.841130546882096652e+00,-3.177343701501103368e+01,3.771417314954901912e+01
7.828225667134203647e+00,-3.178420529836450115e+01,3.770163643609969739e+01
7.769740308080250735e+00,-3.177351260091182183e+01,3.769871502439707456e+01
7.726694813716956212e+00,-3.179412967258453548e+01,3.771118330567443877e+01
7.662068754677122229e+00,-3.181509165656543914e+01,3.771561137535430674e+01
7.615933728921743473e+00,-3.182097589641442070e+01,3.770684117810820624e+01
7.564615933965832539e+00,-3.182103197474880929e+01,3.769627194331666686e+01
7.520347320291508986e+00,-3.185216967992361958e+01,3.770725997837459431e+01
7.474079562865390436e+00,-3.184904485869887125e+01,3.770918931144274922e+01
7.430268892848721940e+00,-3.187221977767729442e+01,3.770661092518243862e+01
7.370673280920721382e+00,-3.187633986971180988e+01,3.770123176919889829e+01
7.321274003148985798e+00,-3.188068642245705675e+01,3.770562059880700900e+01
7.260630412281801505e+00,-3.188810041933000505e+01,3.770389920052098631e+01
7.224404445896659865e+00,-3.190057417087588831e+01,3.770679212025456906e+01
7.169310247617385556e+00,-3.191734394793594731e+01,3.770152843808172349e+01
7.099783351912160256e+00,-3.195723839389302512e+01,3.770448843902742908e+01
7.057793941667137361e+00,-3.194425873179545405e+01,3.769395729112743254e+01
7.026386514771152392e+00,-3.194467964191640519e+01,3.771121918231329317e+01
6.971096584003925400e+00,-3.197248897141158963e+01,3.770951112435337649e+01
6.915345609629823365e+00,-3.196426620610093750e+01,3.770031362162966815e+01
6.875048930042050976e+00,-3.199936497275646730e+01,3.768155623653833430e+01
6.816047786592384305e+00,-3.201296135337565119e+01,3.770128281924771585e+01
6.773133538701983092e+00,-3.200313267334470879e+01,3.769988964079737315e+01
6.707094855740751704e+00,-3.201229284362786132e+01,3.770575691895920301e+01
6.677810828313686109e+00,-3.204576701524064219e+01,3.770285873448602132e+01
6.622645756256497762e+00,-3.206451899720410381e+01,3.771808663386040195e+01
6.550087868276000869e+00,-3.206389364035469214e+01,3.769428204323258313e+01
6.529380311497425815e+00,-3.206887770887644251e+01,3.769550940644553094e+01
6.470107180358144028e+00,-3.207701017030058210e+01,3.771011719262562423e+01
6.424189307024614770e+00,-3.206836256726233358e+01,3.771008435303842532e+01
6.361490883170997535e+00,-3.210218141776657319e+01,3.769826664153233509e+01
6.306497572644392591e+00,-3.210534685342152272e+01,3.770002426763247172e+01
6.270139072352866272e+00,-3.213716131794109288e+01,3.771876538003086665e+01
6.202664257897574807e+00,-3.212809930699636851e+01,3.769804701964098825e+01
6.169032721283453924e+00,-3.211801151621287431e+01,3.770678804400424156e+01
6.119625415950205927e+00,-3.213391324695899698e+01,3.770565642501379244e+01
6.058043825260519100e+00,-3.216322518742178005e+01,3.769411319662192739e+01
5.998494906520799752e+00,-3.217458504048089907e+01,3.771686737548026258e+01
5.959488117269783558e+00,-3.217199888747687453e+01,3.770352706457504866e+01
5.899450202713405922e+00,-3.217542880370864822e+01,3.770499663785253830e+01
5.864959403900148693e+00,-3.219554553912418982e+01,3.769851453005696840e+01
5.804267366777522419e+00,-3.219247487172265920e+01,3.770686444848209362e+01
5.732405246434052692e+00,-3.222322195931516831e+01,3.771361533802755162e+01
5.706259537231275658e+00,-3.221938640690797939e+01,3.772014522944938619e+01
5.651773489728773470e+00,-3.222092038282604420e+01,3.771049461608660636e+01
5.603097600112432630e+00,-3.223303653185209328e+01,3.770095784349626911e+01
5.556787091202632922e+00,-3.224414454963991261e+01,3.770325198254494126e+01
5.492379761876913236e+00,-3.226687787884445413e+01,3.770441777605280009e+01
5.430786267144593893e+00,-3.226097271204375261e+01,3.771390509684942316e+01
5.410605958677204619e+00,-3.225310896752525025e+01,3.771335743220112846e+01
5.382188978684252056e+00,-3.228753777784098844e+01,3.771269226839396538e+01
5.313637740908496276e+00,-3.228519408862953100e+01,3.769435263023671467e+01
5.254657799937215934e+00,-3.228662767250496302e+01,3.771846078702083815e+01
5.195414299685934267e+00,-3.229640046660492914e+01,3.770407627491407254e+01
5.171172926001854186e+00,-3.231827684119964061e+01,3.770651250856307257e+01
5.101598938429701136e+00,-3.233235220911526397e+01,3.770187096875039856e+01
5.056176676977329087e+00,-3.232526265991903358e+01,3.771196061162132196e+01
4.999686604683927449e+00,-3.233610443328674933e+01,3.769932998735233554e+01
4.938400670968302819e+00,-3.234399412826968501e+01,3.771065829626326860e+01
4.885200931227378085e+00,-3.235771455088067938e+01,3.770829975561235869e+01
4.833948507716958609e+00,-3.237684660542208093e+01,3.769473381687950564e+01
4.811065418293084761e+00,-3.238653053887232858e+01,3.770497724477977641e+01
4.727134660406511202e+00,-3.236939283269674661e+01,3.771005148237228610e+01
4.684106985720934979e+00,-3.238804047029485389e+01,3.772227785664559718e+01
4.626275883103565967e+00,-3.239224679805867169e+01,3.768660901767466953e+01
4.595614839142475816e+00,-3.240040491617417473e+01,3.770917185665726379e+01
4.536252843674255963e+00,-3.240967063350340283e+01,3.771182683699937144e+01
4.470895149904587917e+00,-3.241932373129747447e+01,3.772378051161752666e+01
4.417180532581971519e+00,-3.240984695937401483e+01,3.770026192109069285e+01
4.384087046910773999e+00,-3.243687883821968398e+01,3.771237012613197948e+01
4.336795474398502215e+00,-3.243319871991802472e+01,3.770707035455011891e+01
4.291785133162443699e+00,-3.242535576073461101e+01,3.770678008703252004e+01
4.222652243113017789e+00,-3.245818416885005320e+01,3.771299652281580705e+01
4.181872469354504851e+00,-3.243889786131357766e+01,3.771683459051419618e+01
4.129438867489120035e+00,-3.245772882746636157e+01,3.771718009596301613e+01
4.085296502365892479e+00,-3.246419629920313099e+01,3.769388068635277733e+01
4.040187522627245897e+00,-3.246498192380300196e+01,3.771392383681622817e+01
3.972535278708393403e+00,-3.249089744033823735e+01,3.770341873951556977e+01
3.942177884675632793e+00,-3.246372802920667766e+01,3.770560899993102311e+01
3.873192388213829052e+00,-3.246353570261462806e+01,3.770509551479190691e+01
3.832316214238828955e+00,-3.248704069961509333e+01,3.769426094590561149e+01
3.752151430231007723e+00,-3.248769906460923806e+01,3.770610790371704724e+01
3.713921325785855654e+00,-3.249978343086296206e+01,3.771000543100121405e+01
3.687454104180921899e+00,-3.251316374812031285e+01,3.771199693198301617e+01
3.611505765466355378e+00,-3.251392116903509333e+01,3.768342356623925582e+01
3.562525018327789006e+00,-3.252870484180807154e+01,3.771205053228351289e+01
3.533977867791716410e+00,-3.253467244384270884e+01,3.767985102937190334e+01
3.471128522226897051e+00,-3.252921496884086139e+01,3.769943476375282643e+01
3.426572393499836444e+00,-3.252452464971643309e+01,3.769017368303855164e+01
3.379369997042030338e+00,-3.253480809963193821e+01,3.769799613347412759e+01
3.316834839832714543e+00,-3.254786550498887721e+01,3.771183666481118024e+01
3.286700456833965500e+00,-3.255156530969841810e+01,3.769211653532974537e+01
3.213174727831987099e+00,-3.258334243968713650e+01,3.769869635740131031e+01
3.161861832946573969e+00,-3.256835089544855322e+01,3.771160797220305483e+01
3.097629861628592884e+00,-3.256621854889443313e+01,3.771225278852754315e+01
3.059257871585555844e+00,-3.258754391782064630e+01,3.769351187902719147e+01
2.995298178088011909e+00,-3.258522341631729802e+01,3.770659699407477206e+01
2.936730248641530316e+00,-3.258034396317108161e+01,3.771207354964465708e+01
2.905732504295817087e+00,-3.260238048207734352e+01,3.770085932252938221e+01
2.865437193077859046e+00,-3.261657024194612831e+01,3.771516895378842804e+01
2.803416620847551055e+00,-3.260049707123493334e+01,3.768993277097590777e+01
2.762488938576349362e+00,-3.260684341709973921e+01,3.770370389347731788e+01
2.714897394630960914e+00,-3.259623028799898492e+01,3.770037648941209341e+01
2.647109717264890527e+00,-3.262184780270364115e+01,3.769086551668837615e+01
2.623984739453708137e+00,-3.262123166308148114e+01,3.772114027357296351e+01
2.559912570217203420e+00,-3.262656638676548937e+01,3.773002827844879903e+01
2.499752545859892816e+00,-3.263469765917110976e+01,3.769600242160574766e+01
2.424407078030865303e+00,-3.262027104686141854e+01,3.768243940924305235e+01
2.411007182608347232e+00,-3.263400069785030411e+01,3.771338143314823554e+01
2.335052003778912866e+00,-3.264770606071529357e+01,3.770865571934952953e+01
2.289351055101524146e+00,-3.265145821800733472e+01,3.770179602847866818e+01
2.233181416809744135e+00,-3.264907474989859537e+01,3.769493946094504366e+01
2.193410552362807575e+00,-3.262757605388629401e+01,3.768690822377674010e+01
2.133271753891328615e+00,-3.265498966295392336e+01,3.768514859421038210e+01
2.084314239299713822e+00,-3.265913054491930723e+01,3.771408534118354083e+01
2.028793576230424112e+00,-3.265536380920151771e+01,3.769164497235259148e+01
1.980995230418618691e+00,-3.265994224600056128e+01,3.769786662686929191e+01
1.934617288131750046e+00,-3.266465962030502368e+01,3.770658945765666203e+01
1.878004951459755212e+00,-3.265661830395788456e+01,3.769684158890208892e+01
1.822696623784547887e+00,-3.268323142416601002e+01,3.769787542474620778e+01
1.771935930063293752e+00,-3.266953669064194088e+01,3.771719487172391894e+01
1.740946577790630556e+00,-3.266755911439191351e+01,3.769994392202957556e+01
1.686519677988326027e+00,-3.266663413367744795e+01,3.770024232742304804e+01
1.623988193526176405e+00,-3.270256635544971857e+01,3.769218153581839914e+01
1.572514556003509867e+00,-3.266592967478983667e+01,3.771360138041644205e+01
1.517461604356369786e+00,-3.268388813171081608e+01,3.770300210029586907e+01
1.471732110639746294e+00,-3.267124069397220154e+01,3.769336806194765188e+01
1.422346794588394525e+00,-3.270517460325867631e+01,3.771352921701730310e+01
1.365828124055587400e+00,-3.269631597833207337e+01,3.770520011110499325e+01
1.316773424721090935e+00,-3.267925660124890186e+01,3.769380623661808016e+01
1.250361203939488686e+00,-3.269787166865975081e+01,3.771218409824046347e+01
1.195474503569210478e+00,-3.268831095900041106e+01,3.769517896304199667e+01
1.156983619686531073e+00,-3.270612021985812845e+01,3.768215630968430929e+01
1.133186963703827432e+00,-3.270785338631744565e+01,3.771215224734172011e+01
1.051036951288978116e+00,-3.270565072480203384e+01,3.769067635231417057e+01
1.000830231592458652e+00,-3.270081901836790905e+01,3.768117495599979350e+01
9.641765727428932564e-01,-3.270580469193074435e+01,3.771936403824441442e+01
9.109464659633242922e-01,-3.271434156698234119e+01,3.769510119419864935e+01
8.534068292126429922e-01,-3.269579230852065876e+01,3.768489288248991187e+01
8.016637542558125995e-01,-3.270799508300494551e+01,3.769462778033973649e+01
7.497519524970809313e-01,-3.271715348770415943e+01,3.772008824891434386e+01
7.013781928148397071e-01,-3.272137007067654224e+01,3.770353876925392456e+01
6.492638774155267134e-01,-3.271921785512714109e+01,3.771549609084047461e+01
6.147160285829281756e-01,-3.269824266882680064e+01,3.768983555774040894e+01
5.506393783584409007e-01,-3.271414849892156695e+01,3.769999096007689587e+01
4.969766645291827101e-01,-3.269808240524538689e+01,3.771229249801259442e+01
4.415949450233808693e-01,-3.272180569362014069e+01,3.768322853488952262e+01
3.785094236522950073e-01,-3.271333478777710724e+01,3.771347844844861896e+01
3.541307086367006529e-01,-3.271825388542412583e+01,3.769239180456810345e+01
3.078878145500561492e-01,-3.273202990221268038e+01,3.770591200615086080e+01
2.398501156378495536e-01,-3.272620947844838923e+01,3.769185089053799942e+01
1.965817762679702707e-01,-3.270593930691640594e+01,3.768752666440460075e+01
1.325895802400618440e-01,-3.271615386246978829e+01,3.768469483932729247e+01
7.123605407452332505e-02,-3.272331377075577308e+01,3.770017698491367497e+01
3.838401368964088761e-02,-3.270894504124179747e+01,3.769232753885030718e+01
-3.274167881105337352e-02,-3.270874707570169448e+01,3.771182358351887842e+01
-6.557558065776399048e-02,-3.271328469188035371e+01,3.771219656919789998e+01
-1.217575683373020856e-01,-3.272446016687700876e+01,3.770100330835965963e+01
-1.582952761106388995e-01,-3.270932226901043549e+01,3.769820757124769983e+01
-2.114696374031805048e-01,-3.271250566303940843e+01,3.769797518906175782e+01
-2.694074733518828646e-01,-3.271320160071268646e+01,3.769832016361915095e+01
-3.323685985253346797e-01,-3.271666260270090021e+01,3.769767898760719760e+01
-3.871447228089858195e-01,-3.272219320457981695e+01,3.771085292872195538e+01
-4.448102791062892858e-01,-3.271565400169945548e+01,3.768467704386056738e+01
-4.722546779042433585e-01,-3.271564636639607926e+01,3.772353487215578838e+01
-5.430711011486892836e-01,-3.271689599158526818e+01,3.770593003226108664e+01
-5.738996906427934475e-01,-3.273308869179447100e+01,3.769583110801379178e+01
-6.413181269546623930e-01,-3.270212923109793479e+01,3.770663717431360595e+01
-6.813170236078943676e-01,-3.271103878286177746e+01,3.770623219312848562e+01
-7.388513251763069167e-01,-3.273364154291148509e+01,3.771199341011359252e+01
-7.853730073550713175e-01,-3.270120672111060145e+01,3.769496060030608930e+01
-8.280576165457194104e-01,-3.271546588680144652e+01,3.770620364275639957e+01
-8.819980602190762298e-01,-3.270487771622344297e+01,3.768933786531282237e+01
-9.490595620722508396e-01,-3.270913091332607792e+01,3.771392117573496705e+01
-9.806661832197057782e-01,-3.269607110255572024e+01,3.769527697022730450e+01
-1.042227085173589529e+00,-3.269805927925649769e+01,3.770693906054347622e+01
-1.093498571662066876e+00,-3.268542091519555015e+01,3.771587596578400081e+01
-1.166502909439707469e+00,-3.270427207338727271e+01,3.769815520093009553e+01
-1.191324491415697517e+00,-3.269797878037064720e+01,3.770809036026657424e+01
-1.258301230243183744e+00,-3.270168310875887840e+01,3.768158300954199547e+01
-1.296693133243296936e+00,-3.268833327224465535e+01,3.769993868267415138e+01
-1.367396238496351391e+00,-3.267427456598844060e+01,3.769824392791858259e+01
-1.398333783662128793e+00,-3.268992161631226878e+01,3.771790475538365683e+01
-1.455384989175466215e+00,-3.269493819347216146e+01,3.771773748815743232e+01
-1.505763926157433819e+00,-3.267688023407445996e+01,3.770734008579533736e+01
-1.543003965488929152e+00,-3.267854849126603511e+01,3.769849496561886326e+01
-1.606990362628447411e+00,-3.266928900827546300e+01,3.769311477713107195e+01
-1.660694416695174480e+00,-3.267325458908943858e+01,3.769353911778271282e+01
-1.721853418419502901e+00,-3.266899013587008227e+01,3.769183691015161486e+01
-1.772112608619812235e+00,-3.266887141170560938e+01,3.769658759401824000e+01
-1.812706263547891217e+00,-3.266683266194737456e+01,3.768212104420096864e+01
-1.881324820482832116e+00,-3.267802760318967614e+01,3.769823641960639549e+01
-1.916673265864174525e+00,-3.265307776081823476e+01,3.768560078225169718e+01
-1.968845916803778628e+00,-3.264875318711212770e+01,3.769573506766721493e+01
-2.018862491666428838e+00,-3.264197260050264759e+01,3.770284499396942834e+01
-2.066298439307810764e+00,-3.268426028946633011e+01,3.769774606311182197e+01
-2.135130255894162499e+00,-3.266200040472164545e+01,3.769894573088223666e+01
-2.188254701010836190e+00,-3.262315345689119539e+01,3.770236349760266137e+01
-2.216582969398436020e+00,-3.263726777746307306e+01,3.770377730154289964e+01
-2.296532214721311416e+00,-3.262671407948325708e+01,3.770498831752462365e+01
-2.331657932657472898e+00,-3.265092224868447346e+01,3.767839018498524695e+01
-2.387466716070797190e+00,-3.262472135923305672e+01,3.770204143554362020e+01
-2.408840119871737073e+00,-3.263842671713391752e+01,3.770171500096765982e+01
-2.476927088349076378e+00,-3.261210698827201782e+01,3.770991285927290448e+01
-2.548848510677739654e+00,-3.260874192087889156e+01,3.769581207370180920e+01
-2.584152296478757993e+00,-3.260317057298736643e+01,3.768386497956502978e+01
-2.637626423432742673e+00,-3.261038772445935763e+01,3.771258405174553729e+01
-2.679208999091410526e+00,-3.259655734410495853e+01,3.769075609295992280e+01
-2.751940109911833687e+00,-3.261453613554116515e+01,3.769794006245717100e+01
-2.791261184141775598e+00,-3.260919802991169547e+01,3.770426687699680457e+01
-2.837429585122781095e+00,-3.259546390092362600e+01,3.769969831320656795e+01
-2.881334880317692360e+00,-3.258985105300070018e+01,3.767792325499257799e+01
-2.954774527891028679e+00,-3.260120756316084112e+01,3.770640102005479122e+01
-2.993362420191261197e+00,-3.259189574238945397e+01,3.770235041693275235e+01
-3.054422639443273191e+00,-3.257065362547019305e+01,3.769770900292794380e+01
-3.106093994467130859e+00,-3.256658902813143897e+01,3.771139179027471044e+01
