ref_Yaw (deg),ref_Pitch (deg),ref_Roll (deg)
0.000000000000000000e+00,0.000000000000000000e+00,0.000000000000000000e+00
8.999999999999997585e-03,0.000000000000000000e+00,0.000000000000000000e+00
2.609999999999999820e-02,0.000000000000000000e+00,0.000000000000000000e+00
5.048999999999999322e-02,0.000000000000000000e+00,0.000000000000000000e+00
8.144099999999999950e-02,0.000000000000000000e+00,0.000000000000000000e+00
1.182968999999999965e-01,0.000000000000000000e+00,0.000000000000000000e+00
1.604672099999999990e-01,0.000000000000000000e+00,0.000000000000000000e+00
2.074204889999999857e-01,0.000000000000000000e+00,0.000000000000000000e+00
2.586784400999999622e-01,0.000000000000000000e+00,0.000000000000000000e+00
3.138105960899999491e-01,0.000000000000000000e+00,0.000000000000000000e+00
3.724295364809999676e-01,0.000000000000000000e+00,0.000000000000000000e+00
4.341865828328999033e-01,0.000000000000000000e+00,0.000000000000000000e+00
4.987679245496099423e-01,0.000000000000000000e+00,0.000000000000000000e+00
5.658911320946489187e-01,0.000000000000000000e+00,0.000000000000000000e+00
6.353020188851840055e-01,0.000000000000000000e+00,0.000000000000000000e+00
7.067718169966655806e-01,0.000000000000000000e+00,0.000000000000000000e+00
7.800946352969989617e-01,0.000000000000000000e+00,0.000000000000000000e+00
8.550851717672990349e-01,0.000000000000000000e+00,0.000000000000000000e+00
9.315766545905690421e-01,0.000000000000000000e+00,0.000000000000000000e+00
1.009418989131512179e+00,0.000000000000000000e+00,0.000000000000000000e+00
1.088477090218360921e+00,0.000000000000000000e+00,0.000000000000000000e+00
1.168629381196524708e+00,0.000000000000000000e+00,0.000000000000000000e+00
1.249766443076872235e+00,0.000000000000000000e+00,0.000000000000000000e+00
1.331789798769184907e+00,0.000000000000000000e+00,0.000000000000000000e+00
1.414610818892266364e+00,0.000000000000000000e+00,0.000000000000000000e+00
1.498149737003039661e+00,0.000000000000000000e+00,0.000000000000000000e+00
1.582334763302735814e+00,0.000000000000000000e+00,0.000000000000000000e+00
1.667101286972462182e+00,0.000000000000000000e+00,0.000000000000000000e+00
1.752391158275215854e+00,0.000000000000000000e+00,0.000000000000000000e+00
1.838152042447694257e+00,0.000000000000000000e+00,0.000000000000000000e+00
1.924336838202924671e+00,0.000000000000000000e+00,0.000000000000000000e+00
2.010903154382632341e+00,0.000000000000000000e+00,0.000000000000000000e+00
2.097812838944369318e+00,0.000000000000000000e+00,0.000000000000000000e+00
2.185031555049932184e+00,0.000000000000000000e+00,0.000000000000000000e+00
2.272528399544939237e+00,0.000000000000000000e+00,0.000000000000000000e+00
2.360275559590445216e+00,0.000000000000000000e+00,0.000000000000000000e+00
2.448248003631400493e+00,0.000000000000000000e+00,0.000000000000000000e+00
2.536423203268260540e+00,0.000000000000000000e+00,0.000000000000000000e+00
2.624780882941434523e+00,0.000000000000000000e+00,0.000000000000000000e+00
2.713302794647290739e+00,0.000000000000000000e+00,0.000000000000000000e+00
2.801972515182562073e+00,0.000000000000000000e+00,0.000000000000000000e+00
2.890775263664305594e+00,0.000000000000000000e+00,0.000000000000000000e+00
2.979697737297875015e+00,0.000000000000000000e+00,0.000000000000000000e+00
3.068727963568087524e+00,0.000000000000000000e+00,0.000000000000000000e+00
3.157855167211278680e+00,0.000000000000000000e+00,0.000000000000000000e+00
3.247069650490150838e+00,0.000000000000000000e+00,0.000000000000000000e+00
3.336362685441135678e+00,0.000000000000000000e+00,0.000000000000000000e+00
3.425726416897022286e+00,0.000000000000000000e+00,0.000000000000000000e+00
3.515153775207319864e+00,0.000000000000000000e+00,0.000000000000000000e+00
3.604638397686587670e+00,0.000000000000000000e+00,0.000000000000000000e+00
3.694174557917929480e+00,0.000000000000000000e+00,0.000000000000000000e+00
3.783757102126136473e+00,0.000000000000000000e+00,0.000000000000000000e+00
3.873381391913522709e+00,0.000000000000000000e+00,0.000000000000000000e+00
3.963043252722170173e+00,0.000000000000000000e+00,0.000000000000000000e+00
4.052738927449953010e+00,0.000000000000000000e+00,0.000000000000000000e+00
4.142465034704957638e+00,0.000000000000000000e+00,0.000000000000000000e+00
4.232218531234462233e+00,0.000000000000000000e+00,0.000000000000000000e+00
4.321996678111015733e+00,0.000000000000000000e+00,0.000000000000000000e+00
4.411797010299914668e+00,0.000000000000000000e+00,0.000000000000000000e+00
4.501617309269922984e+00,0.000000000000000000e+00,0.000000000000000000e+00
4.591455578342930721e+00,0.000000000000000000e+00,0.000000000000000000e+00
4.681310020508637315e+00,0.000000000000000000e+00,0.000000000000000000e+00
4.771179018457774035e+00,0.000000000000000000e+00,0.000000000000000000e+00
4.861061116611996802e+00,0.000000000000000000e+00,0.000000000000000000e+00
4.950955004950797544e+00,0.000000000000000000e+00,0.000000000000000000e+00
5.040859504455717399e+00,0.000000000000000000e+00,0.000000000000000000e+00
5.130773554010145787e+00,0.000000000000000000e+00,0.000000000000000000e+00
5.220696198609131145e+00,0.000000000000000000e+00,0.000000000000000000e+00
5.310626578748217419e+00,0.000000000000000000e+00,0.000000000000000000e+00
5.400563920873396206e+00,0.000000000000000000e+00,0.000000000000000000e+00
5.490507528786056746e+00,0.000000000000000000e+00,0.000000000000000000e+00
5.580456775907450151e+00,0.000000000000000000e+00,0.000000000000000000e+00
5.670411098316705534e+00,0.000000000000000000e+00,0.000000000000000000e+00
5.760369988485035009e+00,0.000000000000000000e+00,0.000000000000000000e+00
5.850332989636531700e+00,0.000000000000000000e+00,0.000000000000000000e+00
5.940299690672878441e+00,0.000000000000000000e+00,0.000000000000000000e+00
6.030269721605590938e+00,0.000000000000000000e+00,0.000000000000000000e+00
6.120242749445031549e+00,0.000000000000000000e+00,0.000000000000000000e+00
6.210218474500527996e+00,0.000000000000000000e+00,0.000000000000000000e+00
6.300196627050476117e+00,0.000000000000000000e+00,0.000000000000000000e+00
6.390176964345427812e+00,0.000000000000000000e+00,0.000000000000000000e+00
6.480159267910885035e+00,0.000000000000000000e+00,0.000000000000000000e+00
6.570143341119796254e+00,0.000000000000000000e+00,0.000000000000000000e+00
6.660129007007816959e+00,0.000000000000000000e+00,0.000000000000000000e+00
6.750116106307035402e+00,0.000000000000000000e+00,0.000000000000000000e+00
6.840104495676331275e+00,0.000000000000000000e+00,0.000000000000000000e+00
6.930094046108697725e+00,0.000000000000000000e+00,0.000000000000000000e+00
7.020084641497827960e+00,0.000000000000000000e+00,0.000000000000000000e+00
7.110076177348044979e+00,0.000000000000000000e+00,0.000000000000000000e+00
7.200068559613240993e+00,0.000000000000000000e+00,0.000000000000000000e+00
7.290061703651915970e+00,0.000000000000000000e+00,0.000000000000000000e+00
7.380055533286723701e+00,0.000000000000000000e+00,0.000000000000000000e+00
7.470049979958051090e+00,0.000000000000000000e+00,0.000000000000000000e+00
7.560044981962246169e+00,0.000000000000000000e+00,0.000000000000000000e+00
7.650040483766021637e+00,0.000000000000000000e+00,0.000000000000000000e+00
7.740036435389420433e+00,0.000000000000000000e+00,0.000000000000000000e+00
7.830032791850478624e+00,0.000000000000000000e+00,0.000000000000000000e+00
7.920029512665430538e+00,0.000000000000000000e+00,0.000000000000000000e+00
8.010026561398888134e+00,0.000000000000000000e+00,0.000000000000000000e+00
8.100023905259000401e+00,0.000000000000000000e+00,0.000000000000000000e+00
8.190021514733098584e+00,0.000000000000000000e+00,0.000000000000000000e+00
8.280019363259789600e+00,0.000000000000000000e+00,0.000000000000000000e+00
8.370017426933811677e+00,0.000000000000000000e+00,0.000000000000000000e+00
8.460015684240429934e+00,0.000000000000000000e+00,0.000000000000000000e+00
8.550014115816386706e+00,0.000000000000000000e+00,0.000000000000000000e+00
8.640012704234747432e+00,0.000000000000000000e+00,0.000000000000000000e+00
8.730011433811272425e+00,0.000000000000000000e+00,0.000000000000000000e+00
8.820010290430145616e+00,0.000000000000000000e+00,0.000000000000000000e+00
8.910009261387131119e+00,0.000000000000000000e+00,0.000000000000000000e+00
9.000008335248416813e+00,0.000000000000000000e+00,0.000000000000000000e+00
9.090007501723576411e+00,0.000000000000000000e+00,0.000000000000000000e+00
9.180006751551218258e+00,0.000000000000000000e+00,0.000000000000000000e+00
9.270006076396095196e+00,0.000000000000000000e+00,0.000000000000000000e+00
9.360005468756485314e+00,0.000000000000000000e+00,0.000000000000000000e+00
9.450004921880836406e+00,0.000000000000000000e+00,0.000000000000000000e+00
9.540004429692752197e+00,0.000000000000000000e+00,0.000000000000000000e+00
9.630003986723478349e+00,0.000000000000000000e+00,0.000000000000000000e+00
9.720003588051129739e+00,0.000000000000000000e+00,0.000000000000000000e+00
9.810003229246017753e+00,0.000000000000000000e+00,0.000000000000000000e+00
9.900002906321414997e+00,0.000000000000000000e+00,0.000000000000000000e+00
9.990002615689274279e+00,0.000000000000000000e+00,0.000000000000000000e+00
1.008000235412034584e+01,0.000000000000000000e+00,0.000000000000000000e+00
1.017000211870831095e+01,0.000000000000000000e+00,0.000000000000000000e+00
1.026000190683748059e+01,0.000000000000000000e+00,0.000000000000000000e+00
1.035000171615373254e+01,0.000000000000000000e+00,0.000000000000000000e+00
1.044000154453835982e+01,0.000000000000000000e+00,0.000000000000000000e+00
1.053000139008452329e+01,0.000000000000000000e+00,0.000000000000000000e+00
1.062000125107607040e+01,0.000000000000000000e+00,0.000000000000000000e+00
1.071000112596846243e+01,0.000000000000000000e+00,0.000000000000000000e+00
1.080000101337161666e+01,0.000000000000000000e+00,0.000000000000000000e+00
1.089000091203445564e+01,0.000000000000000000e+00,0.000000000000000000e+00
1.098000082083100892e+01,0.000000000000000000e+00,0.000000000000000000e+00
1.107000073874790758e+01,0.000000000000000000e+00,0.000000000000000000e+00
1.116000066487311848e+01,0.000000000000000000e+00,0.000000000000000000e+00
1.125000059838580668e+01,0.000000000000000000e+00,0.000000000000000000e+00
1.134000053854722445e+01,0.000000000000000000e+00,0.000000000000000000e+00
1.143000048469250274e+01,0.000000000000000000e+00,0.000000000000000000e+00
1.152000043622325265e+01,0.000000000000000000e+00,0.000000000000000000e+00
1.161000039260092720e+01,0.000000000000000000e+00,0.000000000000000000e+00
1.170000035334083321e+01,0.000000000000000000e+00,0.000000000000000000e+00
1.179000031800674897e+01,0.000000000000000000e+00,0.000000000000000000e+00
1.188000028620607473e+01,0.000000000000000000e+00,0.000000000000000000e+00
1.197000025758546826e+01,0.000000000000000000e+00,0.000000000000000000e+00
1.206000023182692082e+01,0.000000000000000000e+00,0.000000000000000000e+00
1.215000020864422936e+01,0.000000000000000000e+00,0.000000000000000000e+00
1.224000018777980614e+01,0.000000000000000000e+00,0.000000000000000000e+00
1.233000016900182416e+01,0.000000000000000000e+00,0.000000000000000000e+00
1.242000015210164321e+01,0.000000000000000000e+00,0.000000000000000000e+00
1.251000013689147927e+01,0.000000000000000000e+00,0.000000000000000000e+00
1.260000012320232976e+01,0.000000000000000000e+00,0.000000000000000000e+00
1.269000011088209767e+01,0.000000000000000000e+00,0.000000000000000000e+00
1.278000009979388807e+01,0.000000000000000000e+00,0.000000000000000000e+00
1.287000008981449994e+01,0.000000000000000000e+00,0.000000000000000000e+00
1.296000008083304955e+01,0.000000000000000000e+00,0.000000000000000000e+00
1.305000007274974649e+01,0.000000000000000000e+00,0.000000000000000000e+00
1.314000006547477106e+01,0.000000000000000000e+00,0.000000000000000000e+00
1.323000005892729547e+01,0.000000000000000000e+00,0.000000000000000000e+00
1.332000005303456547e+01,0.000000000000000000e+00,0.000000000000000000e+00
1.341000004773110987e+01,0.000000000000000000e+00,0.000000000000000000e+00
1.350000004295799982e+01,0.000000000000000000e+00,0.000000000000000000e+00
1.359000003866220041e+01,0.000000000000000000e+00,0.000000000000000000e+00
1.368000003479598092e+01,0.000000000000000000e+00,0.000000000000000000e+00
1.377000003131638373e+01,0.000000000000000000e+00,0.000000000000000000e+00
1.386000002818474464e+01,0.000000000000000000e+00,0.000000000000000000e+00
1.395000002536627015e+01,0.000000000000000000e+00,0.000000000000000000e+00
1.404000002282964310e+01,0.000000000000000000e+00,0.000000000000000000e+00
1.413000002054667803e+01,0.000000000000000000e+00,0.000000000000000000e+00
1.422000001849201034e+01,0.000000000000000000e+00,0.000000000000000000e+00
1.431000001664281029e+01,0.000000000000000000e+00,0.000000000000000000e+00
1.440000001497852722e+01,0.000000000000000000e+00,0.000000000000000000e+00
1.449000001348067457e+01,0.000000000000000000e+00,0.000000000000000000e+00
1.458000001213260788e+01,0.000000000000000000e+00,0.000000000000000000e+00
1.467000001091934713e+01,0.000000000000000000e+00,0.000000000000000000e+00
1.476000000982741334e+01,0.000000000000000000e+00,0.000000000000000000e+00
1.485000000884467219e+01,0.000000000000000000e+00,0.000000000000000000e+00
1.494000000796020622e+01,0.000000000000000000e+00,0.000000000000000000e+00
1.503000000716418683e+01,0.000000000000000000e+00,0.000000000000000000e+00
1.512000000644776776e+01,0.000000000000000000e+00,0.000000000000000000e+00
1.521000000580299094e+01,0.000000000000000000e+00,0.000000000000000000e+00
1.530000000522269232e+01,0.000000000000000000e+00,0.000000000000000000e+00
1.539000000470042373e+01,0.000000000000000000e+00,0.000000000000000000e+00
1.548000000423038358e+01,0.000000000000000000e+00,0.000000000000000000e+00
1.557000000380734583e+01,0.000000000000000000e+00,0.000000000000000000e+00
1.566000000342661025e+01,0.000000000000000000e+00,0.000000000000000000e+00
1.575000000308395087e+01,0.000000000000000000e+00,0.000000000000000000e+00
1.584000000277555564e+01,0.000000000000000000e+00,0.000000000000000000e+00
1.593000000249799974e+01,0.000000000000000000e+00,0.000000000000000000e+00
1.602000000224819942e+01,0.000000000000000000e+00,0.000000000000000000e+00
1.611000000202338001e+01,0.000000000000000000e+00,0.000000000000000000e+00
1.620000000182104216e+01,0.000000000000000000e+00,0.000000000000000000e+00
1.629000000163893702e+01,0.000000000000000000e+00,0.000000000000000000e+00
1.638000000147504309e+01,0.000000000000000000e+00,0.000000000000000000e+00
1.647000000132754138e+01,0.000000000000000000e+00,0.000000000000000000e+00
1.656000000119478699e+01,0.000000000000000000e+00,0.000000000000000000e+00
1.665000000107530909e+01,0.000000000000000000e+00,0.000000000000000000e+00
1.674000000096777896e+01,0.000000000000000000e+00,0.000000000000000000e+00
1.683000000087099934e+01,0.000000000000000000e+00,0.000000000000000000e+00
1.692000000078390087e+01,0.000000000000000000e+00,0.000000000000000000e+00
1.701000000070551010e+01,0.000000000000000000e+00,0.000000000000000000e+00
1.710000000063496017e+01,0.000000000000000000e+00,0.000000000000000000e+00
1.719000000057146593e+01,0.000000000000000000e+00,0.000000000000000000e+00
1.728000000051431684e+01,0.000000000000000000e+00,0.000000000000000000e+00
1.737000000046288761e+01,0.000000000000000000e+00,0.000000000000000000e+00
1.746000000041659561e+01,0.000000000000000000e+00,0.000000000000000000e+00
1.755000000037493990e+01,0.000000000000000000e+00,0.000000000000000000e+00
1.764000000033744442e+01,0.000000000000000000e+00,0.000000000000000000e+00
1.773000000030370060e+01,0.000000000000000000e+00,0.000000000000000000e+00
1.782000000027332831e+01,0.000000000000000000e+00,0.000000000000000000e+00
1.791000000024599714e+01,0.000000000000000000e+00,0.000000000000000000e+00
1.800000000022139446e+01,0.000000000000000000e+00,0.000000000000000000e+00
1.809000000019925736e+01,0.000000000000000000e+00,0.000000000000000000e+00
1.818000000017933004e+01,0.000000000000000000e+00,0.000000000000000000e+00
1.827000000016139580e+01,0.000000000000000000e+00,0.000000000000000000e+00
1.836000000014525568e+01,0.000000000000000000e+00,0.000000000000000000e+00
1.845000000013073205e+01,0.000000000000000000e+00,0.000000000000000000e+00
1.854000000011765792e+01,0.000000000000000000e+00,0.000000000000000000e+00
1.863000000010588764e+01,0.000000000000000000e+00,0.000000000000000000e+00
1.872000000009529685e+01,0.000000000000000000e+00,0.000000000000000000e+00
1.881000000008576833e+01,0.000000000000000000e+00,0.000000000000000000e+00
1.890000000007718839e+01,0.000000000000000000e+00,0.000000000000000000e+00
1.899000000006947175e+01,0.000000000000000000e+00,0.000000000000000000e+00
1.908000000006252250e+01,0.000000000000000000e+00,0.000000000000000000e+00
1.917000000005626958e+01,0.000000000000000000e+00,0.000000000000000000e+00
1.926000000005064194e+01,0.000000000000000000e+00,0.000000000000000000e+00
1.935000000004557563e+01,0.000000000000000000e+00,0.000000000000000000e+00
1.944000000004101736e+01,0.000000000000000000e+00,0.000000000000000000e+00
1.953000000003691738e+01,0.000000000000000000e+00,0.000000000000000000e+00
1.962000000003322597e+01,0.000000000000000000e+00,0.000000000000000000e+00
1.971000000002990049e+01,0.000000000000000000e+00,0.000000000000000000e+00
1.980000000002690896e+01,0.000000000000000000e+00,0.000000000000000000e+00
1.989000000002421586e+01,0.000000000000000000e+00,0.000000000000000000e+00
1.998000000002179277e+01,0.000000000000000000e+00,0.000000000000000000e+00
2.007000000001961126e+01,0.000000000000000000e+00,0.000000000000000000e+00
2.016000000001765002e+01,0.000000000000000000e+00,0.000000000000000000e+00
2.025000000001588774e+01,0.000000000000000000e+00,0.000000000000000000e+00
2.034000000001429598e+01,0.000000000000000000e+00,0.000000000000000000e+00
2.043000000001286764e+01,0.000000000000000000e+00,0.000000000000000000e+00
2.052000000001157787e+01,0.000000000000000000e+00,0.000000000000000000e+00
2.061000000001041954e+01,0.000000000000000000e+00,0.000000000000000000e+00
2.070000000000937845e+01,0.000000000000000000e+00,0.000000000000000000e+00
2.079000000000844040e+01,0.000000000000000000e+00,0.000000000000000000e+00
2.088000000000759471e+01,0.000000000000000000e+00,0.000000000000000000e+00
2.097000000000683428e+01,0.000000000000000000e+00,0.000000000000000000e+00
2.106000000000615202e+01,0.000000000000000000e+00,0.000000000000000000e+00
2.115000000000553371e+01,0.000000000000000000e+00,0.000000000000000000e+00
2.124000000000498289e+01,0.000000000000000000e+00,0.000000000000000000e+00
2.133000000000448537e+01,0.000000000000000000e+00,0.000000000000000000e+00
2.142000000000403759e+01,0.000000000000000000e+00,0.000000000000000000e+00
2.151000000000363244e+01,0.000000000000000000e+00,0.000000000000000000e+00
2.160000000000326992e+01,0.000000000000000000e+00,0.000000000000000000e+00
2.169000000000294293e+01,0.000000000000000000e+00,0.000000000000000000e+00
2.178000000000264791e+01,0.000000000000000000e+00,0.000000000000000000e+00
2.187000000000238131e+01,0.000000000000000000e+00,0.000000000000000000e+00
2.196000000000214314e+01,0.000000000000000000e+00,0.000000000000000000e+00
2.205000000000192628e+01,0.000000000000000000e+00,0.000000000000000000e+00
2.214000000000173429e+01,0.000000000000000000e+00,0.000000000000000000e+00
2.223000000000156007e+01,0.000000000000000000e+00,0.000000000000000000e+00
2.232000000000140361e+01,0.000000000000000000e+00,0.000000000000000000e+00
2.241000000000126136e+01,0.000000000000000000e+00,0.000000000000000000e+00
2.250000000000113687e+01,0.000000000000000000e+00,0.000000000000000000e+00
2.259000000000102304e+01,0.000000000000000000e+00,0.000000000000000000e+00
2.268000000000091632e+01,0.000000000000000000e+00,0.000000000000000000e+00
2.277000000000082736e+01,0.000000000000000000e+00,0.000000000000000000e+00
2.286000000000074550e+01,0.000000000000000000e+00,0.000000000000000000e+00
2.295000000000066720e+01,0.000000000000000000e+00,0.000000000000000000e+00
2.304000000000060311e+01,0.000000000000000000e+00,0.000000000000000000e+00
2.313000000000054257e+01,0.000000000000000000e+00,0.000000000000000000e+00
2.322000000000048914e+01,0.000000000000000000e+00,0.000000000000000000e+00
2.331000000000043926e+01,0.000000000000000000e+00,0.000000000000000000e+00
2.340000000000039648e+01,0.000000000000000000e+00,0.000000000000000000e+00
2.349000000000035371e+01,0.000000000000000000e+00,0.000000000000000000e+00
2.358000000000032159e+01,0.000000000000000000e+00,0.000000000000000000e+00
2.367000000000028948e+01,0.000000000000000000e+00,0.000000000000000000e+00
2.376000000000026091e+01,0.000000000000000000e+00,0.000000000000000000e+00
2.385000000000023590e+01,0.000000000000000000e+00,0.000000000000000000e+00
2.394000000000021089e+01,0.000000000000000000e+00,0.000000000000000000e+00
2.403000000000018943e+01,0.000000000000000000e+00,0.000000000000000000e+00
2.412000000000017153e+01,0.000000000000000000e+00,0.000000000000000000e+00
2.421000000000015362e+01,0.000000000000000000e+00,0.000000000000000000e+00
2.430000000000013927e+01,0.000000000000000000e+00,0.000000000000000000e+00
2.439000000000012491e+01,0.000000000000000000e+00,0.000000000000000000e+00
2.448000000000011056e+01,0.000000000000000000e+00,0.000000000000000000e+00
2.457000000000009976e+01,0.000000000000000000e+00,0.000000000000000000e+00
2.466000000000009251e+01,0.000000000000000000e+00,0.000000000000000000e+00
2.475000000000008171e+01,0.000000000000000000e+00,0.000000000000000000e+00
2.484000000000007446e+01,0.000000000000000000e+00,0.000000000000000000e+00
2.493000000000006366e+01,0.000000000000000000e+00,0.000000000000000000e+00
2.502000000000005997e+01,0.000000000000000000e+00,0.000000000000000000e+00
2.511000000000005272e+01,0.000000000000000000e+00,0.000000000000000000e+00
2.520000000000004903e+01,0.000000000000000000e+00,0.000000000000000000e+00
2.529000000000004178e+01,0.000000000000000000e+00,0.000000000000000000e+00
2.538000000000003809e+01,0.000000000000000000e+00,0.000000000000000000e+00
2.547000000000003439e+01,0.000000000000000000e+00,0.000000000000000000e+00
2.556000000000003070e+01,0.000000000000000000e+00,0.000000000000000000e+00
2.565000000000003055e+01,0.000000000000000000e+00,0.000000000000000000e+00
2.574000000000002686e+01,0.000000000000000000e+00,0.000000000000000000e+00
2.583000000000002672e+01,0.000000000000000000e+00,0.000000000000000000e+00
2.592000000000002302e+01,0.000000000000000000e+00,0.000000000000000000e+00
2.601000000000001933e+01,0.000000000000000000e+00,0.000000000000000000e+00
2.610000000000001918e+01,0.000000000000000000e+00,0.000000000000000000e+00
2.619000000000001549e+01,0.000000000000000000e+00,0.000000000000000000e+00
2.628000000000001180e+01,0.000000000000000000e+00,0.000000000000000000e+00
2.637000000000001165e+01,0.000000000000000000e+00,0.000000000000000000e+00
2.646000000000000796e+01,0.000000000000000000e+00,0.000000000000000000e+00
2.655000000000000426e+01,0.000000000000000000e+00,0.000000000000000000e+00
2.664000000000000412e+01,0.000000000000000000e+00,0.000000000000000000e+00
2.673000000000000043e+01,0.000000000000000000e+00,0.000000000000000000e+00
2.682000000000000028e+01,0.000000000000000000e+00,0.000000000000000000e+00
2.691000000000000369e+01,0.000000000000000000e+00,0.000000000000000000e+00
2.700000000000000355e+01,0.000000000000000000e+00,0.000000000000000000e+00
2.709000000000000341e+01,0.000000000000000000e+00,0.000000000000000000e+00
2.718000000000000327e+01,0.000000000000000000e+00,0.000000000000000000e+00
2.727000000000000668e+01,0.000000000000000000e+00,0.000000000000000000e+00
2.736000000000000654e+01,0.000000000000000000e+00,0.000000000000000000e+00
2.745000000000000639e+01,0.000000000000000000e+00,0.000000000000000000e+00
2.754000000000000625e+01,0.000000000000000000e+00,0.000000000000000000e+00
2.763000000000000966e+01,0.000000000000000000e+00,0.000000000000000000e+00
2.772000000000000952e+01,0.000000000000000000e+00,0.000000000000000000e+00
2.781000000000000938e+01,0.000000000000000000e+00,0.000000000000000000e+00
2.790000000000000924e+01,0.000000000000000000e+00,0.000000000000000000e+00
2.799000000000001265e+01,0.000000000000000000e+00,0.000000000000000000e+00
2.808000000000001251e+01,0.000000000000000000e+00,0.000000000000000000e+00
2.817000000000001236e+01,0.000000000000000000e+00,0.000000000000000000e+00
2.826000000000001222e+01,0.000000000000000000e+00,0.000000000000000000e+00
2.835000000000001563e+01,0.000000000000000000e+00,0.000000000000000000e+00
2.844000000000001549e+01,0.000000000000000000e+00,0.000000000000000000e+00
2.853000000000001535e+01,0.000000000000000000e+00,0.000000000000000000e+00
2.862000000000001521e+01,0.000000000000000000e+00,0.000000000000000000e+00
2.871000000000001506e+01,0.000000000000000000e+00,0.000000000000000000e+00
2.880000000000001492e+01,0.000000000000000000e+00,0.000000000000000000e+00
2.889000000000001478e+01,0.000000000000000000e+00,0.000000000000000000e+00
2.898000000000001819e+01,0.000000000000000000e+00,0.000000000000000000e+00
2.907000000000001805e+01,0.000000000000000000e+00,0.000000000000000000e+00
2.916000000000001791e+01,0.000000000000000000e+00,0.000000000000000000e+00
2.925000000000001776e+01,0.000000000000000000e+00,0.000000000000000000e+00
2.934000000000002117e+01,0.000000000000000000e+00,0.000000000000000000e+00
2.943000000000002103e+01,0.000000000000000000e+00,0.000000000000000000e+00
2.952000000000002089e+01,0.000000000000000000e+00,0.000000000000000000e+00
2.961000000000002075e+01,0.000000000000000000e+00,0.000000000000000000e+00
2.970000000000002416e+01,0.000000000000000000e+00,0.000000000000000000e+00
2.979000000000002402e+01,0.000000000000000000e+00,0.000000000000000000e+00
2.988000000000002387e+01,0.000000000000000000e+00,0.000000000000000000e+00
2.997000000000002373e+01,0.000000000000000000e+00,0.000000000000000000e+00
3.006000000000002714e+01,0.000000000000000000e+00,0.000000000000000000e+00
3.015000000000002700e+01,0.000000000000000000e+00,0.000000000000000000e+00
3.024000000000002686e+01,0.000000000000000000e+00,0.000000000000000000e+00
3.033000000000002672e+01,0.000000000000000000e+00,0.000000000000000000e+00
3.042000000000003013e+01,0.000000000000000000e+00,0.000000000000000000e+00
3.051000000000002998e+01,0.000000000000000000e+00,0.000000000000000000e+00
3.060000000000002984e+01,0.000000000000000000e+00,0.000000000000000000e+00
3.069000000000002970e+01,0.000000000000000000e+00,0.000000000000000000e+00
3.078000000000003311e+01,0.000000000000000000e+00,0.000000000000000000e+00
3.087000000000003297e+01,0.000000000000000000e+00,0.000000000000000000e+00
3.096000000000003283e+01,0.000000000000000000e+00,0.000000000000000000e+00
3.105000000000003268e+01,0.000000000000000000e+00,0.000000000000000000e+00
3.114000000000003610e+01,0.000000000000000000e+00,0.000000000000000000e+00
3.123000000000003595e+01,0.000000000000000000e+00,0.000000000000000000e+00
3.132000000000003581e+01,0.000000000000000000e+00,0.000000000000000000e+00
3.141000000000003567e+01,0.000000000000000000e+00,0.000000000000000000e+00
3.150000000000003908e+01,0.000000000000000000e+00,0.000000000000000000e+00
3.159000000000003894e+01,0.000000000000000000e+00,0.000000000000000000e+00
3.168000000000003880e+01,0.000000000000000000e+00,0.000000000000000000e+00
3.177000000000003865e+01,0.000000000000000000e+00,0.000000000000000000e+00
3.186000000000004206e+01,0.000000000000000000e+00,0.000000000000000000e+00
3.195000000000004192e+01,0.000000000000000000e+00,0.000000000000000000e+00
3.204000000000004178e+01,0.000000000000000000e+00,0.000000000000000000e+00
3.213000000000004519e+01,0.000000000000000000e+00,0.000000000000000000e+00
3.222000000000004150e+01,0.000000000000000000e+00,0.000000000000000000e+00
3.231000000000004491e+01,0.000000000000000000e+00,0.000000000000000000e+00
3.240000000000004832e+01,0.000000000000000000e+00,0.000000000000000000e+00
3.249000000000004462e+01,0.000000000000000000e+00,0.000000000000000000e+00
3.258000000000004803e+01,0.000000000000000000e+00,0.000000000000000000e+00
3.267000000000005144e+01,0.000000000000000000e+00,0.000000000000000000e+00
3.276000000000004775e+01,0.000000000000000000e+00,0.000000000000000000e+00
3.285000000000005116e+01,0.000000000000000000e+00,0.000000000000000000e+00
3.294000000000004746e+01,0.000000000000000000e+00,0.000000000000000000e+00
3.303000000000005087e+01,0.000000000000000000e+00,0.000000000000000000e+00
3.312000000000005429e+01,0.000000000000000000e+00,0.000000000000000000e+00
3.321000000000005059e+01,0.000000000000000000e+00,0.000000000000000000e+00
3.330000000000005400e+01,0.000000000000000000e+00,0.000000000000000000e+00
3.339000000000005741e+01,0.000000000000000000e+00,0.000000000000000000e+00
3.348000000000005372e+01,0.000000000000000000e+00,0.000000000000000000e+00
3.357000000000005713e+01,0.000000000000000000e+00,0.000000000000000000e+00
3.366000000000005343e+01,0.000000000000000000e+00,0.000000000000000000e+00
3.375000000000005684e+01,0.000000000000000000e+00,0.000000000000000000e+00
3.384000000000006025e+01,0.000000000000000000e+00,0.000000000000000000e+00
3.393000000000005656e+01,0.000000000000000000e+00,0.000000000000000000e+00
3.402000000000005997e+01,0.000000000000000000e+00,0.000000000000000000e+00
3.411000000000006338e+01,0.000000000000000000e+00,0.000000000000000000e+00
3.420000000000005969e+01,0.000000000000000000e+00,0.000000000000000000e+00
3.429000000000006310e+01,0.000000000000000000e+00,0.000000000000000000e+00
3.438000000000005940e+01,0.000000000000000000e+00,0.000000000000000000e+00
3.447000000000006281e+01,0.000000000000000000e+00,0.000000000000000000e+00
3.456000000000006622e+01,0.000000000000000000e+00,0.000000000000000000e+00
3.465000000000006253e+01,0.000000000000000000e+00,0.000000000000000000e+00
3.474000000000006594e+01,0.000000000000000000e+00,0.000000000000000000e+00
3.483000000000006935e+01,0.000000000000000000e+00,0.000000000000000000e+00
3.492000000000006565e+01,0.000000000000000000e+00,0.000000000000000000e+00
3.501000000000006906e+01,0.000000000000000000e+00,0.000000000000000000e+00
3.510000000000006537e+01,0.000000000000000000e+00,0.000000000000000000e+00
3.519000000000006878e+01,0.000000000000000000e+00,0.000000000000000000e+00
3.528000000000007219e+01,0.000000000000000000e+00,0.000000000000000000e+00
3.537000000000006850e+01,0.000000000000000000e+00,0.000000000000000000e+00
3.546000000000007191e+01,0.000000000000000000e+00,0.000000000000000000e+00
3.555000000000007532e+01,0.000000000000000000e+00,0.000000000000000000e+00
3.564000000000007162e+01,0.000000000000000000e+00,0.000000000000000000e+00
3.573000000000007503e+01,0.000000000000000000e+00,0.000000000000000000e+00
3.582000000000007134e+01,0.000000000000000000e+00,0.000000000000000000e+00
3.591000000000007475e+01,0.000000000000000000e+00,0.000000000000000000e+00
3.600000000000007816e+01,0.000000000000000000e+00,0.000000000000000000e+00
3.609000000000007446e+01,0.000000000000000000e+00,0.000000000000000000e+00
3.618000000000007788e+01,0.000000000000000000e+00,0.000000000000000000e+00
3.627000000000008129e+01,0.000000000000000000e+00,0.000000000000000000e+00
3.636000000000007759e+01,0.000000000000000000e+00,0.000000000000000000e+00
3.645000000000008100e+01,0.000000000000000000e+00,0.000000000000000000e+00
3.654000000000007731e+01,0.000000000000000000e+00,0.000000000000000000e+00
3.663000000000008072e+01,0.000000000000000000e+00,0.000000000000000000e+00
3.672000000000008413e+01,0.000000000000000000e+00,0.000000000000000000e+00
3.681000000000008043e+01,0.000000000000000000e+00,0.000000000000000000e+00
3.690000000000008384e+01,0.000000000000000000e+00,0.000000000000000000e+00
3.699000000000008725e+01,0.000000000000000000e+00,0.000000000000000000e+00
3.708000000000008356e+01,0.000000000000000000e+00,0.000000000000000000e+00
3.717000000000008697e+01,0.000000000000000000e+00,0.000000000000000000e+00
3.726000000000009038e+01,0.000000000000000000e+00,0.000000000000000000e+00
3.735000000000008669e+01,0.000000000000000000e+00,0.000000000000000000e+00
3.744000000000009010e+01,0.000000000000000000e+00,0.000000000000000000e+00
3.753000000000008640e+01,0.000000000000000000e+00,0.000000000000000000e+00
3.762000000000008981e+01,0.000000000000000000e+00,0.000000000000000000e+00
3.771000000000009322e+01,0.000000000000000000e+00,0.000000000000000000e+00
3.780000000000008953e+01,0.000000000000000000e+00,0.000000000000000000e+00
3.789000000000009294e+01,0.000000000000000000e+00,0.000000000000000000e+00
3.798000000000009635e+01,0.000000000000000000e+00,0.000000000000000000e+00
3.807000000000009265e+01,0.000000000000000000e+00,0.000000000000000000e+00
3.816000000000009607e+01,0.000000000000000000e+00,0.000000000000000000e+00
3.825000000000009237e+01,0.000000000000000000e+00,0.000000000000000000e+00
3.834000000000009578e+01,0.000000000000000000e+00,0.000000000000000000e+00
3.843000000000009919e+01,0.000000000000000000e+00,0.000000000000000000e+00
3.852000000000009550e+01,0.000000000000000000e+00,0.000000000000000000e+00
3.861000000000009891e+01,0.000000000000000000e+00,0.000000000000000000e+00
3.870000000000010232e+01,0.000000000000000000e+00,0.000000000000000000e+00
3.879000000000009862e+01,0.000000000000000000e+00,0.000000000000000000e+00
3.888000000000010203e+01,0.000000000000000000e+00,0.000000000000000000e+00
3.897000000000009834e+01,0.000000000000000000e+00,0.000000000000000000e+00
3.906000000000010175e+01,0.000000000000000000e+00,0.000000000000000000e+00
3.915000000000010516e+01,0.000000000000000000e+00,0.000000000000000000e+00
3.924000000000010147e+01,0.000000000000000000e+00,0.000000000000000000e+00
3.933000000000010488e+01,0.000000000000000000e+00,0.000000000000000000e+00
3.942000000000010829e+01,0.000000000000000000e+00,0.000000000000000000e+00
3.951000000000010459e+01,0.000000000000000000e+00,0.000000000000000000e+00
3.960000000000010800e+01,0.000000000000000000e+00,0.000000000000000000e+00
3.969000000000010431e+01,0.000000000000000000e+00,0.000000000000000000e+00
3.978000000000010772e+01,0.000000000000000000e+00,0.000000000000000000e+00
3.987000000000011113e+01,0.000000000000000000e+00,0.000000000000000000e+00
3.996000000000010743e+01,0.000000000000000000e+00,0.000000000000000000e+00
4.005000000000011084e+01,0.000000000000000000e+00,0.000000000000000000e+00
4.014000000000011426e+01,0.000000000000000000e+00,0.000000000000000000e+00
4.023000000000011056e+01,0.000000000000000000e+00,0.000000000000000000e+00
4.032000000000011397e+01,0.000000000000000000e+00,0.000000000000000000e+00
4.041000000000011028e+01,0.000000000000000000e+00,0.000000000000000000e+00
4.050000000000011369e+01,0.000000000000000000e+00,0.000000000000000000e+00
4.059000000000011710e+01,0.000000000000000000e+00,0.000000000000000000e+00
4.068000000000011340e+01,0.000000000000000000e+00,0.000000000000000000e+00
4.077000000000011681e+01,0.000000000000000000e+00,0.000000000000000000e+00
4.086000000000012022e+01,0.000000000000000000e+00,0.000000000000000000e+00
4.095000000000011653e+01,0.000000000000000000e+00,0.000000000000000000e+00
4.104000000000011994e+01,0.000000000000000000e+00,0.000000000000000000e+00
4.113000000000011624e+01,0.000000000000000000e+00,0.000000000000000000e+00
4.122000000000011966e+01,0.000000000000000000e+00,0.000000000000000000e+00
4.131000000000012307e+01,0.000000000000000000e+00,0.000000000000000000e+00
4.140000000000011937e+01,0.000000000000000000e+00,0.000000000000000000e+00
4.149000000000012278e+01,0.000000000000000000e+00,0.000000000000000000e+00
4.158000000000012619e+01,0.000000000000000000e+00,0.000000000000000000e+00
4.167000000000012250e+01,0.000000000000000000e+00,0.000000000000000000e+00
4.176000000000012591e+01,0.000000000000000000e+00,0.000000000000000000e+00
4.185000000000012932e+01,0.000000000000000000e+00,0.000000000000000000e+00
4.194000000000012562e+01,0.000000000000000000e+00,0.000000000000000000e+00
4.203000000000012903e+01,0.000000000000000000e+00,0.000000000000000000e+00
4.212000000000012534e+01,0.000000000000000000e+00,0.000000000000000000e+00
4.221000000000012875e+01,0.000000000000000000e+00,0.000000000000000000e+00
4.230000000000013216e+01,0.000000000000000000e+00,0.000000000000000000e+00
4.239000000000012847e+01,0.000000000000000000e+00,0.000000000000000000e+00
4.248000000000013188e+01,0.000000000000000000e+00,0.000000000000000000e+00
4.257000000000013529e+01,0.000000000000000000e+00,0.000000000000000000e+00
4.266000000000013159e+01,0.000000000000000000e+00,0.000000000000000000e+00
4.275000000000013500e+01,0.000000000000000000e+00,0.000000000000000000e+00
4.284000000000013131e+01,0.000000000000000000e+00,0.000000000000000000e+00
4.293000000000013472e+01,0.000000000000000000e+00,0.000000000000000000e+00
4.302000000000013813e+01,0.000000000000000000e+00,0.000000000000000000e+00
4.311000000000013443e+01,0.000000000000000000e+00,0.000000000000000000e+00
4.320000000000013785e+01,0.000000000000000000e+00,0.000000000000000000e+00
4.329000000000014126e+01,0.000000000000000000e+00,0.000000000000000000e+00
4.338000000000013756e+01,0.000000000000000000e+00,0.000000000000000000e+00
4.347000000000014097e+01,0.000000000000000000e+00,0.000000000000000000e+00
4.356000000000013728e+01,0.000000000000000000e+00,0.000000000000000000e+00
4.365000000000014069e+01,0.000000000000000000e+00,0.000000000000000000e+00
4.374000000000014410e+01,0.000000000000000000e+00,0.000000000000000000e+00
4.383000000000014040e+01,0.000000000000000000e+00,0.000000000000000000e+00
4.392000000000014381e+01,0.000000000000000000e+00,0.000000000000000000e+00
4.401000000000014722e+01,0.000000000000000000e+00,0.000000000000000000e+00
4.410000000000014353e+01,0.000000000000000000e+00,0.000000000000000000e+00
4.419000000000014694e+01,0.000000000000000000e+00,0.000000000000000000e+00
4.428000000000014325e+01,0.000000000000000000e+00,0.000000000000000000e+00
4.437000000000014666e+01,0.000000000000000000e+00,0.000000000000000000e+00
4.446000000000015007e+01,0.000000000000000000e+00,0.000000000000000000e+00
4.455000000000014637e+01,0.000000000000000000e+00,0.000000000000000000e+00
4.464000000000014978e+01,0.000000000000000000e+00,0.000000000000000000e+00
4.473000000000015319e+01,0.000000000000000000e+00,0.000000000000000000e+00
4.482000000000014950e+01,0.000000000000000000e+00,0.000000000000000000e+00
4.491000000000015291e+01,0.000000000000000000e+00,0.000000000000000000e+00
4.500000000000014921e+01,0.000000000000000000e+00,0.000000000000000000e+00
4.509000000000015262e+01,0.000000000000000000e+00,0.000000000000000000e+00
4.518000000000015604e+01,0.000000000000000000e+00,0.000000000000000000e+00
4.527000000000015234e+01,0.000000000000000000e+00,0.000000000000000000e+00
4.536000000000015575e+01,0.000000000000000000e+00,0.000000000000000000e+00
4.545000000000015916e+01,0.000000000000000000e+00,0.000000000000000000e+00
4.554000000000015547e+01,0.000000000000000000e+00,0.000000000000000000e+00
4.563000000000015888e+01,0.000000000000000000e+00,0.000000000000000000e+00
4.572000000000015518e+01,0.000000000000000000e+00,0.000000000000000000e+00
4.581000000000015859e+01,0.000000000000000000e+00,0.000000000000000000e+00
4.590000000000016200e+01,0.000000000000000000e+00,0.000000000000000000e+00
4.599000000000015831e+01,0.000000000000000000e+00,0.000000000000000000e+00
4.608000000000016172e+01,0.000000000000000000e+00,0.000000000000000000e+00
4.617000000000016513e+01,0.000000000000000000e+00,0.000000000000000000e+00
4.626000000000016144e+01,0.000000000000000000e+00,0.000000000000000000e+00
4.635000000000016485e+01,0.000000000000000000e+00,0.000000000000000000e+00
4.644000000000016115e+01,0.000000000000000000e+00,0.000000000000000000e+00
4.653000000000016456e+01,0.000000000000000000e+00,0.000000000000000000e+00
4.662000000000016797e+01,0.000000000000000000e+00,0.000000000000000000e+00
4.671000000000016428e+01,0.000000000000000000e+00,0.000000000000000000e+00
4.680000000000016769e+01,0.000000000000000000e+00,0.000000000000000000e+00
4.689000000000017110e+01,0.000000000000000000e+00,0.000000000000000000e+00
4.698000000000016740e+01,0.000000000000000000e+00,0.000000000000000000e+00
4.707000000000017081e+01,0.000000000000000000e+00,0.000000000000000000e+00
4.716000000000017423e+01,0.000000000000000000e+00,0.000000000000000000e+00
4.725000000000017053e+01,0.000000000000000000e+00,0.000000000000000000e+00
4.734000000000017394e+01,0.000000000000000000e+00,0.000000000000000000e+00
4.743000000000017025e+01,0.000000000000000000e+00,0.000000000000000000e+00
4.752000000000017366e+01,0.000000000000000000e+00,0.000000000000000000e+00
4.761000000000017707e+01,0.000000000000000000e+00,0.000000000000000000e+00
4.770000000000017337e+01,0.000000000000000000e+00,0.000000000000000000e+00
4.779000000000017678e+01,0.000000000000000000e+00,0.000000000000000000e+00
4.788000000000018019e+01,0.000000000000000000e+00,0.000000000000000000e+00
4.797000000000017650e+01,0.000000000000000000e+00,0.000000000000000000e+00
4.806000000000017991e+01,0.000000000000000000e+00,0.000000000000000000e+00
4.815000000000017621e+01,0.000000000000000000e+00,0.000000000000000000e+00
4.824000000000017963e+01,0.000000000000000000e+00,0.000000000000000000e+00
4.833000000000018304e+01,0.000000000000000000e+00,0.000000000000000000e+00
4.842000000000017934e+01,0.000000000000000000e+00,0.000000000000000000e+00
4.851000000000018275e+01,0.000000000000000000e+00,0.000000000000000000e+00
4.860000000000018616e+01,0.000000000000000000e+00,0.000000000000000000e+00
4.869000000000018247e+01,0.000000000000000000e+00,0.000000000000000000e+00
4.878000000000018588e+01,0.000000000000000000e+00,0.000000000000000000e+00
4.887000000000018218e+01,0.000000000000000000e+00,0.000000000000000000e+00
4.896000000000018559e+01,0.000000000000000000e+00,0.000000000000000000e+00
4.905000000000018900e+01,0.000000000000000000e+00,0.000000000000000000e+00
4.914000000000018531e+01,0.000000000000000000e+00,0.000000000000000000e+00
4.923000000000018872e+01,0.000000000000000000e+00,0.000000000000000000e+00
4.932000000000019213e+01,0.000000000000000000e+00,0.000000000000000000e+00
4.941000000000018844e+01,0.000000000000000000e+00,0.000000000000000000e+00
4.950000000000019185e+01,0.000000000000000000e+00,0.000000000000000000e+00
4.959000000000018815e+01,0.000000000000000000e+00,0.000000000000000000e+00
4.968000000000019156e+01,0.000000000000000000e+00,0.000000000000000000e+00
4.977000000000019497e+01,0.000000000000000000e+00,0.000000000000000000e+00
4.986000000000019128e+01,0.000000000000000000e+00,0.000000000000000000e+00
4.995000000000019469e+01,0.000000000000000000e+00,0.000000000000000000e+00
5.004000000000019810e+01,0.000000000000000000e+00,0.000000000000000000e+00
5.013000000000019440e+01,0.000000000000000000e+00,0.000000000000000000e+00
5.022000000000019782e+01,0.000000000000000000e+00,0.000000000000000000e+00
5.031000000000019412e+01,0.000000000000000000e+00,0.000000000000000000e+00
5.040000000000019753e+01,0.000000000000000000e+00,0.000000000000000000e+00
5.049000000000020094e+01,0.000000000000000000e+00,0.000000000000000000e+00
5.058000000000019725e+01,0.000000000000000000e+00,0.000000000000000000e+00
5.067000000000020066e+01,0.000000000000000000e+00,0.000000000000000000e+00
5.076000000000020407e+01,0.000000000000000000e+00,0.000000000000000000e+00
5.085000000000020037e+01,0.000000000000000000e+00,0.000000000000000000e+00
5.094000000000020378e+01,0.000000000000000000e+00,0.000000000000000000e+00
5.103000000000020009e+01,0.000000000000000000e+00,0.000000000000000000e+00
5.112000000000020350e+01,0.000000000000000000e+00,0.000000000000000000e+00
5.121000000000020691e+01,0.000000000000000000e+00,0.000000000000000000e+00
5.130000000000020322e+01,0.000000000000000000e+00,0.000000000000000000e+00
5.139000000000020663e+01,0.000000000000000000e+00,0.000000000000000000e+00
5.148000000000021004e+01,0.000000000000000000e+00,0.000000000000000000e+00
5.157000000000020634e+01,0.000000000000000000e+00,0.000000000000000000e+00
5.166000000000020975e+01,0.000000000000000000e+00,0.000000000000000000e+00
5.175000000000021316e+01,0.000000000000000000e+00,0.000000000000000000e+00
5.184000000000020947e+01,0.000000000000000000e+00,0.000000000000000000e+00
5.193000000000021288e+01,0.000000000000000000e+00,0.000000000000000000e+00
5.202000000000020918e+01,0.000000000000000000e+00,0.000000000000000000e+00
5.211000000000021259e+01,0.000000000000000000e+00,0.000000000000000000e+00
5.220000000000021600e+01,0.000000000000000000e+00,0.000000000000000000e+00
5.229000000000021231e+01,0.000000000000000000e+00,0.000000000000000000e+00
5.238000000000021572e+01,0.000000000000000000e+00,0.000000000000000000e+00
5.247000000000021913e+01,0.000000000000000000e+00,0.000000000000000000e+00
5.256000000000021544e+01,0.000000000000000000e+00,0.000000000000000000e+00
5.265000000000021885e+01,0.000000000000000000e+00,0.000000000000000000e+00
5.274000000000021515e+01,0.000000000000000000e+00,0.000000000000000000e+00
5.283000000000021856e+01,0.000000000000000000e+00,0.000000000000000000e+00
5.292000000000022197e+01,0.000000000000000000e+00,0.000000000000000000e+00
5.301000000000021828e+01,0.000000000000000000e+00,0.000000000000000000e+00
5.310000000000022169e+01,0.000000000000000000e+00,0.000000000000000000e+00
5.319000000000022510e+01,0.000000000000000000e+00,0.000000000000000000e+00
5.328000000000022141e+01,0.000000000000000000e+00,0.000000000000000000e+00
5.337000000000022482e+01,0.000000000000000000e+00,0.000000000000000000e+00
5.346000000000022112e+01,0.000000000000000000e+00,0.000000000000000000e+00
5.355000000000022453e+01,0.000000000000000000e+00,0.000000000000000000e+00
5.364000000000022794e+01,0.000000000000000000e+00,0.000000000000000000e+00
5.373000000000022425e+01,0.000000000000000000e+00,0.000000000000000000e+00
5.382000000000022766e+01,0.000000000000000000e+00,0.000000000000000000e+00
5.391000000000023107e+01,0.000000000000000000e+00,0.000000000000000000e+00
5.400000000000022737e+01,0.000000000000000000e+00,0.000000000000000000e+00
5.409000000000023078e+01,0.000000000000000000e+00,0.000000000000000000e+00
5.418000000000022709e+01,0.000000000000000000e+00,0.000000000000000000e+00
5.427000000000023050e+01,0.000000000000000000e+00,0.000000000000000000e+00
5.436000000000023391e+01,0.000000000000000000e+00,0.000000000000000000e+00
5.445000000000023022e+01,0.000000000000000000e+00,0.000000000000000000e+00
5.454000000000023363e+01,0.000000000000000000e+00,0.000000000000000000e+00
5.463000000000023704e+01,0.000000000000000000e+00,0.000000000000000000e+00
5.472000000000023334e+01,0.000000000000000000e+00,0.000000000000000000e+00
5.481000000000023675e+01,0.000000000000000000e+00,0.000000000000000000e+00
5.490000000000023306e+01,0.000000000000000000e+00,0.000000000000000000e+00
5.499000000000023647e+01,0.000000000000000000e+00,0.000000000000000000e+00
5.508000000000023988e+01,0.000000000000000000e+00,0.000000000000000000e+00
5.517000000000023618e+01,0.000000000000000000e+00,0.000000000000000000e+00
5.526000000000023960e+01,0.000000000000000000e+00,0.000000000000000000e+00
5.535000000000024301e+01,0.000000000000000000e+00,0.000000000000000000e+00
5.544000000000023931e+01,0.000000000000000000e+00,0.000000000000000000e+00
5.553000000000024272e+01,0.000000000000000000e+00,0.000000000000000000e+00
5.562000000000023903e+01,0.000000000000000000e+00,0.000000000000000000e+00
5.571000000000024244e+01,0.000000000000000000e+00,0.000000000000000000e+00
5.580000000000024585e+01,0.000000000000000000e+00,0.000000000000000000e+00
5.589000000000024215e+01,0.000000000000000000e+00,0.000000000000000000e+00
5.598000000000024556e+01,0.000000000000000000e+00,0.000000000000000000e+00
5.607000000000024897e+01,0.000000000000000000e+00,0.000000000000000000e+00
5.616000000000024528e+01,0.000000000000000000e+00,0.000000000000000000e+00
5.625000000000024869e+01,0.000000000000000000e+00,0.000000000000000000e+00
5.634000000000025210e+01,0.000000000000000000e+00,0.000000000000000000e+00
5.643000000000024841e+01,0.000000000000000000e+00,0.000000000000000000e+00
5.652000000000025182e+01,0.000000000000000000e+00,0.000000000000000000e+00
5.661000000000024812e+01,0.000000000000000000e+00,0.000000000000000000e+00
5.670000000000025153e+01,0.000000000000000000e+00,0.000000000000000000e+00
5.679000000000025494e+01,0.000000000000000000e+00,0.000000000000000000e+00
5.688000000000025125e+01,0.000000000000000000e+00,0.000000000000000000e+00
5.697000000000025466e+01,0.000000000000000000e+00,0.000000000000000000e+00
5.706000000000025807e+01,0.000000000000000000e+00,0.000000000000000000e+00
5.715000000000025437e+01,0.000000000000000000e+00,0.000000000000000000e+00
5.724000000000025778e+01,0.000000000000000000e+00,0.000000000000000000e+00
5.733000000000025409e+01,0.000000000000000000e+00,0.000000000000000000e+00
5.742000000000024329e+01,0.000000000000000000e+00,0.000000000000000000e+00
5.751000000000023960e+01,0.000000000000000000e+00,0.000000000000000000e+00
5.760000000000023590e+01,0.000000000000000000e+00,0.000000000000000000e+00
5.769000000000022510e+01,0.000000000000000000e+00,0.000000000000000000e+00
5.778000000000022141e+01,0.000000000000000000e+00,0.000000000000000000e+00
5.787000000000021771e+01,0.000000000000000000e+00,0.000000000000000000e+00
5.796000000000021402e+01,0.000000000000000000e+00,0.000000000000000000e+00
5.805000000000020322e+01,0.000000000000000000e+00,0.000000000000000000e+00
5.814000000000019952e+01,0.000000000000000000e+00,0.000000000000000000e+00
5.823000000000019583e+01,0.000000000000000000e+00,0.000000000000000000e+00
5.832000000000019213e+01,0.000000000000000000e+00,0.000000000000000000e+00
5.841000000000018133e+01,0.000000000000000000e+00,0.000000000000000000e+00
5.850000000000017764e+01,0.000000000000000000e+00,0.000000000000000000e+00
5.859000000000017394e+01,0.000000000000000000e+00,0.000000000000000000e+00
5.868000000000016314e+01,0.000000000000000000e+00,0.000000000000000000e+00
5.877000000000015945e+01,0.000000000000000000e+00,0.000000000000000000e+00
5.886000000000015575e+01,0.000000000000000000e+00,0.000000000000000000e+00
5.895000000000015206e+01,0.000000000000000000e+00,0.000000000000000000e+00
5.904000000000014126e+01,0.000000000000000000e+00,0.000000000000000000e+00
5.913000000000013756e+01,0.000000000000000000e+00,0.000000000000000000e+00
5.922000000000013387e+01,0.000000000000000000e+00,0.000000000000000000e+00
5.931000000000013017e+01,0.000000000000000000e+00,0.000000000000000000e+00
5.940000000000011937e+01,0.000000000000000000e+00,0.000000000000000000e+00
5.949000000000011568e+01,0.000000000000000000e+00,0.000000000000000000e+00
5.958000000000011198e+01,0.000000000000000000e+00,0.000000000000000000e+00
5.967000000000010829e+01,0.000000000000000000e+00,0.000000000000000000e+00
5.976000000000009749e+01,0.000000000000000000e+00,0.000000000000000000e+00
5.985000000000009379e+01,0.000000000000000000e+00,0.000000000000000000e+00
5.994000000000009010e+01,0.000000000000000000e+00,0.000000000000000000e+00
6.003000000000007930e+01,0.000000000000000000e+00,0.000000000000000000e+00
6.012000000000007560e+01,0.000000000000000000e+00,0.000000000000000000e+00
6.021000000000007191e+01,0.000000000000000000e+00,0.000000000000000000e+00
6.030000000000006821e+01,0.000000000000000000e+00,0.000000000000000000e+00
6.039000000000005741e+01,0.000000000000000000e+00,0.000000000000000000e+00
6.048000000000005372e+01,0.000000000000000000e+00,0.000000000000000000e+00
6.057000000000005002e+01,0.000000000000000000e+00,0.000000000000000000e+00
6.066000000000004633e+01,0.000000000000000000e+00,0.000000000000000000e+00
6.075000000000003553e+01,0.000000000000000000e+00,0.000000000000000000e+00
6.084000000000003183e+01,0.000000000000000000e+00,0.000000000000000000e+00
6.093000000000002814e+01,0.000000000000000000e+00,0.000000000000000000e+00
6.102000000000002444e+01,0.000000000000000000e+00,0.000000000000000000e+00
6.111000000000001364e+01,0.000000000000000000e+00,0.000000000000000000e+00
6.120000000000000995e+01,0.000000000000000000e+00,0.000000000000000000e+00
6.129000000000000625e+01,0.000000000000000000e+00,0.000000000000000000e+00
6.137999999999999545e+01,0.000000000000000000e+00,0.000000000000000000e+00
6.146999999999999176e+01,0.000000000000000000e+00,0.000000000000000000e+00
6.155999999999998806e+01,0.000000000000000000e+00,0.000000000000000000e+00
6.164999999999998437e+01,0.000000000000000000e+00,0.000000000000000000e+00
6.173999999999997357e+01,0.000000000000000000e+00,0.000000000000000000e+00
6.182999999999996987e+01,0.000000000000000000e+00,0.000000000000000000e+00
6.191999999999996618e+01,0.000000000000000000e+00,0.000000000000000000e+00
6.200999999999996248e+01,0.000000000000000000e+00,0.000000000000000000e+00
6.209999999999995168e+01,0.000000000000000000e+00,0.000000000000000000e+00
6.218999999999994799e+01,0.000000000000000000e+00,0.000000000000000000e+00
6.227999999999994429e+01,0.000000000000000000e+00,0.000000000000000000e+00
6.236999999999994060e+01,0.000000000000000000e+00,0.000000000000000000e+00
6.245999999999992980e+01,0.000000000000000000e+00,0.000000000000000000e+00
6.254999999999992610e+01,0.000000000000000000e+00,0.000000000000000000e+00
6.263999999999992241e+01,0.000000000000000000e+00,0.000000000000000000e+00
6.272999999999991161e+01,0.000000000000000000e+00,0.000000000000000000e+00
6.281999999999990791e+01,0.000000000000000000e+00,0.000000000000000000e+00
6.290999999999990422e+01,0.000000000000000000e+00,0.000000000000000000e+00
6.299999999999990052e+01,0.000000000000000000e+00,0.000000000000000000e+00
6.308999999999988972e+01,0.000000000000000000e+00,0.000000000000000000e+00
6.317999999999988603e+01,0.000000000000000000e+00,0.000000000000000000e+00
6.326999999999988233e+01,0.000000000000000000e+00,0.000000000000000000e+00
6.335999999999987864e+01,0.000000000000000000e+00,0.000000000000000000e+00
6.344999999999986784e+01,0.000000000000000000e+00,0.000000000000000000e+00
6.353999999999986414e+01,0.000000000000000000e+00,0.000000000000000000e+00
6.362999999999986045e+01,0.000000000000000000e+00,0.000000000000000000e+00
6.371999999999984965e+01,0.000000000000000000e+00,0.000000000000000000e+00
6.380999999999984595e+01,0.000000000000000000e+00,0.000000000000000000e+00
6.389999999999984226e+01,0.000000000000000000e+00,0.000000000000000000e+00
6.398999999999983856e+01,0.000000000000000000e+00,0.000000000000000000e+00
6.407999999999982776e+01,0.000000000000000000e+00,0.000000000000000000e+00
6.416999999999983118e+01,0.000000000000000000e+00,0.000000000000000000e+00
6.425999999999982037e+01,0.000000000000000000e+00,0.000000000000000000e+00
6.434999999999980957e+01,0.000000000000000000e+00,0.000000000000000000e+00
6.443999999999981299e+01,0.000000000000000000e+00,0.000000000000000000e+00
6.452999999999980218e+01,0.000000000000000000e+00,0.000000000000000000e+00
6.461999999999979138e+01,0.000000000000000000e+00,0.000000000000000000e+00
6.470999999999979480e+01,0.000000000000000000e+00,0.000000000000000000e+00
6.479999999999978400e+01,0.000000000000000000e+00,0.000000000000000000e+00
6.488999999999978741e+01,0.000000000000000000e+00,0.000000000000000000e+00
6.497999999999977661e+01,0.000000000000000000e+00,0.000000000000000000e+00
6.506999999999976581e+01,0.000000000000000000e+00,0.000000000000000000e+00
6.515999999999976922e+01,0.000000000000000000e+00,0.000000000000000000e+00
6.524999999999975842e+01,0.000000000000000000e+00,0.000000000000000000e+00
6.533999999999974762e+01,0.000000000000000000e+00,0.000000000000000000e+00
6.542999999999975103e+01,0.000000000000000000e+00,0.000000000000000000e+00
6.551999999999974023e+01,0.000000000000000000e+00,0.000000000000000000e+00
6.560999999999972943e+01,0.000000000000000000e+00,0.000000000000000000e+00
6.569999999999973284e+01,0.000000000000000000e+00,0.000000000000000000e+00
6.578999999999972204e+01,0.000000000000000000e+00,0.000000000000000000e+00
6.587999999999972545e+01,0.000000000000000000e+00,0.000000000000000000e+00
6.596999999999971465e+01,0.000000000000000000e+00,0.000000000000000000e+00
6.605999999999970385e+01,0.000000000000000000e+00,0.000000000000000000e+00
6.614999999999970726e+01,0.000000000000000000e+00,0.000000000000000000e+00
6.623999999999969646e+01,0.000000000000000000e+00,0.000000000000000000e+00
6.632999999999968566e+01,0.000000000000000000e+00,0.000000000000000000e+00
6.641999999999968907e+01,0.000000000000000000e+00,0.000000000000000000e+00
6.650999999999967827e+01,0.000000000000000000e+00,0.000000000000000000e+00
6.659999999999966747e+01,0.000000000000000000e+00,0.000000000000000000e+00
6.668999999999967088e+01,0.000000000000000000e+00,0.000000000000000000e+00
6.677999999999966008e+01,0.000000000000000000e+00,0.000000000000000000e+00
6.686999999999966349e+01,0.000000000000000000e+00,0.000000000000000000e+00
6.695999999999965269e+01,0.000000000000000000e+00,0.000000000000000000e+00
6.704999999999964189e+01,0.000000000000000000e+00,0.000000000000000000e+00
6.713999999999964530e+01,0.000000000000000000e+00,0.000000000000000000e+00
6.722999999999963450e+01,0.000000000000000000e+00,0.000000000000000000e+00
6.731999999999962370e+01,0.000000000000000000e+00,0.000000000000000000e+00
6.740999999999962711e+01,0.000000000000000000e+00,0.000000000000000000e+00
6.749999999999961631e+01,0.000000000000000000e+00,0.000000000000000000e+00
6.758999999999960551e+01,0.000000000000000000e+00,0.000000000000000000e+00
6.767999999999960892e+01,0.000000000000000000e+00,0.000000000000000000e+00
6.776999999999959812e+01,0.000000000000000000e+00,0.000000000000000000e+00
6.785999999999960153e+01,0.000000000000000000e+00,0.000000000000000000e+00
6.794999999999959073e+01,0.000000000000000000e+00,0.000000000000000000e+00
6.803999999999957993e+01,0.000000000000000000e+00,0.000000000000000000e+00
6.812999999999958334e+01,0.000000000000000000e+00,0.000000000000000000e+00
6.821999999999957254e+01,0.000000000000000000e+00,0.000000000000000000e+00
6.830999999999956174e+01,0.000000000000000000e+00,0.000000000000000000e+00
6.839999999999956515e+01,0.000000000000000000e+00,0.000000000000000000e+00
6.848999999999955435e+01,0.000000000000000000e+00,0.000000000000000000e+00
6.857999999999955776e+01,0.000000000000000000e+00,0.000000000000000000e+00
6.866999999999954696e+01,0.000000000000000000e+00,0.000000000000000000e+00
6.875999999999953616e+01,0.000000000000000000e+00,0.000000000000000000e+00
6.884999999999953957e+01,0.000000000000000000e+00,0.000000000000000000e+00
6.893999999999952877e+01,0.000000000000000000e+00,0.000000000000000000e+00
6.902999999999951797e+01,0.000000000000000000e+00,0.000000000000000000e+00
6.911999999999952138e+01,0.000000000000000000e+00,0.000000000000000000e+00
6.920999999999951058e+01,0.000000000000000000e+00,0.000000000000000000e+00
6.929999999999949978e+01,0.000000000000000000e+00,0.000000000000000000e+00
6.938999999999950319e+01,0.000000000000000000e+00,0.000000000000000000e+00
6.947999999999949239e+01,0.000000000000000000e+00,0.000000000000000000e+00
6.956999999999949580e+01,0.000000000000000000e+00,0.000000000000000000e+00
6.965999999999948500e+01,0.000000000000000000e+00,0.000000000000000000e+00
6.974999999999947420e+01,0.000000000000000000e+00,0.000000000000000000e+00
6.983999999999947761e+01,0.000000000000000000e+00,0.000000000000000000e+00
6.992999999999946681e+01,0.000000000000000000e+00,0.000000000000000000e+00
7.001999999999945601e+01,0.000000000000000000e+00,0.000000000000000000e+00
7.010999999999945942e+01,0.000000000000000000e+00,0.000000000000000000e+00
7.019999999999944862e+01,0.000000000000000000e+00,0.000000000000000000e+00
7.028999999999943782e+01,0.000000000000000000e+00,0.000000000000000000e+00
7.037999999999944123e+01,0.000000000000000000e+00,0.000000000000000000e+00
7.046999999999943043e+01,0.000000000000000000e+00,0.000000000000000000e+00
7.055999999999943384e+01,0.000000000000000000e+00,0.000000000000000000e+00
7.064999999999942304e+01,0.000000000000000000e+00,0.000000000000000000e+00
7.073999999999941224e+01,0.000000000000000000e+00,0.000000000000000000e+00
7.082999999999941565e+01,0.000000000000000000e+00,0.000000000000000000e+00
7.091999999999940485e+01,0.000000000000000000e+00,0.000000000000000000e+00
7.100999999999939405e+01,0.000000000000000000e+00,0.000000000000000000e+00
7.109999999999939746e+01,0.000000000000000000e+00,0.000000000000000000e+00
7.118999999999938666e+01,0.000000000000000000e+00,0.000000000000000000e+00
7.127999999999937586e+01,0.000000000000000000e+00,0.000000000000000000e+00
7.136999999999937927e+01,0.000000000000000000e+00,0.000000000000000000e+00
7.145999999999936847e+01,0.000000000000000000e+00,0.000000000000000000e+00
7.154999999999937188e+01,0.000000000000000000e+00,0.000000000000000000e+00
7.163999999999936108e+01,0.000000000000000000e+00,0.000000000000000000e+00
7.172999999999935028e+01,0.000000000000000000e+00,0.000000000000000000e+00
7.181999999999935369e+01,0.000000000000000000e+00,0.000000000000000000e+00
7.190999999999934289e+01,0.000000000000000000e+00,0.000000000000000000e+00
7.199999999999933209e+01,0.000000000000000000e+00,0.000000000000000000e+00
7.208999999999933550e+01,0.000000000000000000e+00,0.000000000000000000e+00
7.217999999999932470e+01,0.000000000000000000e+00,0.000000000000000000e+00
7.226999999999932811e+01,0.000000000000000000e+00,0.000000000000000000e+00
7.235999999999931731e+01,0.000000000000000000e+00,0.000000000000000000e+00
7.244999999999930651e+01,0.000000000000000000e+00,0.000000000000000000e+00
7.253999999999930992e+01,0.000000000000000000e+00,0.000000000000000000e+00
7.262999999999929912e+01,0.000000000000000000e+00,0.000000000000000000e+00
7.271999999999928832e+01,0.000000000000000000e+00,0.000000000000000000e+00
7.280999999999929173e+01,0.000000000000000000e+00,0.000000000000000000e+00
7.289999999999928093e+01,0.000000000000000000e+00,0.000000000000000000e+00
7.298999999999927013e+01,0.000000000000000000e+00,0.000000000000000000e+00
7.307999999999927354e+01,0.000000000000000000e+00,0.000000000000000000e+00
7.316999999999926274e+01,0.000000000000000000e+00,0.000000000000000000e+00
7.325999999999926615e+01,0.000000000000000000e+00,0.000000000000000000e+00
7.334999999999925535e+01,0.000000000000000000e+00,0.000000000000000000e+00
7.343999999999924455e+01,0.000000000000000000e+00,0.000000000000000000e+00
7.352999999999924796e+01,0.000000000000000000e+00,0.000000000000000000e+00
7.361999999999923716e+01,0.000000000000000000e+00,0.000000000000000000e+00
7.370999999999922636e+01,0.000000000000000000e+00,0.000000000000000000e+00
7.379999999999922977e+01,0.000000000000000000e+00,0.000000000000000000e+00
7.388999999999921897e+01,0.000000000000000000e+00,0.000000000000000000e+00
7.397999999999920817e+01,0.000000000000000000e+00,0.000000000000000000e+00
7.406999999999921158e+01,0.000000000000000000e+00,0.000000000000000000e+00
7.415999999999920078e+01,0.000000000000000000e+00,0.000000000000000000e+00
7.424999999999920419e+01,0.000000000000000000e+00,0.000000000000000000e+00
7.433999999999919339e+01,0.000000000000000000e+00,0.000000000000000000e+00
7.442999999999918259e+01,0.000000000000000000e+00,0.000000000000000000e+00
7.451999999999918600e+01,0.000000000000000000e+00,0.000000000000000000e+00
7.460999999999917520e+01,0.000000000000000000e+00,0.000000000000000000e+00
7.469999999999916440e+01,0.000000000000000000e+00,0.000000000000000000e+00
7.478999999999916781e+01,0.000000000000000000e+00,0.000000000000000000e+00
7.487999999999915701e+01,0.000000000000000000e+00,0.000000000000000000e+00
7.496999999999916042e+01,0.000000000000000000e+00,0.000000000000000000e+00
7.505999999999914962e+01,0.000000000000000000e+00,0.000000000000000000e+00
7.514999999999913882e+01,0.000000000000000000e+00,0.000000000000000000e+00
7.523999999999914223e+01,0.000000000000000000e+00,0.000000000000000000e+00
7.532999999999913143e+01,0.000000000000000000e+00,0.000000000000000000e+00
7.541999999999912063e+01,0.000000000000000000e+00,0.000000000000000000e+00
7.550999999999912404e+01,0.000000000000000000e+00,0.000000000000000000e+00
7.559999999999911324e+01,0.000000000000000000e+00,0.000000000000000000e+00
7.568999999999910244e+01,0.000000000000000000e+00,0.000000000000000000e+00
7.577999999999910585e+01,0.000000000000000000e+00,0.000000000000000000e+00
7.586999999999909505e+01,0.000000000000000000e+00,0.000000000000000000e+00
7.595999999999909846e+01,0.000000000000000000e+00,0.000000000000000000e+00
7.604999999999908766e+01,0.000000000000000000e+00,0.000000000000000000e+00
7.613999999999907686e+01,0.000000000000000000e+00,0.000000000000000000e+00
7.622999999999908027e+01,0.000000000000000000e+00,0.000000000000000000e+00
7.631999999999906947e+01,0.000000000000000000e+00,0.000000000000000000e+00
7.640999999999905867e+01,0.000000000000000000e+00,0.000000000000000000e+00
7.649999999999906208e+01,0.000000000000000000e+00,0.000000000000000000e+00
7.658999999999905128e+01,0.000000000000000000e+00,0.000000000000000000e+00
7.667999999999904048e+01,0.000000000000000000e+00,0.000000000000000000e+00
7.676999999999904389e+01,0.000000000000000000e+00,0.000000000000000000e+00
7.685999999999903309e+01,0.000000000000000000e+00,0.000000000000000000e+00
7.694999999999903650e+01,0.000000000000000000e+00,0.000000000000000000e+00
7.703999999999902570e+01,0.000000000000000000e+00,0.000000000000000000e+00
7.712999999999901490e+01,0.000000000000000000e+00,0.000000000000000000e+00
7.721999999999901831e+01,0.000000000000000000e+00,0.000000000000000000e+00
7.730999999999900751e+01,0.000000000000000000e+00,0.000000000000000000e+00
7.739999999999899671e+01,0.000000000000000000e+00,0.000000000000000000e+00
7.748999999999900012e+01,0.000000000000000000e+00,0.000000000000000000e+00
7.757999999999898932e+01,0.000000000000000000e+00,0.000000000000000000e+00
7.766999999999897852e+01,0.000000000000000000e+00,0.000000000000000000e+00
7.775999999999898193e+01,0.000000000000000000e+00,0.000000000000000000e+00
7.784999999999897113e+01,0.000000000000000000e+00,0.000000000000000000e+00
7.793999999999897454e+01,0.000000000000000000e+00,0.000000000000000000e+00
7.802999999999896374e+01,0.000000000000000000e+00,0.000000000000000000e+00
7.811999999999895294e+01,0.000000000000000000e+00,0.000000000000000000e+00
7.820999999999895635e+01,0.000000000000000000e+00,0.000000000000000000e+00
7.829999999999894555e+01,0.000000000000000000e+00,0.000000000000000000e+00
7.838999999999893475e+01,0.000000000000000000e+00,0.000000000000000000e+00
7.847999999999893816e+01,0.000000000000000000e+00,0.000000000000000000e+00
7.856999999999892736e+01,0.000000000000000000e+00,0.000000000000000000e+00
7.865999999999893078e+01,0.000000000000000000e+00,0.000000000000000000e+00
7.874999999999891998e+01,0.000000000000000000e+00,0.000000000000000000e+00
7.883999999999890917e+01,0.000000000000000000e+00,0.000000000000000000e+00
7.892999999999891259e+01,0.000000000000000000e+00,0.000000000000000000e+00
7.901999999999890179e+01,0.000000000000000000e+00,0.000000000000000000e+00
7.910999999999889098e+01,0.000000000000000000e+00,0.000000000000000000e+00
7.919999999999889440e+01,0.000000000000000000e+00,0.000000000000000000e+00
7.928999999999888360e+01,0.000000000000000000e+00,0.000000000000000000e+00
7.937999999999887280e+01,0.000000000000000000e+00,0.000000000000000000e+00
7.946999999999887621e+01,0.000000000000000000e+00,0.000000000000000000e+00
7.955999999999886541e+01,0.000000000000000000e+00,0.000000000000000000e+00
7.964999999999886882e+01,0.000000000000000000e+00,0.000000000000000000e+00
7.973999999999885802e+01,0.000000000000000000e+00,0.000000000000000000e+00
7.982999999999884722e+01,0.000000000000000000e+00,0.000000000000000000e+00
7.991999999999885063e+01,0.000000000000000000e+00,0.000000000000000000e+00
8.000999999999883983e+01,0.000000000000000000e+00,0.000000000000000000e+00
8.009999999999882903e+01,0.000000000000000000e+00,0.000000000000000000e+00
8.018999999999883244e+01,0.000000000000000000e+00,0.000000000000000000e+00
8.027999999999882164e+01,0.000000000000000000e+00,0.000000000000000000e+00
8.036999999999881084e+01,0.000000000000000000e+00,0.000000000000000000e+00
8.045999999999881425e+01,0.000000000000000000e+00,0.000000000000000000e+00
8.054999999999880345e+01,0.000000000000000000e+00,0.000000000000000000e+00
8.063999999999880686e+01,0.000000000000000000e+00,0.000000000000000000e+00
8.072999999999879606e+01,0.000000000000000000e+00,0.000000000000000000e+00
8.081999999999878526e+01,0.000000000000000000e+00,0.000000000000000000e+00
8.090999999999878867e+01,0.000000000000000000e+00,0.000000000000000000e+00
8.099999999999877787e+01,0.000000000000000000e+00,0.000000000000000000e+00
8.108999999999876707e+01,0.000000000000000000e+00,0.000000000000000000e+00
8.117999999999877048e+01,0.000000000000000000e+00,0.000000000000000000e+00
8.126999999999875968e+01,0.000000000000000000e+00,0.000000000000000000e+00
8.135999999999874888e+01,0.000000000000000000e+00,0.000000000000000000e+00
8.144999999999875229e+01,0.000000000000000000e+00,0.000000000000000000e+00
8.153999999999874149e+01,0.000000000000000000e+00,0.000000000000000000e+00
8.162999999999874490e+01,0.000000000000000000e+00,0.000000000000000000e+00
8.171999999999873410e+01,0.000000000000000000e+00,0.000000000000000000e+00
8.180999999999872330e+01,0.000000000000000000e+00,0.000000000000000000e+00
8.189999999999872671e+01,0.000000000000000000e+00,0.000000000000000000e+00
8.198999999999871591e+01,0.000000000000000000e+00,0.000000000000000000e+00
8.207999999999870511e+01,0.000000000000000000e+00,0.000000000000000000e+00
8.216999999999870852e+01,0.000000000000000000e+00,0.000000000000000000e+00
8.225999999999869772e+01,0.000000000000000000e+00,0.000000000000000000e+00
8.234999999999870113e+01,0.000000000000000000e+00,0.000000000000000000e+00
8.243999999999869033e+01,0.000000000000000000e+00,0.000000000000000000e+00
8.252999999999867953e+01,0.000000000000000000e+00,0.000000000000000000e+00
8.261999999999868294e+01,0.000000000000000000e+00,0.000000000000000000e+00
8.270999999999867214e+01,0.000000000000000000e+00,0.000000000000000000e+00
8.279999999999866134e+01,0.000000000000000000e+00,0.000000000000000000e+00
8.288999999999866475e+01,0.000000000000000000e+00,0.000000000000000000e+00
8.297999999999865395e+01,0.000000000000000000e+00,0.000000000000000000e+00
8.306999999999864315e+01,0.000000000000000000e+00,0.000000000000000000e+00
8.315999999999864656e+01,0.000000000000000000e+00,0.000000000000000000e+00
8.324999999999863576e+01,0.000000000000000000e+00,0.000000000000000000e+00
8.333999999999863917e+01,0.000000000000000000e+00,0.000000000000000000e+00
8.342999999999862837e+01,0.000000000000000000e+00,0.000000000000000000e+00
8.351999999999861757e+01,0.000000000000000000e+00,0.000000000000000000e+00
8.360999999999862098e+01,0.000000000000000000e+00,0.000000000000000000e+00
8.369999999999861018e+01,0.000000000000000000e+00,0.000000000000000000e+00
8.378999999999859938e+01,0.000000000000000000e+00,0.000000000000000000e+00
8.387999999999860279e+01,0.000000000000000000e+00,0.000000000000000000e+00
8.396999999999859199e+01,0.000000000000000000e+00,0.000000000000000000e+00
8.405999999999858119e+01,0.000000000000000000e+00,0.000000000000000000e+00
8.414999999999858460e+01,0.000000000000000000e+00,0.000000000000000000e+00
8.423999999999857380e+01,0.000000000000000000e+00,0.000000000000000000e+00
8.432999999999857721e+01,0.000000000000000000e+00,0.000000000000000000e+00
8.441999999999856641e+01,0.000000000000000000e+00,0.000000000000000000e+00
8.450999999999855561e+01,0.000000000000000000e+00,0.000000000000000000e+00
8.459999999999855902e+01,0.000000000000000000e+00,0.000000000000000000e+00
8.468999999999854822e+01,0.000000000000000000e+00,0.000000000000000000e+00
8.477999999999853742e+01,0.000000000000000000e+00,0.000000000000000000e+00
8.486999999999854083e+01,0.000000000000000000e+00,0.000000000000000000e+00
8.495999999999853003e+01,0.000000000000000000e+00,0.000000000000000000e+00
8.504999999999853344e+01,0.000000000000000000e+00,0.000000000000000000e+00
8.513999999999852264e+01,0.000000000000000000e+00,0.000000000000000000e+00
8.522999999999851184e+01,0.000000000000000000e+00,0.000000000000000000e+00
8.531999999999851525e+01,0.000000000000000000e+00,0.000000000000000000e+00
8.540999999999850445e+01,0.000000000000000000e+00,0.000000000000000000e+00
8.549999999999849365e+01,0.000000000000000000e+00,0.000000000000000000e+00
8.558999999999849706e+01,0.000000000000000000e+00,0.000000000000000000e+00
8.567999999999848626e+01,0.000000000000000000e+00,0.000000000000000000e+00
8.576999999999847546e+01,0.000000000000000000e+00,0.000000000000000000e+00
8.585999999999847887e+01,0.000000000000000000e+00,0.000000000000000000e+00
8.594999999999846807e+01,0.000000000000000000e+00,0.000000000000000000e+00
8.603999999999847148e+01,0.000000000000000000e+00,0.000000000000000000e+00
8.612999999999846068e+01,0.000000000000000000e+00,0.000000000000000000e+00
8.621999999999844988e+01,0.000000000000000000e+00,0.000000000000000000e+00
8.630999999999845329e+01,0.000000000000000000e+00,0.000000000000000000e+00
8.639999999999844249e+01,0.000000000000000000e+00,0.000000000000000000e+00
8.648999999999843169e+01,0.000000000000000000e+00,0.000000000000000000e+00
8.657999999999843510e+01,0.000000000000000000e+00,0.000000000000000000e+00
8.666999999999842430e+01,0.000000000000000000e+00,0.000000000000000000e+00
8.675999999999841350e+01,0.000000000000000000e+00,0.000000000000000000e+00
8.684999999999841691e+01,0.000000000000000000e+00,0.000000000000000000e+00
8.693999999999840611e+01,0.000000000000000000e+00,0.000000000000000000e+00
8.702999999999840952e+01,0.000000000000000000e+00,0.000000000000000000e+00
8.711999999999839872e+01,0.000000000000000000e+00,0.000000000000000000e+00
8.720999999999838792e+01,0.000000000000000000e+00,0.000000000000000000e+00
8.729999999999839133e+01,0.000000000000000000e+00,0.000000000000000000e+00
8.738999999999838053e+01,0.000000000000000000e+00,0.000000000000000000e+00
8.747999999999836973e+01,0.000000000000000000e+00,0.000000000000000000e+00
8.756999999999837314e+01,0.000000000000000000e+00,0.000000000000000000e+00
8.765999999999836234e+01,0.000000000000000000e+00,0.000000000000000000e+00
8.774999999999835154e+01,0.000000000000000000e+00,0.000000000000000000e+00
8.783999999999835495e+01,0.000000000000000000e+00,0.000000000000000000e+00
8.792999999999834415e+01,0.000000000000000000e+00,0.000000000000000000e+00
8.801999999999834756e+01,0.000000000000000000e+00,0.000000000000000000e+00
8.810999999999833676e+01,0.000000000000000000e+00,0.000000000000000000e+00
8.819999999999832596e+01,0.000000000000000000e+00,0.000000000000000000e+00
8.828999999999832937e+01,0.000000000000000000e+00,0.000000000000000000e+00
8.837999999999831857e+01,0.000000000000000000e+00,0.000000000000000000e+00
8.846999999999830777e+01,0.000000000000000000e+00,0.000000000000000000e+00
8.855999999999831118e+01,0.000000000000000000e+00,0.000000000000000000e+00
8.864999999999830038e+01,0.000000000000000000e+00,0.000000000000000000e+00
8.873999999999830379e+01,0.000000000000000000e+00,0.000000000000000000e+00
8.882999999999829299e+01,0.000000000000000000e+00,0.000000000000000000e+00
8.891999999999828219e+01,0.000000000000000000e+00,0.000000000000000000e+00
8.900999999999828560e+01,0.000000000000000000e+00,0.000000000000000000e+00
8.909999999999827480e+01,0.000000000000000000e+00,0.000000000000000000e+00
