ref_mag_x (uT),ref_mag_y (uT),ref_mag_z (uT)
3.251984847285080349e+01,-3.609271155169545331e+00,3.770211419708795120e+01
3.251928112866828968e+01,-3.614379316473848469e+00,3.770211419708795120e+01
3.251820096417317529e+01,-3.624084577153554143e+00,3.770211419708795120e+01
3.251665529657513787e+01,-3.637926784918527723e+00,3.770211419708795120e+01
3.251468535567082796e+01,-3.655491648252086279e+00,3.770211419708795120e+01
3.251232720900716799e+01,-3.676406183104298897e+00,3.770211419708795120e+01
3.250961252860117412e+01,-3.700334607698742229e+00,3.770211419708795120e+01
3.250656922815293370e+01,-3.726974642255596049e+00,3.770211419708795120e+01
3.250322199425539083e+01,-3.756054174378774757e+00,3.770211419708795120e+01
3.249959273070069088e+01,-3.787328254495821778e+00,3.770211419708795120e+01
3.249570093141379346e+01,-3.820576389084294533e+00,3.770211419708795120e+01
3.249156399465056211e+01,-3.855600102479874280e+00,3.770211419708795120e+01
3.248719748875195279e+01,-3.892220740855338867e+00,3.770211419708795120e+01
3.248261537784353692e+01,-3.930277494503174651e+00,3.770211419708795120e+01
3.247783021432676520e+01,-3.969625616866011786e+00,3.770211419708795120e+01
3.247285330375623857e+01,-4.010134820856168680e+00,3.770211419708795120e+01
3.246769484668092076e+01,-4.051687834905939312e+00,3.770211419708795120e+01
3.246236406120181073e+01,-4.094179102910460166e+00,3.770211419708795120e+01
3.245686928932754967e+01,-4.137513613780837929e+00,3.770211419708795120e+01
3.245121808966396770e+01,-4.181605847731434622e+00,3.770211419708795120e+01
3.244541731852933708e+01,-4.226378827695390861e+00,3.770211419708795120e+01
3.243947320122531863e+01,-4.271763265409282084e+00,3.770211419708795120e+01
3.243339139489817313e+01,-4.317696792742721890e+00,3.770211419708795120e+01
3.242717704418408431e+01,-4.364123269782426817e+00,3.770211419708795120e+01
3.242083483063465366e+01,-4.410992162022324692e+00,3.770211419708795120e+01
3.241436901675748317e+01,-4.458257979770552382e+00,3.770211419708795120e+01
3.240778348537369880e+01,-4.505879773568647551e+00,3.770211419708795120e+01
3.240108177488522756e+01,-4.553820680035139290e+00,3.770211419708795120e+01
3.239426711095453015e+01,-4.602047513101621412e+00,3.770211419708795120e+01
3.238734243502497634e+01,-4.650530396110342579e+00,3.770211419708795120e+01
3.238031043004814791e+01,-4.699242430693546524e+00,3.770211419708795120e+01
3.237317354373324463e+01,-4.748159398761345074e+00,3.770211419708795120e+01
3.236593400959024081e+01,-4.797259494291004955e+00,3.770211419708795120e+01
3.235859386600312604e+01,-4.846523081940354416e+00,3.770211419708795120e+01
3.235115497353852021e+01,-4.895932479804949722e+00,3.770211419708795120e+01
3.234361903067006949e+01,-4.945471763906114759e+00,3.770211419708795120e+01
3.233598758807645623e+01,-4.995126592237779661e+00,3.770211419708795120e+01
3.232826206165317018e+01,-5.044884046416876267e+00,3.770211419708795120e+01
3.232044374436151202e+01,-5.094732489177314250e+00,3.770211419708795120e+01
3.231253381702496341e+01,-5.144661436123296738e+00,3.770211419708795120e+01
3.230453335817140470e+01,-5.194661440316043155e+00,3.770211419708795120e+01
3.229644335300883284e+01,-5.244723988410399329e+00,3.770211419708795120e+01
3.228826470161354223e+01,-5.294841407186114068e+00,3.770211419708795120e+01
3.227999822640206418e+01,-5.345006779434008592e+00,3.770211419708795120e+01
3.227164467895055822e+01,-5.395213868261186541e+00,3.770211419708795120e+01
3.226320474621989831e+01,-5.445457048972990322e+00,3.770211419708795120e+01
3.225467905623865050e+01,-5.495731247773639971e+00,3.770211419708795120e+01
3.224606818329166913e+01,-5.546031886603275396e+00,3.770211419708795120e+01
3.223737265265744867e+01,-5.596354833497352743e+00,3.770211419708795120e+01
3.222859294493348159e+01,-5.646696357915772069e+00,3.770211419708795120e+01
3.221972949998548330e+01,-5.697053090544359932e+00,3.770211419708795120e+01
3.221078272055294889e+01,-5.747421987121123621e+00,3.770211419708795120e+01
3.220175297554091998e+01,-5.797800295884425026e+00,3.770211419708795120e+01
3.219264060302486286e+01,-5.848185528280560597e+00,3.770211419708795120e+01
3.218344591299369739e+01,-5.898575432604477697e+00,3.770211419708795120e+01
3.217416918985318830e+01,-5.948967970280016893e+00,3.770211419708795120e+01
3.216481069471085164e+01,-5.999361294515461296e+00,3.770211419708795120e+01
3.215537066746080086e+01,-6.049753731096575216e+00,3.770211419708795120e+01
3.214584932868611844e+01,-6.100143761103165474e+00,3.770211419708795120e+01
3.213624688139428542e+01,-6.150530005356563024e+00,3.770211419708795120e+01
3.212656351260034882e+01,-6.200911210424746578e+00,3.770211419708795120e+01
3.211679939477077994e+01,-6.251286236029121923e+00,3.770211419708795120e+01
3.210695468714022383e+01,-6.301654043712639819e+00,3.770211419708795120e+01
3.209702953691223115e+01,-6.352013686642928647e+00,3.770211419708795120e+01
3.208702408035385645e+01,-6.402364300436806488e+00,3.770211419708795120e+01
3.207693844379349457e+01,-6.452705094903874894e+00,3.770211419708795120e+01
3.206677274453048909e+01,-6.503035346617177304e+00,3.770211419708795120e+01
3.205652709166388092e+01,-6.553354392228076364e+00,3.770211419708795120e+01
3.204620158684777920e+01,-6.603661622450838209e+00,3.770211419708795120e+01
3.203579632497942953e+01,-6.653956476649829810e+00,3.770211419708795120e+01
3.202531139482603351e+01,-6.704238437969005204e+00,3.770211419708795120e+01
3.201474687959581189e+01,-6.754507028949335634e+00,3.770211419708795120e+01
3.200410285745788030e+01,-6.804761807585347988e+00,3.770211419708795120e+01
3.199337940201583308e+01,-6.855002363776743657e+00,3.770211419708795120e+01
3.198257658273884374e+01,-6.905228316135580080e+00,3.770211419708795120e+01
3.197169446535413684e+01,-6.955439309113351953e+00,3.770211419708795120e+01
3.196073311220425950e+01,-7.005635010415957709e+00,3.770211419708795120e+01
3.194969258257223288e+01,-7.055815108677696124e+00,3.770211419708795120e+01
3.193857293297746125e+01,-7.105979311368367135e+00,3.770211419708795120e+01
3.192737421744497794e+01,-7.156127342910088451e+00,3.770211419708795120e+01
3.191609648775042274e+01,-7.206258942982866955e+00,3.770211419708795120e+01
3.190473979364290713e+01,-7.256373864999968504e+00,3.770211419708795120e+01
3.189330418304766468e+01,-7.306471874736113037e+00,3.770211419708795120e+01
3.188178970225049014e+01,-7.356552749093152599e+00,3.770211419708795120e+01
3.187019639606534582e+01,-7.406616274989485049e+00,3.770211419708795120e+01
3.185852430798681212e+01,-7.456662248360788503e+00,3.770211419708795120e+01
3.184677348032872857e+01,-7.506690473260933416e+00,3.770211419708795120e+01
3.183494395435016955e+01,-7.556700761053020798e+00,3.770211419708795120e+01
3.182303577036999798e+01,-7.606692929681539539e+00,3.770211419708795120e+01
3.181104896787098824e+01,-7.656666803017484924e+00,3.770211419708795120e+01
3.179898358559439586e+01,-7.706622210269156170e+00,3.770211419708795120e+01
3.178683966162598651e+01,-7.756558985452039146e+00,3.770211419708795120e+01
3.177461723347412104e+01,-7.806476966911837678e+00,3.770211419708795120e+01
3.176231633814073874e+01,-7.856375996895364366e+00,3.770211419708795120e+01
3.174993701218582842e+01,-7.906255921164452971e+00,3.770211419708795120e+01
3.173747929178600913e+01,-7.956116588648615817e+00,3.770211419708795120e+01
3.172494321278770357e+01,-8.005957851132546210e+00,3.770211419708795120e+01
3.171232881075545151e+01,-8.055779562974972663e+00,3.770211419708795120e+01
3.169963612101577866e+01,-8.105581580855725221e+00,3.770211419708795120e+01
3.168686517869700481e+01,-8.155363763548194811e+00,3.770211419708795120e+01
3.167401601876543538e+01,-8.205125971714629429e+00,3.770211419708795120e+01
3.166108867605818133e+01,-8.254868067721979230e+00,3.770211419708795120e+01
3.164808318531291320e+01,-8.304589915476240591e+00,3.770211419708795120e+01
3.163499958119495048e+01,-8.354291380273430434e+00,3.770211419708795120e+01
3.162183789832177538e+01,-8.403972328665542335e+00,3.770211419708795120e+01
3.160859817128531546e+01,-8.453632628339965649e+00,3.770211419708795120e+01
3.159528043467213365e+01,-8.503272148011017606e+00,3.770211419708795120e+01
3.158188472308175321e+01,-8.552890757322394677e+00,3.770211419708795120e+01
3.156841107114330569e+01,-8.602488326759425874e+00,3.770211419708795120e+01
3.155485951353058738e+01,-8.652064727570165203e+00,3.770211419708795120e+01
3.154123008497573011e+01,-8.701619831694404894e+00,3.770211419708795120e+01
3.152752282028162512e+01,-8.751153511699863330e+00,3.770211419708795120e+01
3.151373775433314250e+01,-8.800665640724780303e+00,3.770211419708795120e+01
3.149987492210730977e+01,-8.850156092426315624e+00,3.770211419708795120e+01
3.148593435868258794e+01,-8.899624740934143574e+00,3.770211419708795120e+01
3.147191609924718847e+01,-8.949071460808722733e+00,3.770211419708795120e+01
3.145782017910670803e+01,-8.998496127003804190e+00,3.770211419708795120e+01
3.144364663369094615e+01,-9.047898614832703856e+00,3.770211419708795120e+01
3.142939549856016868e+01,-9.097278799938010252e+00,3.770211419708795120e+01
3.141506680941069618e+01,-9.146636558264338746e+00,3.770211419708795120e+01
3.140066060208006604e+01,-9.195971766033874673e+00,3.770211419708795120e+01
3.138617691255157638e+01,-9.245284299724366051e+00,3.770211419708795120e+01
3.137161577695851022e+01,-9.294574036049382926e+00,3.770211419708795120e+01
3.135697723158790140e+01,-9.343840851940573344e+00,3.770211419708795120e+01
3.134226131288394157e+01,-9.393084624531732985e+00,3.770211419708795120e+01
3.132746805745106755e+01,-9.442305231144494826e+00,3.770211419708795120e+01
3.131259750205677861e+01,-9.491502549275498524e+00,3.770211419708795120e+01
3.129764968363411981e+01,-9.540676456584861853e+00,3.770211419708795120e+01
3.128262463928398773e+01,-9.589826830885845865e+00,3.770211419708795120e+01
3.126752240627715551e+01,-9.638953550135594739e+00,3.770211419708795120e+01
3.125234302205615933e+01,-9.688056492426813548e+00,3.770211419708795120e+01
3.123708652423693621e+01,-9.737135535980330658e+00,3.770211419708795120e+01
3.122175295061034106e+01,-9.786190559138425726e+00,3.770211419708795120e+01
3.120634233914351441e+01,-9.835221440358861145e+00,3.770211419708795120e+01
3.119085472798106551e+01,-9.884228058209542311e+00,3.770211419708795120e+01
3.117529015544620563e+01,-9.933210291363733901e+00,3.770211419708795120e+01
3.115964866004170020e+01,-9.982168018595807268e+00,3.770211419708795120e+01
3.114393028045076406e+01,-1.003110111877742128e+01,3.770211419708795120e+01
3.112813505553783955e+01,-1.008000947087412058e+01,3.770211419708795120e+01
3.111226302434930702e+01,-1.012889295394232825e+01,3.770211419708795120e+01
3.109631422611412077e+01,-1.017775144712663327e+01,3.770211419708795120e+01
3.108028870024434909e+01,-1.022658482965741200e+01,3.770211419708795120e+01
3.106418648633569290e+01,-1.027539298084869657e+01,3.770211419708795120e+01
3.104800762416790860e+01,-1.032417578009629366e+01,3.770211419708795120e+01
3.103175215370522366e+01,-1.037293310687612724e+01,3.770211419708795120e+01
3.101542011509664576e+01,-1.042166484074277832e+01,3.770211419708795120e+01
3.099901154867627895e+01,-1.047037086132818118e+01,3.770211419708795120e+01
3.098252649496360789e+01,-1.051905104834050952e+01,3.770211419708795120e+01
3.096596499466369679e+01,-1.056770528156317468e+01,3.770211419708795120e+01
3.094932708866739191e+01,-1.061633344085397823e+01,3.770211419708795120e+01
3.093261281805149920e+01,-1.066493540614436952e+01,3.770211419708795120e+01
3.091582222407892289e+01,-1.071351105743879728e+01,3.770211419708795120e+01
3.089895534819878264e+01,-1.076206027481417671e+01,3.770211419708795120e+01
3.088201223204651313e+01,-1.081058293841942586e+01,3.770211419708795120e+01
3.086499291744393503e+01,-1.085907892847507306e+01,3.770211419708795120e+01
3.084789744639932962e+01,-1.090754812527294959e+01,3.770211419708795120e+01
3.083072586110746371e+01,-1.095599040917593037e+01,3.770211419708795120e+01
3.081347820394964643e+01,-1.100440566061773318e+01,3.770211419708795120e+01
3.079615451749372212e+01,-1.105279376010276948e+01,3.770211419708795120e+01
3.077875484449407750e+01,-1.110115458820603962e+01,3.770211419708795120e+01
3.076127922789165581e+01,-1.114948802557306529e+01,3.770211419708795120e+01
3.074372771081391065e+01,-1.119779395291985225e+01,3.770211419708795120e+01
3.072610033657481665e+01,-1.124607225103291164e+01,3.770211419708795120e+01
3.070839714867480907e+01,-1.129432280076926887e+01,3.770211419708795120e+01
3.069061819080074116e+01,-1.134254548305653643e+01,3.770211419708795120e+01
3.067276350682586639e+01,-1.139074017889299029e+01,3.770211419708795120e+01
3.065483314080974608e+01,-1.143890676934767470e+01,3.770211419708795120e+01
3.063682713699822813e+01,-1.148704513556051943e+01,3.770211419708795120e+01
3.061874553982335101e+01,-1.153515515874247832e+01,3.770211419708795120e+01
3.060058839390329410e+01,-1.158323672017569272e+01,3.770211419708795120e+01
3.058235574404229951e+01,-1.163128970121364603e+01,3.770211419708795120e+01
3.056404763523058676e+01,-1.167931398328135018e+01,3.770211419708795120e+01
3.054566411264428183e+01,-1.172730944787554108e+01,3.770211419708795120e+01
3.052720522164533179e+01,-1.177527597656486691e+01,3.770211419708795120e+01
3.050867100778140895e+01,-1.182321345099011722e+01,3.770211419708795120e+01
3.049006151678583976e+01,-1.187112175286441840e+01,3.770211419708795120e+01
3.047137679457748760e+01,-1.191900076397348585e+01,3.770211419708795120e+01
3.045261688726066041e+01,-1.196685036617582654e+01,3.770211419708795120e+01
3.043378184112504314e+01,-1.201467044140300011e+01,3.770211419708795120e+01
3.041487170264557705e+01,-1.206246087165985870e+01,3.770211419708795120e+01
3.039588651848233170e+01,-1.211022153902477960e+01,3.770211419708795120e+01
3.037682633548045885e+01,-1.215795232564993000e+01,3.770211419708795120e+01
3.035769120067004323e+01,-1.220565311376152096e+01,3.770211419708795120e+01
3.033848116126601724e+01,-1.225332378566006142e+01,3.770211419708795120e+01
3.031919626466804374e+01,-1.230096422372063714e+01,3.770211419708795120e+01
3.029983655846041302e+01,-1.234857431039314335e+01,3.770211419708795120e+01
3.028040209041193265e+01,-1.239615392820257966e+01,3.770211419708795120e+01
3.026089290847581026e+01,-1.244370295974931295e+01,3.770211419708795120e+01
3.024130906078956116e+01,-1.249122128770934026e+01,3.770211419708795120e+01
3.022165059567484846e+01,-1.253870879483456768e+01,3.770211419708795120e+01
3.020191756163743335e+01,-1.258616536395308216e+01,3.770211419708795120e+01
3.018211000736700100e+01,-1.263359087796943925e+01,3.770211419708795120e+01
3.016222798173708242e+01,-1.268098521986491001e+01,3.770211419708795120e+01
3.014227153380492297e+01,-1.272834827269779545e+01,3.770211419708795120e+01
3.012224071281137228e+01,-1.277567991960367522e+01,3.770211419708795120e+01
3.010213556818074920e+01,-1.282298004379570777e+01,3.770211419708795120e+01
3.008195614952073882e+01,-1.287024852856490043e+01,3.770211419708795120e+01
3.006170250662226806e+01,-1.291748525728038643e+01,3.770211419708795120e+01
3.004137468945937783e+01,-1.296469011338971988e+01,3.770211419708795120e+01
3.002097274818911643e+01,-1.301186298041914036e+01,3.770211419708795120e+01
3.000049673315140097e+01,-1.305900374197387492e+01,3.770211419708795120e+01
2.997994669486891439e+01,-1.310611228173839926e+01,3.770211419708795120e+01
2.995932268404695265e+01,-1.315318848347674141e+01,3.770211419708795120e+01
2.993862475157334302e+01,-1.320023223103273935e+01,3.770211419708795120e+01
2.991785294851827359e+01,-1.324724340833035896e+01,3.770211419708795120e+01
2.989700732613420087e+01,-1.329422189937394094e+01,3.770211419708795120e+01
2.987608793585571121e+01,-1.334116758824850635e+01,3.770211419708795120e+01
2.985509482929940006e+01,-1.338808035912003902e+01,3.770211419708795120e+01
2.983402805826374760e+01,-1.343496009623575738e+01,3.770211419708795120e+01
2.981288767472897305e+01,-1.348180668392441106e+01,3.770211419708795120e+01
2.979167373085693171e+01,-1.352862000659655450e+01,3.770211419708795120e+01
2.977038627899097278e+01,-1.357539994874484179e+01,3.770211419708795120e+01
2.974902537165582217e+01,-1.362214639494429491e+01,3.770211419708795120e+01
2.972759106155742614e+01,-1.366885922985260038e+01,3.770211419708795120e+01
2.970608340158285898e+01,-1.371553833821038815e+01,3.770211419708795120e+01
2.968450244480017020e+01,-1.376218360484150693e+01,3.770211419708795120e+01
2.966284824445825308e+01,-1.380879491465332620e+01,3.770211419708795120e+01
2.964112085398672036e+01,-1.385537215263700617e+01,3.770211419708795120e+01
2.961932032699578343e+01,-1.390191520386777491e+01,3.770211419708795120e+01
2.959744671727609244e+01,-1.394842395350522679e+01,3.770211419708795120e+01
2.957550007879862264e+01,-1.399489828679359604e+01,3.770211419708795120e+01
2.955348046571454645e+01,-1.404133808906203562e+01,3.770211419708795120e+01
2.953138793235508786e+01,-1.408774324572491565e+01,3.770211419708795120e+01
2.950922253323139088e+01,-1.413411364228208100e+01,3.770211419708795120e+01
2.948698432303438466e+01,-1.418044916431916036e+01,3.770211419708795120e+01
2.946467335663465903e+01,-1.422674969750782736e+01,3.770211419708795120e+01
2.944228968908232247e+01,-1.427301512760609725e+01,3.770211419708795120e+01
2.941983337560684930e+01,-1.431924534045858799e+01,3.770211419708795120e+01
2.939730447161697313e+01,-1.436544022199682757e+01,3.770211419708795120e+01
2.937470303270053762e+01,-1.441159965823952049e+01,3.770211419708795120e+01
2.935202911462435083e+01,-1.445772353529282661e+01,3.770211419708795120e+01
2.932928277333406086e+01,-1.450381173935064716e+01,3.770211419708795120e+01
2.930646406495400669e+01,-1.454986415669490896e+01,3.770211419708795120e+01
2.928357304578708664e+01,-1.459588067369583797e+01,3.770211419708795120e+01
2.926060977231462346e+01,-1.464186117681223998e+01,3.770211419708795120e+01
2.923757430119621858e+01,-1.468780555259178477e+01,3.770211419708795120e+01
2.921446668926961010e+01,-1.473371368767127976e+01,3.770211419708795120e+01
2.919128699355053058e+01,-1.477958546877696122e+01,3.770211419708795120e+01
2.916803527123258633e+01,-1.482542078272476260e+01,3.770211419708795120e+01
2.914471157968709036e+01,-1.487121951642058981e+01,3.770211419708795120e+01
2.912131597646294168e+01,-1.491698155686062321e+01,3.770211419708795120e+01
2.909784851928645821e+01,-1.496270679113156454e+01,3.770211419708795120e+01
2.907430926606126320e+01,-1.500839510641094066e+01,3.770211419708795120e+01
2.905069827486812883e+01,-1.505404638996737177e+01,3.770211419708795120e+01
2.902701560396482705e+01,-1.509966052916085033e+01,3.770211419708795120e+01
2.900326131178599809e+01,-1.514523741144301638e+01,3.770211419708795120e+01
2.897943545694300127e+01,-1.519077692435744353e+01,3.770211419708795120e+01
2.895553809822375868e+01,-1.523627895553990541e+01,3.770211419708795120e+01
2.893156929459263083e+01,-1.528174339271865989e+01,3.770211419708795120e+01
2.890752910519026386e+01,-1.532717012371472798e+01,3.770211419708795120e+01
2.888341758933343684e+01,-1.537255903644216382e+01,3.770211419708795120e+01
2.885923480651491246e+01,-1.541791001890833357e+01,3.770211419708795120e+01
2.883498081640330213e+01,-1.546322295921419609e+01,3.770211419708795120e+01
2.881065567884293088e+01,-1.550849774555457472e+01,3.770211419708795120e+01
2.878625945385364204e+01,-1.555373426621843258e+01,3.770211419708795120e+01
2.876179220163070838e+01,-1.559893240958914973e+01,3.770211419708795120e+01
2.873725398254462959e+01,-1.564409206414480025e+01,3.770211419708795120e+01
2.871264485714103643e+01,-1.568921311845842581e+01,3.770211419708795120e+01
2.868796488614049167e+01,-1.573429546119830746e+01,3.770211419708795120e+01
2.866321413043837651e+01,-1.577933898112824807e+01,3.770211419708795120e+01
2.863839265110471644e+01,-1.582434356710783518e+01,3.770211419708795120e+01
2.861350050938404621e+01,-1.586930910809272532e+01,3.770211419708795120e+01
2.858853776669524649e+01,-1.591423549313492281e+01,3.770211419708795120e+01
2.856350448463140523e+01,-1.595912261138303023e+01,3.770211419708795120e+01
2.853840072495966851e+01,-1.600397035208255048e+01,3.770211419708795120e+01
2.851322654962105574e+01,-1.604877860457613536e+01,3.770211419708795120e+01
2.848798202073034602e+01,-1.609354725830387878e+01,3.770211419708795120e+01
2.846266720057590405e+01,-1.613827620280358133e+01,3.770211419708795120e+01
2.843728215161953443e+01,-1.618296532771100971e+01,3.770211419708795120e+01
2.841182693649631830e+01,-1.622761452276019867e+01,3.770211419708795120e+01
2.838630161801447827e+01,-1.627222367778369616e+01,3.770211419708795120e+01
2.836070625915518661e+01,-1.631679268271284400e+01,3.770211419708795120e+01
2.833504092307245870e+01,-1.636132142757805141e+01,3.770211419708795120e+01
2.830930567309295398e+01,-1.640580980250907217e+01,3.770211419708795120e+01
2.828350057271584816e+01,-1.645025769773525681e+01,3.770211419708795120e+01
2.825762568561265553e+01,-1.649466500358584398e+01,3.770211419708795120e+01
2.823168107562709039e+01,-1.653903161049022685e+01,3.770211419708795120e+01
2.820566680677489657e+01,-1.658335740897820543e+01,3.770211419708795120e+01
2.817958294324370172e+01,-1.662764228968028135e+01,3.770211419708795120e+01
2.815342954939284681e+01,-1.667188614332791374e+01,3.770211419708795120e+01
2.812720668975322624e+01,-1.671608886075379274e+01,3.770211419708795120e+01
2.810091442902713865e+01,-1.676025033289210597e+01,3.770211419708795120e+01
2.807455283208813057e+01,-1.680437045077880853e+01,3.770211419708795120e+01
2.804812196398081525e+01,-1.684844910555190012e+01,3.770211419708795120e+01
2.802162188992073411e+01,-1.689248618845167726e+01,3.770211419708795120e+01
2.799505267529418973e+01,-1.693648159082101756e+01,3.770211419708795120e+01
2.796841438565807181e+01,-1.698043520410563900e+01,3.770211419708795120e+01
2.794170708673971859e+01,-1.702434691985436999e+01,3.770211419708795120e+01
2.791493084443672856e+01,-1.706821662971941578e+01,3.770211419708795120e+01
2.788808572481682546e+01,-1.711204422545663206e+01,3.770211419708795120e+01
2.786117179411766642e+01,-1.715582959892578074e+01,3.770211419708795120e+01
2.783418911874670343e+01,-1.719957264209080350e+01,3.770211419708795120e+01
2.780713776528099856e+01,-1.724327324702009179e+01,3.770211419708795120e+01
2.778001780046709257e+01,-1.728693130588674620e+01,3.770211419708795120e+01
2.775282929122078812e+01,-1.733054671096884647e+01,3.770211419708795120e+01
2.772557230462703615e+01,-1.737411935464971435e+01,3.770211419708795120e+01
2.769824690793974398e+01,-1.741764912941818721e+01,3.770211419708795120e+01
2.767085316858160127e+01,-1.746113592786887381e+01,3.770211419708795120e+01
2.764339115414394854e+01,-1.750457964270241362e+01,3.770211419708795120e+01
2.761586093238657114e+01,-1.754798016672576466e+01,3.770211419708795120e+01
2.758826257123755354e+01,-1.759133739285244857e+01,3.770211419708795120e+01
2.756059613879310888e+01,-1.763465121410281711e+01,3.770211419708795120e+01
2.753286170331741189e+01,-1.767792152360432567e+01,3.770211419708795120e+01
2.750505933324242136e+01,-1.772114821459178557e+01,3.770211419708795120e+01
2.747718909716772018e+01,-1.776433118040763404e+01,3.770211419708795120e+01
2.744925106386035552e+01,-1.780747031450219353e+01,3.770211419708795120e+01
2.742124530225463985e+01,-1.785056551043393824e+01,3.770211419708795120e+01
2.739317188145199822e+01,-1.789361666186976407e+01,3.770211419708795120e+01
2.736503087072081897e+01,-1.793662366258522667e+01,3.770211419708795120e+01
2.733682233949624418e+01,-1.797958640646482564e+01,3.770211419708795120e+01
2.730854635738002045e+01,-1.802250478750227103e+01,3.770211419708795120e+01
2.728020299414031413e+01,-1.806537869980071065e+01,3.770211419708795120e+01
2.725179231971157634e+01,-1.810820803757304276e+01,3.770211419708795120e+01
2.722331440419430493e+01,-1.815099269514211855e+01,3.770211419708795120e+01
2.719476931785493079e+01,-1.819373256694105834e+01,3.770211419708795120e+01
2.716615713112561536e+01,-1.823642754751347539e+01,3.770211419708795120e+01
2.713747791460409076e+01,-1.827907753151374948e+01,3.770211419708795120e+01
2.710873173905346789e+01,-1.832168241370728268e+01,3.770211419708795120e+01
2.707991867540207664e+01,-1.836424208897076582e+01,3.770211419708795120e+01
2.705103879474329176e+01,-1.840675645229243074e+01,3.770211419708795120e+01
2.702209216833534455e+01,-1.844922539877231316e+01,3.770211419708795120e+01
2.699307886760115593e+01,-1.849164882362250140e+01,3.770211419708795120e+01
2.696399896412816588e+01,-1.853402662216742058e+01,3.770211419708795120e+01
2.693485252966814869e+01,-1.857635868984406358e+01,3.770211419708795120e+01
2.690563963613702470e+01,-1.861864492220226097e+01,3.770211419708795120e+01
2.687636035561470749e+01,-1.866088521490493690e+01,3.770211419708795120e+01
2.684701476034491563e+01,-1.870307946372836838e+01,3.770211419708795120e+01
2.681760292273498436e+01,-1.874522756456244466e+01,3.770211419708795120e+01
2.678812491535570217e+01,-1.878732941341090878e+01,3.770211419708795120e+01
2.675858081094112251e+01,-1.882938490639163831e+01,3.770211419708795120e+01
2.672897068238837903e+01,-1.887139393973689039e+01,3.770211419708795120e+01
2.669929460275752220e+01,-1.891335640979354338e+01,3.770211419708795120e+01
2.666955264527133806e+01,-1.895527221302337395e+01,3.770211419708795120e+01
2.663974488331514223e+01,-1.899714124600330933e+01,3.770211419708795120e+01
2.660987139043662708e+01,-1.903896340542567245e+01,3.770211419708795120e+01
2.657993224034565927e+01,-1.908073858809843770e+01,3.770211419708795120e+01
2.654992750691413050e+01,-1.912246669094550100e+01,3.770211419708795120e+01
2.651985726417572664e+01,-1.916414761100690356e+01,3.770211419708795120e+01
2.648972158632577845e+01,-1.920578124543913390e+01,3.770211419708795120e+01
2.645952054772108752e+01,-1.924736749151533388e+01,3.770211419708795120e+01
2.642925422287970250e+01,-1.928890624662556874e+01,3.770211419708795120e+01
2.639892268648078044e+01,-1.933039740827709352e+01,3.770211419708795120e+01
2.636852601336437374e+01,-1.937184087409459465e+01,3.770211419708795120e+01
2.633806427853124177e+01,-1.941323654182043512e+01,3.770211419708795120e+01
2.630753755714269460e+01,-1.945458430931492089e+01,3.770211419708795120e+01
2.627694592452037625e+01,-1.949588407455654959e+01,3.770211419708795120e+01
2.624628945614610487e+01,-1.953713573564224504e+01,3.770211419708795120e+01
2.621556822766167016e+01,-1.957833919078765206e+01,3.770211419708795120e+01
2.618478231486864161e+01,-1.961949433832732481e+01,3.770211419708795120e+01
2.615393179372820853e+01,-1.966060107671503943e+01,3.770211419708795120e+01
2.612301674036095633e+01,-1.970165930452399294e+01,3.770211419708795120e+01
2.609203723104671013e+01,-1.974266892044710175e+01,3.770211419708795120e+01
2.606099334222433228e+01,-1.978362982329720765e+01,3.770211419708795120e+01
2.602988515049153051e+01,-1.982454191200735849e+01,3.770211419708795120e+01
2.599871273260466609e+01,-1.986540508563103913e+01,3.770211419708795120e+01
2.596747616547859394e+01,-1.990621924334243431e+01,3.770211419708795120e+01
2.593617552618643529e+01,-1.994698428443666316e+01,3.770211419708795120e+01
2.590481089195940712e+01,-1.998770010833004562e+01,3.770211419708795120e+01
2.587338234018661964e+01,-2.002836661456032630e+01,3.770211419708795120e+01
2.584188994841490583e+01,-2.006898370278694443e+01,3.770211419708795120e+01
2.581033379434861530e+01,-2.010955127279128263e+01,3.770211419708795120e+01
2.577871395584941183e+01,-2.015006922447687998e+01,3.770211419708795120e+01
2.574703051093611350e+01,-2.019053745786972698e+01,3.770211419708795120e+01
2.571528353778445819e+01,-2.023095587311848220e+01,3.770211419708795120e+01
2.568347311472695793e+01,-2.027132437049471747e+01,3.770211419708795120e+01
2.565159932025266798e+01,-2.031164285039318074e+01,3.770211419708795120e+01
2.561966223300700918e+01,-2.035191121333203057e+01,3.770211419708795120e+01
2.558766193179155835e+01,-2.039212935995308840e+01,3.770211419708795120e+01
2.555559849556388841e+01,-2.043229719102206943e+01,3.770211419708795120e+01
2.552347200343733391e+01,-2.047241460742884911e+01,3.770211419708795120e+01
2.549128253468083116e+01,-2.051248151018768340e+01,3.770211419708795120e+01
2.545903016871868374e+01,-2.055249780043748231e+01,3.770211419708795120e+01
2.542671498513040618e+01,-2.059246337944201599e+01,3.770211419708795120e+01
2.539433706365049304e+01,-2.063237814859020247e+01,3.770211419708795120e+01
2.536189648416825548e+01,-2.067224200939630663e+01,3.770211419708795120e+01
2.532939332672759036e+01,-2.071205486350022440e+01,3.770211419708795120e+01
2.529682767152682032e+01,-2.075181661266769240e+01,3.770211419708795120e+01
2.526419959891844513e+01,-2.079152715879054014e+01,3.770211419708795120e+01
2.523150918940900311e+01,-2.083118640388695297e+01,3.770211419708795120e+01
2.519875652365882601e+01,-2.087079425010167455e+01,3.770211419708795120e+01
2.516594168248186492e+01,-2.091035059970629817e+01,3.770211419708795120e+01
2.513306474684547354e+01,-2.094985535509945151e+01,3.770211419708795120e+01
2.510012579787021991e+01,-2.098930841880707376e+01,3.770211419708795120e+01
2.506712491682969102e+01,-2.102870969348266073e+01,3.770211419708795120e+01
2.503406218515028314e+01,-2.106805908190748511e+01,3.770211419708795120e+01
2.500093768441099229e+01,-2.110735648699083455e+01,3.770211419708795120e+01
2.496775149634323654e+01,-2.114660181177027454e+01,3.770211419708795120e+01
2.493450370283063577e+01,-2.118579495941186153e+01,3.770211419708795120e+01
2.490119438590880918e+01,-2.122493583321040944e+01,3.770211419708795120e+01
2.486782362776519761e+01,-2.126402433658969571e+01,3.770211419708795120e+01
2.483439151073881490e+01,-2.130306037310272416e+01,3.770211419708795120e+01
2.480089811732009153e+01,-2.134204384643195951e+01,3.770211419708795120e+01
2.476734353015065437e+01,-2.138097466038954764e+01,3.770211419708795120e+01
2.473372783202310288e+01,-2.141985271891758913e+01,3.770211419708795120e+01
2.470005110588083497e+01,-2.145867792608833113e+01,3.770211419708795120e+01
2.466631343481782324e+01,-2.149745018610443026e+01,3.770211419708795120e+01
2.463251490207841599e+01,-2.153616940329919416e+01,3.770211419708795120e+01
2.459865559105713473e+01,-2.157483548213680180e+01,3.770211419708795120e+01
2.456473558529846102e+01,-2.161344832721255216e+01,3.770211419708795120e+01
2.453075496849664106e+01,-2.165200784325308447e+01,3.770211419708795120e+01
2.449671382449546542e+01,-2.169051393511662340e+01,3.770211419708795120e+01
2.446261223728807366e+01,-2.172896650779321703e+01,3.770211419708795120e+01
2.442845029101674115e+01,-2.176736546640496783e+01,3.770211419708795120e+01
2.439422806997268367e+01,-2.180571071620626356e+01,3.770211419708795120e+01
2.435994565859581229e+01,-2.184400216258400462e+01,3.770211419708795120e+01
2.432560314147458413e+01,-2.188223971105785637e+01,3.770211419708795120e+01
2.429120060334574305e+01,-2.192042326728047286e+01,3.770211419708795120e+01
2.425673812909412774e+01,-2.195855273703772070e+01,3.770211419708795120e+01
2.422221580375246575e+01,-2.199662802624892777e+01,3.770211419708795120e+01
2.418763371250117444e+01,-2.203464904096709631e+01,3.770211419708795120e+01
2.415299194066811950e+01,-2.207261568737915880e+01,3.770211419708795120e+01
2.411829057372842300e+01,-2.211052787180618751e+01,3.770211419708795120e+01
2.408352969730426807e+01,-2.214838550070363254e+01,3.770211419708795120e+01
2.404870939716466083e+01,-2.218618848066156346e+01,3.770211419708795120e+01
2.401382975922522434e+01,-2.222393671840487883e+01,3.770211419708795120e+01
2.397889086954800320e+01,-2.226163012079356562e+01,3.770211419708795120e+01
2.394389281434122907e+01,-2.229926859482288393e+01,3.770211419708795120e+01
2.390883567995912884e+01,-2.233685204762365117e+01,3.770211419708795120e+01
2.387371955290169723e+01,-2.237438038646243399e+01,3.770211419708795120e+01
2.383854451981448364e+01,-2.241185351874178622e+01,3.770211419708795120e+01
2.380331066748838609e+01,-2.244927135200047275e+01,3.770211419708795120e+01
2.376801808285943807e+01,-2.248663379391371819e+01,3.770211419708795120e+01
2.373266685300857404e+01,-2.252394075229340231e+01,3.770211419708795120e+01
2.369725706516145181e+01,-2.256119213508832999e+01,3.770211419708795120e+01
2.366178880668818962e+01,-2.259838785038439468e+01,3.770211419708795120e+01
2.362626216510319921e+01,-2.263552780640488393e+01,3.770211419708795120e+01
2.359067722806493705e+01,-2.267261191151063926e+01,3.770211419708795120e+01
2.355503408337568771e+01,-2.270964007420032260e+01,3.770211419708795120e+01
2.351933281898137906e+01,-2.274661220311062237e+01,3.770211419708795120e+01
2.348357352297132650e+01,-2.278352820701648440e+01,3.770211419708795120e+01
2.344775628357803399e+01,-2.282038799483133573e+01,3.770211419708795120e+01
2.341188118917699512e+01,-2.285719147560732623e+01,3.770211419708795120e+01
2.337594832828641955e+01,-2.289393855853550974e+01,3.770211419708795120e+01
2.333995778956708378e+01,-2.293062915294612125e+01,3.770211419708795120e+01
2.330390966182205403e+01,-2.296726316830876513e+01,3.770211419708795120e+01
2.326780403399650865e+01,-2.300384051423264964e+01,3.770211419708795120e+01
2.323164099517749293e+01,-2.304036110046680363e+01,3.770211419708795120e+01
2.319542063459371661e+01,-2.307682483690032527e+01,3.770211419708795120e+01
2.315914304161531234e+01,-2.311323163356255961e+01,3.770211419708795120e+01
2.312280830575362955e+01,-2.314958140062335445e+01,3.770211419708795120e+01
2.308641651666102490e+01,-2.318587404839327704e+01,3.770211419708795120e+01
2.304996776413061710e+01,-2.322210948732382008e+01,3.770211419708795120e+01
2.301346213809608088e+01,-2.325828762800765048e+01,3.770211419708795120e+01
2.297689972863142316e+01,-2.329440838117879409e+01,3.770211419708795120e+01
2.294028062595074857e+01,-2.333047165771288789e+01,3.770211419708795120e+01
2.290360492040805696e+01,-2.336647736862737901e+01,3.770211419708795120e+01
2.286687270249700532e+01,-2.340242542508175916e+01,3.770211419708795120e+01
2.283008406285068403e+01,-2.343831573837776006e+01,3.770211419708795120e+01
2.279323909224141786e+01,-2.347414821995961987e+01,3.770211419708795120e+01
2.275633788158049242e+01,-2.350992278141423952e+01,3.770211419708795120e+01
2.271938052191798718e+01,-2.354563933447144919e+01,3.770211419708795120e+01
2.268236710444251258e+01,-2.358129779100420365e+01,3.770211419708795120e+01
2.264529772048099332e+01,-2.361689806302880967e+01,3.770211419708795120e+01
2.260817246149845516e+01,-2.365244006270512855e+01,3.770211419708795120e+01
2.257099141909777629e+01,-2.368792370233681055e+01,3.770211419708795120e+01
2.253375468501949186e+01,-2.372334889437151162e+01,3.770211419708795120e+01
2.249646235114153114e+01,-2.375871555140107461e+01,3.770211419708795120e+01
2.245911450947902566e+01,-2.379402358616180280e+01,3.770211419708795120e+01
2.242171125218406758e+01,-2.382927291153462335e+01,3.770211419708795120e+01
2.238425267154547171e+01,-2.386446344054533952e+01,3.770211419708795120e+01
2.234673885998855880e+01,-2.389959508636481189e+01,3.770211419708795120e+01
2.230916991007493166e+01,-2.393466776230919280e+01,3.770211419708795120e+01
2.227154591450224430e+01,-2.396968138184014308e+01,3.770211419708795120e+01
2.223386696610395674e+01,-2.400463585856504167e+01,3.770211419708795120e+01
2.219613315784913965e+01,-2.403953110623719525e+01,3.770211419708795120e+01
2.215834458284220432e+01,-2.407436703875603712e+01,3.770211419708795120e+01
2.212050133432270727e+01,-2.410914357016737597e+01,3.770211419708795120e+01
2.208260350566510510e+01,-2.414386061466357347e+01,3.770211419708795120e+01
2.204465119037851650e+01,-2.417851808658377522e+01,3.770211419708795120e+01
2.200664448210650903e+01,-2.421311590041411677e+01,3.770211419708795120e+01
2.196858347462685401e+01,-2.424765397078792617e+01,3.770211419708795120e+01
2.193046826185131337e+01,-2.428213221248594778e+01,3.770211419708795120e+01
2.189229893782538028e+01,-2.431655054043655539e+01,3.770211419708795120e+01
2.185407559672806954e+01,-2.435090886971593704e+01,3.770211419708795120e+01
2.181579833287166537e+01,-2.438520711554833653e+01,3.770211419708795120e+01
2.177746724070152595e+01,-2.441944519330624530e+01,3.770211419708795120e+01
2.173908241479580639e+01,-2.445362301851059783e+01,3.770211419708795120e+01
2.170064394986524547e+01,-2.448774050683101677e+01,3.770211419708795120e+01
2.166215194075292771e+01,-2.452179757408599414e+01,3.770211419708795120e+01
2.162360648243407368e+01,-2.455579413624309026e+01,3.770211419708795120e+01
2.158500767001576293e+01,-2.458973010941918247e+01,3.770211419708795120e+01
2.154635559873672790e+01,-2.462360540988061786e+01,3.770211419708795120e+01
2.150765036396711594e+01,-2.465741995404346909e+01,3.770211419708795120e+01
2.146889206120823701e+01,-2.469117365847369783e+01,3.770211419708795120e+01
2.143008078609236122e+01,-2.472486643988740695e+01,3.770211419708795120e+01
2.139121663438244880e+01,-2.475849821515100047e+01,3.770211419708795120e+01
2.135229970197192628e+01,-2.479206890128142149e+01,3.770211419708795120e+01
2.131333008488445913e+01,-2.482557841544632993e+01,3.770211419708795120e+01
2.127430787927370304e+01,-2.485902667496434049e+01,3.770211419708795120e+01
2.123523318142306948e+01,-2.489241359730518965e+01,3.770211419708795120e+01
2.119610608774549831e+01,-2.492573910008997018e+01,3.770211419708795120e+01
2.115692669478319488e+01,-2.495900310109131581e+01,3.770211419708795120e+01
2.111769509920741683e+01,-2.499220551823361092e+01,3.770211419708795120e+01
2.107841139781822903e+01,-2.502534626959319652e+01,3.770211419708795120e+01
2.103907568754426904e+01,-2.505842527339854797e+01,3.770211419708795120e+01
2.099968806544247713e+01,-2.509144244803053070e+01,3.770211419708795120e+01
2.096024862869790084e+01,-2.512439771202253880e+01,3.770211419708795120e+01
2.092075747462343216e+01,-2.515729098406073305e+01,3.770211419708795120e+01
2.088121470065956231e+01,-2.519012218298423278e+01,3.770211419708795120e+01
2.084162040437416152e+01,-2.522289122778532899e+01,3.770211419708795120e+01
2.080197468346221967e+01,-2.525559803760965494e+01,3.770211419708795120e+01
2.076227763574560470e+01,-2.528824253175640280e+01,3.770211419708795120e+01
2.072252935917284589e+01,-2.532082462967853331e+01,3.770211419708795120e+01
2.068272995181885321e+01,-2.535334425098296052e+01,3.770211419708795120e+01
2.064287951188471837e+01,-2.538580131543075424e+01,3.770211419708795120e+01
2.060297813769743769e+01,-2.541819574293732487e+01,3.770211419708795120e+01
2.056302592770967763e+01,-2.545052745357264712e+01,3.770211419708795120e+01
2.052302298049955454e+01,-2.548279636756144484e+01,3.770211419708795120e+01
2.048296939477036105e+01,-2.551500240528336860e+01,3.770211419708795120e+01
2.044286526935033876e+01,-2.554714548727323731e+01,3.770211419708795120e+01
2.040271070319242952e+01,-2.557922553422118028e+01,3.770211419708795120e+01
2.036250579537403027e+01,-2.561124246697287532e+01,3.770211419708795120e+01
2.032225064509675860e+01,-2.564319620652971565e+01,3.770211419708795120e+01
2.028194535168620050e+01,-2.567508667404903377e+01,3.770211419708795120e+01
2.024159001459165097e+01,-2.570691379084426842e+01,3.770211419708795120e+01
2.020118473338589737e+01,-2.573867747838517417e+01,3.770211419708795120e+01
2.016072960776495293e+01,-2.577037765829800975e+01,3.770211419708795120e+01
2.012022473754782581e+01,-2.580201425236572987e+01,3.770211419708795120e+01
2.007967022267624913e+01,-2.583358718252818420e+01,3.770211419708795120e+01
2.003906616321445711e+01,-2.586509637088230562e+01,3.770211419708795120e+01
1.999841265934893642e+01,-2.589654173968230566e+01,3.770211419708795120e+01
1.995770981138815614e+01,-2.592792321133985922e+01,3.770211419708795120e+01
1.991695771976235818e+01,-2.595924070842431419e+01,3.770211419708795120e+01
1.987615648502327304e+01,-2.599049415366285132e+01,3.770211419708795120e+01
1.983530620784389242e+01,-2.602168346994070092e+01,3.770211419708795120e+01
1.979440698901820994e+01,-2.605280858030133118e+01,3.770211419708795120e+01
1.975345892946099013e+01,-2.608386940794661868e+01,3.770211419708795120e+01
1.971246213020749138e+01,-2.611486587623706868e+01,3.770211419708795120e+01
1.967141669241324919e+01,-2.614579790869196074e+01,3.770211419708795120e+01
1.963032271735378842e+01,-2.617666542898960103e+01,3.770211419708795120e+01
1.958918030642442432e+01,-2.620746836096743593e+01,3.770211419708795120e+01
1.954798956113994990e+01,-2.623820662862229725e+01,3.770211419708795120e+01
1.950675058313444765e+01,-2.626888015611056915e+01,3.770211419708795120e+01
1.946546347416098399e+01,-2.629948886774836581e+01,3.770211419708795120e+01
1.942412833609140677e+01,-2.633003268801173746e+01,3.770211419708795120e+01
1.938274527091606103e+01,-2.636051154153683740e+01,3.770211419708795120e+01
1.934131438074352971e+01,-2.639092535312013865e+01,3.770211419708795120e+01
1.929983576780043464e+01,-2.642127404771856902e+01,3.770211419708795120e+01
1.925830953443111682e+01,-2.645155755044975265e+01,3.770211419708795120e+01
1.921673578309744101e+01,-2.648177578659214504e+01,3.770211419708795120e+01
1.917511461637849379e+01,-2.651192868158526394e+01,3.770211419708795120e+01
1.913344613697038099e+01,-2.654201616102983508e+01,3.770211419708795120e+01
1.909173044768591865e+01,-2.657203815068799102e+01,3.770211419708795120e+01
1.904996765145442694e+01,-2.660199457648345955e+01,3.770211419708795120e+01
1.900815785132146019e+01,-2.663188536450173771e+01,3.770211419708795120e+01
1.896630115044854392e+01,-2.666171044099027299e+01,3.770211419708795120e+01
1.892439765211292269e+01,-2.669146973235866227e+01,3.770211419708795120e+01
1.888244745970730776e+01,-2.672116316517880819e+01,3.770211419708795120e+01
1.884045067673964269e+01,-2.675079066618511092e+01,3.770211419708795120e+01
1.879840740683279776e+01,-2.678035216227466364e+01,3.770211419708795120e+01
1.875631775372437460e+01,-2.680984758050741590e+01,3.770211419708795120e+01
1.871418182126640772e+01,-2.683927684810634773e+01,3.770211419708795120e+01
1.867199971342511589e+01,-2.686863989245767570e+01,3.770211419708795120e+01
1.862977153428066046e+01,-2.689793664111100213e+01,3.770211419708795120e+01
1.858749738802687546e+01,-2.692716702177950339e+01,3.770211419708795120e+01
1.854517737897101881e+01,-2.695633096234013593e+01,3.770211419708795120e+01
1.850281161153349530e+01,-2.698542839083376421e+01,3.770211419708795120e+01
1.846040019024762913e+01,-2.701445923546538452e+01,3.770211419708795120e+01
1.841794321975939397e+01,-2.704342342460426352e+01,3.770211419708795120e+01
1.837544080482712872e+01,-2.707232088678415494e+01,3.770211419708795120e+01
1.833289305032133498e+01,-2.710115155070343462e+01,3.770211419708795120e+01
1.829030006122435381e+01,-2.712991534522531367e+01,3.770211419708795120e+01
1.824766194263015961e+01,-2.715861219937798410e+01,3.770211419708795120e+01
1.820497879974406530e+01,-2.718724204235480357e+01,3.770211419708795120e+01
1.816225073788248778e+01,-2.721580480351449793e+01,3.770211419708795120e+01
1.811947786247267089e+01,-2.724430041238127487e+01,3.770211419708795120e+01
1.807666027905243311e+01,-2.727272879864505839e+01,3.770211419708795120e+01
1.803379809326990468e+01,-2.730108989216164161e+01,3.770211419708795120e+01
1.799089141088326471e+01,-2.732938362295283241e+01,3.770211419708795120e+01
1.794794033776049602e+01,-2.735760992120666302e+01,3.770211419708795120e+01
1.790494497987909028e+01,-2.738576871727756057e+01,3.770211419708795120e+01
1.786190544332582775e+01,-2.741385994168648566e+01,3.770211419708795120e+01
1.781882183429648236e+01,-2.744188352512113127e+01,3.770211419708795120e+01
1.777569425909558021e+01,-2.746983939843609690e+01,3.770211419708795120e+01
1.773252282413611880e+01,-2.749772749265304483e+01,3.770211419708795120e+01
1.768930763593932909e+01,-2.752554773896087426e+01,3.770211419708795120e+01
1.764604880113439123e+01,-2.755330006871589177e+01,3.770211419708795120e+01
1.760274642645817522e+01,-2.758098441344198193e+01,3.770211419708795120e+01
1.755940061875499225e+01,-2.760860070483077777e+01,3.770211419708795120e+01
1.751601148497631044e+01,-2.763614887474182069e+01,3.770211419708795120e+01
1.747257913218050618e+01,-2.766362885520274517e+01,3.770211419708795120e+01
1.742910366753258700e+01,-2.769104057840942801e+01,3.770211419708795120e+01
1.738558519830394999e+01,-2.771838397672617660e+01,3.770211419708795120e+01
1.734202383187208341e+01,-2.774565898268586039e+01,3.770211419708795120e+01
1.729841967572033212e+01,-2.777286552899011696e+01,3.770211419708795120e+01
1.725477283743760992e+01,-2.780000354850950117e+01,3.770211419708795120e+01
1.721108342471816499e+01,-2.782707297428364512e+01,3.770211419708795120e+01
1.716735154536127084e+01,-2.785407373952143573e+01,3.770211419708795120e+01
1.712357730727099536e+01,-2.788100577760116749e+01,3.770211419708795120e+01
1.707976081845591665e+01,-2.790786902207070597e+01,3.770211419708795120e+01
1.703590218702886716e+01,-2.793466340664767600e+01,3.770211419708795120e+01
1.699200152120666019e+01,-2.796138886521958966e+01,3.770211419708795120e+01
1.694805892930982338e+01,-2.798804533184403809e+01,3.770211419708795120e+01
1.690407451976233943e+01,-2.801463274074884424e+01,3.770211419708795120e+01
1.686004840109136538e+01,-2.804115102633221213e+01,3.770211419708795120e+01
1.681598068192696260e+01,-2.806760012316291508e+01,3.770211419708795120e+01
1.677187147100185882e+01,-2.809397996598042724e+01,3.770211419708795120e+01
1.672772087715113898e+01,-2.812029048969511535e+01,3.770211419708795120e+01
1.668352900931201077e+01,-2.814653162938837383e+01,3.770211419708795120e+01
1.663929597652351333e+01,-2.817270332031280233e+01,3.770211419708795120e+01
1.659502188792625788e+01,-2.819880549789235502e+01,3.770211419708795120e+01
1.655070685276215414e+01,-2.822483809772250041e+01,3.770211419708795120e+01
1.650635098037415105e+01,-2.825080105557038834e+01,3.770211419708795120e+01
1.646195438020594892e+01,-2.827669430737500278e+01,3.770211419708795120e+01
1.641751716180175080e+01,-2.830251778924731454e+01,3.770211419708795120e+01
1.637303943480597113e+01,-2.832827143747045540e+01,3.770211419708795120e+01
1.632852130896297993e+01,-2.835395518849984597e+01,3.770211419708795120e+01
1.628396289411683284e+01,-2.837956897896340180e+01,3.770211419708795120e+01
1.623936430021098687e+01,-2.840511274566162569e+01,3.770211419708795120e+01
1.619472563728803394e+01,-2.843058642556782090e+01,3.770211419708795120e+01
1.615004701548944155e+01,-2.845598995582821544e+01,3.770211419708795120e+01
1.610532854505527212e+01,-2.848132327376211492e+01,3.770211419708795120e+01
1.606057033632389519e+01,-2.850658631686208366e+01,3.770211419708795120e+01
1.601577249973174943e+01,-2.853177902279407263e+01,3.770211419708795120e+01
1.597093514581304419e+01,-2.855690132939758286e+01,3.770211419708795120e+01
1.592605838519948591e+01,-2.858195317468581820e+01,3.770211419708795120e+01
1.588114232862002773e+01,-2.860693449684584522e+01,3.770211419708795120e+01
1.583618708690057097e+01,-2.863184523423873173e+01,3.770211419708795120e+01
1.579119277096370766e+01,-2.865668532539971380e+01,3.770211419708795120e+01
1.574615949182843444e+01,-2.868145470903832717e+01,3.770211419708795120e+01
1.570108736060990040e+01,-2.870615332403859199e+01,3.770211419708795120e+01
1.565597648851909263e+01,-2.873078110945911945e+01,3.770211419708795120e+01
1.561082698686262482e+01,-2.875533800453330002e+01,3.770211419708795120e+01
1.556563896704239092e+01,-2.877982394866943849e+01,3.770211419708795120e+01
1.552041254055533770e+01,-2.880423888145090672e+01,3.770211419708795120e+01
1.547514781899318059e+01,-2.882858274263627507e+01,3.770211419708795120e+01
1.542984491404211944e+01,-2.885285547215949364e+01,3.770211419708795120e+01
1.538450393748257028e+01,-2.887705701013001303e+01,3.770211419708795120e+01
1.533912500118887934e+01,-2.890118729683294418e+01,3.770211419708795120e+01
1.529370821712907080e+01,-2.892524627272919702e+01,3.770211419708795120e+01
1.524825369736453595e+01,-2.894923387845565088e+01,3.770211419708795120e+01
1.520276155404978624e+01,-2.897315005482526828e+01,3.770211419708795120e+01
1.515723189943216376e+01,-2.899699474282725475e+01,3.770211419708795120e+01
1.511166484585156766e+01,-2.902076788362722581e+01,3.770211419708795120e+01
1.506606050574016820e+01,-2.904446941856731357e+01,3.770211419708795120e+01
1.502041899162214733e+01,-2.906809928916633368e+01,3.770211419708795120e+01
1.497474041611339501e+01,-2.909165743711993457e+01,3.770211419708795120e+01
1.492902489192126758e+01,-2.911514380430072180e+01,3.770211419708795120e+01
1.488327253184426802e+01,-2.913855833275842855e+01,3.770211419708795120e+01
1.483748344877179903e+01,-2.916190096472002580e+01,3.770211419708795120e+01
1.479165775568386465e+01,-2.918517164258988927e+01,3.770211419708795120e+01
1.474579556565082150e+01,-2.920837030894993802e+01,3.770211419708795120e+01
1.469989699183304843e+01,-2.923149690655976940e+01,3.770211419708795120e+01
1.465396214748072623e+01,-2.925455137835679764e+01,3.770211419708795120e+01
1.460799114593351433e+01,-2.927753366745641017e+01,3.770211419708795120e+01
1.456198410062028614e+01,-2.930044371715209550e+01,3.770211419708795120e+01
1.451594112505885370e+01,-2.932328147091557469e+01,3.770211419708795120e+01
1.446986233285568346e+01,-2.934604687239696830e+01,3.770211419708795120e+01
1.442374783770561564e+01,-2.936873986542490655e+01,3.770211419708795120e+01
1.437759775339158175e+01,-2.939136039400668921e+01,3.770211419708795120e+01
1.433141219378432218e+01,-2.941390840232840631e+01,3.770211419708795120e+01
1.428519127284212331e+01,-2.943638383475509102e+01,3.770211419708795120e+01
1.423893510461050127e+01,-2.945878663583084744e+01,3.770211419708795120e+01
1.419264380322196573e+01,-2.948111675027899281e+01,3.770211419708795120e+01
1.414631748289568947e+01,-2.950337412300219242e+01,3.770211419708795120e+01
1.409995625793727214e+01,-2.952555869908258401e+01,3.770211419708795120e+01
1.405356024273842408e+01,-2.954767042378193409e+01,3.770211419708795120e+01
1.400712955177669450e+01,-2.956970924254176225e+01,3.770211419708795120e+01
1.396066429961520683e+01,-2.959167510098347265e+01,3.770211419708795120e+01
1.391416460090235141e+01,-2.961356794490849254e+01,3.770211419708795120e+01
1.386763057037150837e+01,-2.963538772029840374e+01,3.770211419708795120e+01
1.382106232284076697e+01,-2.965713437331508118e+01,3.770211419708795120e+01
1.377445997321266091e+01,-2.967880785030082436e+01,3.770211419708795120e+01
1.372782363647385040e+01,-2.970040809777848168e+01,3.770211419708795120e+01
1.368115342769486098e+01,-2.972193506245158545e+01,3.770211419708795120e+01
1.363444946202978514e+01,-2.974338869120449402e+01,3.770211419708795120e+01
1.358771185471602827e+01,-2.976476893110250899e+01,3.770211419708795120e+01
1.354094072107398006e+01,-2.978607572939201376e+01,3.770211419708795120e+01
1.349413617650677466e+01,-2.980730903350060501e+01,3.770211419708795120e+01
1.344729833649996209e+01,-2.982846879103721349e+01,3.770211419708795120e+01
1.340042731662125952e+01,-2.984955494979223545e+01,3.770211419708795120e+01
1.335352323252024931e+01,-2.987056745773768185e+01,3.770211419708795120e+01
1.330658619992810365e+01,-2.989150626302727431e+01,3.770211419708795120e+01
1.325961633465727019e+01,-2.991237131399658011e+01,3.770211419708795120e+01
1.321261375260123572e+01,-2.993316255916317559e+01,3.770211419708795120e+01
1.316557856973419760e+01,-2.995387994722672431e+01,3.770211419708795120e+01
1.311851090211078308e+01,-2.997452342706912987e+01,3.770211419708795120e+01
1.307141086586578993e+01,-2.999509294775466017e+01,3.770211419708795120e+01
1.302427857721388094e+01,-3.001558845853006474e+01,3.770211419708795120e+01
1.297711415244928546e+01,-3.003600990882470612e+01,3.770211419708795120e+01
1.292991770794553474e+01,-3.005635724825069843e+01,3.770211419708795120e+01
1.288268936015516886e+01,-3.007663042660298558e+01,3.770211419708795120e+01
1.283542922560943289e+01,-3.009682939385952949e+01,3.770211419708795120e+01
1.278813742091801586e+01,-3.011695410018137764e+01,3.770211419708795120e+01
1.274081406276874517e+01,-3.013700449591282648e+01,3.770211419708795120e+01
1.269345926792729884e+01,-3.015698053158150671e+01,3.770211419708795120e+01
1.264607315323693371e+01,-3.017688215789854667e+01,3.770211419708795120e+01
1.259865583561816749e+01,-3.019670932575865763e+01,3.770211419708795120e+01
1.255120743206852296e+01,-3.021646198624027591e+01,3.770211419708795120e+01
1.250372805966221890e+01,-3.023614009060566943e+01,3.770211419708795120e+01
1.245621783554988760e+01,-3.025574359030107274e+01,3.770211419708795120e+01
1.240867687695828181e+01,-3.027527243695680426e+01,3.770211419708795120e+01
1.236110530118999407e+01,-3.029472658238737282e+01,3.770211419708795120e+01
1.231350322562315647e+01,-3.031410597859161271e+01,3.770211419708795120e+01
1.226587076771116003e+01,-3.033341057775278315e+01,3.770211419708795120e+01
1.221820804498235624e+01,-3.035264033223871394e+01,3.770211419708795120e+01
1.217051517503977465e+01,-3.037179519460188359e+01,3.770211419708795120e+01
1.212279227556083860e+01,-3.039087511757958637e+01,3.770211419708795120e+01
1.207503946429705266e+01,-3.040988005409400330e+01,3.770211419708795120e+01
1.202725685907373432e+01,-3.042880995725234428e+01,3.770211419708795120e+01
1.197944457778970850e+01,-3.044766478034695467e+01,3.770211419708795120e+01
1.193160273841702868e+01,-3.046644447685543255e+01,3.770211419708795120e+01
1.188373145900067662e+01,-3.048514900044074238e+01,3.770211419708795120e+01
1.183583085765827647e+01,-3.050377830495133225e+01,3.770211419708795120e+01
1.178790105257980159e+01,-3.052233234442125109e+01,3.770211419708795120e+01
1.173994216202728147e+01,-3.054081107307024112e+01,3.770211419708795120e+01
1.169195430433450689e+01,-3.055921444530387987e+01,3.770211419708795120e+01
1.164393759790675098e+01,-3.057754241571367970e+01,3.770211419708795120e+01
1.159589216122046196e+01,-3.059579493907719439e+01,3.770211419708795120e+01
1.154781811282297710e+01,-3.061397197035812923e+01,3.770211419708795120e+01
1.149971557133223499e+01,-3.063207346470647607e+01,3.770211419708795120e+01
1.145158465543647353e+01,-3.065009937745859148e+01,3.770211419708795120e+01
1.140342548389394217e+01,-3.066804966413733169e+01,3.770211419708795120e+01
1.135523817553261239e+01,-3.068592428045214149e+01,3.770211419708795120e+01
1.130702284924987389e+01,-3.070372318229919273e+01,3.770211419708795120e+01
1.125877962401225219e+01,-3.072144632576145540e+01,3.770211419708795120e+01
1.121050861885511374e+01,-3.073909366710884328e+01,3.770211419708795120e+01
1.116220995288236040e+01,-3.075666516279828855e+01,3.770211419708795120e+01
1.111388374526614697e+01,-3.077416076947386614e+01,3.770211419708795120e+01
1.106553011524659524e+01,-3.079158044396692517e+01,3.770211419708795120e+01
1.101714918213147421e+01,-3.080892414329613516e+01,3.770211419708795120e+01
1.096874106529592829e+01,-3.082619182466764585e+01,3.770211419708795120e+01
1.092030588418217540e+01,-3.084338344547516542e+01,3.770211419708795120e+01
1.087184375829920846e+01,-3.086049896330009545e+01,3.770211419708795120e+01
1.082335480722250765e+01,-3.087753833591157715e+01,3.770211419708795120e+01
1.077483915059373487e+01,-3.089450152126666183e+01,3.770211419708795120e+01
1.072629690812045666e+01,-3.091138847751037488e+01,3.770211419708795120e+01
1.067772819957582442e+01,-3.092819916297582949e+01,3.770211419708795120e+01
1.062913314479830262e+01,-3.094493353618433318e+01,3.770211419708795120e+01
1.058051186369135621e+01,-3.096159155584548017e+01,3.770211419708795120e+01
1.053186447622316457e+01,-3.097817318085726157e+01,3.770211419708795120e+01
1.048319110242631780e+01,-3.099467837030617190e+01,3.770211419708795120e+01
1.043449186239753246e+01,-3.101110708346729083e+01,3.770211419708795120e+01
1.038576687629733541e+01,-3.102745927980440754e+01,3.770211419708795120e+01
1.033701626434979381e+01,-3.104373491897009885e+01,3.770211419708795120e+01
1.028824014684218824e+01,-3.105993396080584290e+01,3.770211419708795120e+01
1.023943864412474625e+01,-3.107605636534211868e+01,3.770211419708795120e+01
1.019061187661032442e+01,-3.109210209279848769e+01,3.770211419708795120e+01
1.014175996477411346e+01,-3.110807110358372540e+01,3.770211419708795120e+01
1.009288302915335045e+01,-3.112396335829587102e+01,3.770211419708795120e+01
1.004398119034702042e+01,-3.113977881772237311e+01,3.770211419708795120e+01
9.995054569015543677e+00,-3.115551744284015712e+01,3.770211419708795120e+01
9.946103285880495193e+00,-3.117117919481572841e+01,3.770211419708795120e+01
9.897127461724302577e+00,-3.118676403500527172e+01,3.770211419708795120e+01
9.848127217389944121e+00,-3.120227192495474355e+01,3.770211419708795120e+01
9.799102673780650363e+00,-3.121770282639996807e+01,3.770211419708795120e+01
9.750053951859610990e+00,-3.123305670126672950e+01,3.770211419708795120e+01
9.700981172649667528e+00,-3.124833351167086803e+01,3.770211419708795120e+01
9.651884457233025572e+00,-3.126353321991836509e+01,3.770211419708795120e+01
9.602763926750951029e+00,-3.127865578850546413e+01,3.770211419708795120e+01
9.553619702403469915e+00,-3.129370118011872393e+01,3.770211419708795120e+01
9.504451905449073479e+00,-3.130866935763513226e+01,3.770211419708795120e+01
9.455260657204405561e+00,-3.132356028412220894e+01,3.770211419708795120e+01
9.406046079043987262e+00,-3.133837392283806622e+01,3.770211419708795120e+01
9.356808292399900751e+00,-3.135311023723152246e+01,3.770211419708795120e+01
9.307547418761480174e+00,-3.136776919094219096e+01,3.770211419708795120e+01
9.258263579675041655e+00,-3.138235074780056166e+01,3.770211419708795120e+01
9.208956896743554665e+00,-3.139685487182808643e+01,3.770211419708795120e+01
9.159627491626363138e+00,-3.141128152723728206e+01,3.770211419708795120e+01
9.110275486038865722e+00,-3.142563067843181557e+01,3.770211419708795120e+01
9.060901001752235118e+00,-3.143990229000657877e+01,3.770211419708795120e+01
9.011504160593100110e+00,-3.145409632674779132e+01,3.770211419708795120e+01
8.962085084443252470e+00,-3.146821275363307535e+01,3.770211419708795120e+01
8.912643895239359182e+00,-3.148225153583155134e+01,3.770211419708795120e+01
8.863180714972630270e+00,-3.149621263870392696e+01,3.770211419708795120e+01
8.813695665688550562e+00,-3.151009602780255747e+01,3.770211419708795120e+01
8.764188869486559952e+00,-3.152390166887156298e+01,3.770211419708795120e+01
8.714660448519753189e+00,-3.153762952784690654e+01,3.770211419708795120e+01
8.665110524994592112e+00,-3.155127957085645107e+01,3.770211419708795120e+01
8.615539221170582351e+00,-3.156485176422007299e+01,3.770211419708795120e+01
8.565946659359990889e+00,-3.157834607444973329e+01,3.770211419708795120e+01
8.516332961927531642e+00,-3.159176246824957346e+01,3.770211419708795120e+01
8.466698251290074140e+00,-3.160510091251596165e+01,3.770211419708795120e+01
8.417042649916330888e+00,-3.161836137433762062e+01,3.770211419708795120e+01
8.367366280326560712e+00,-3.163154382099567385e+01,3.770211419708795120e+01
8.317669265092270336e+00,-3.164464821996375221e+01,3.770211419708795120e+01
8.267951726835905291e+00,-3.165767453890804717e+01,3.770211419708795120e+01
8.218213788230544381e+00,-3.167062274568741387e+01,3.770211419708795120e+01
8.168455571999610143e+00,-3.168349280835343862e+01,3.770211419708795120e+01
8.118677200916554426e+00,-3.169628469515052416e+01,3.770211419708795120e+01
8.068878797804558189e+00,-3.170899837451595715e+01,3.770211419708795120e+01
8.019060485536233074e+00,-3.172163381508000413e+01,3.770211419708795120e+01
7.969222387033314092e+00,-3.173419098566596475e+01,3.770211419708795120e+01
7.919364625266348767e+00,-3.174666985529026775e+01,3.770211419708795120e+01
7.869487323254412914e+00,-3.175907039316254199e+01,3.770211419708795120e+01
7.819590604064786454e+00,-3.177139256868570527e+01,3.770211419708795120e+01
7.769674590812670978e+00,-3.178363635145600696e+01,3.770211419708795120e+01
7.719739406660860226e+00,-3.179580171126312393e+01,3.770211419708795120e+01
7.669785174819462981e+00,-3.180788861809025292e+01,3.770211419708795120e+01
7.619812018545575327e+00,-3.181989704211413894e+01,3.770211419708795120e+01
7.569820061142996437e+00,-3.183182695370519610e+01,3.770211419708795120e+01
7.519809425961909710e+00,-3.184367832342755733e+01,3.770211419708795120e+01
7.469780236398586126e+00,-3.185545112203914186e+01,3.770211419708795120e+01
7.419732615895080485e+00,-3.186714532049173698e+01,3.770211419708795120e+01
7.369666687938916994e+00,-3.187876088993107615e+01,3.770211419708795120e+01
7.319582576062797941e+00,-3.189029780169688877e+01,3.770211419708795120e+01
7.269480403844291061e+00,-3.190175602732299964e+01,3.770211419708795120e+01
7.219360294905524000e+00,-3.191313553853737872e+01,3.770211419708795120e+01
7.169222372912885888e+00,-3.192443630726219794e+01,3.770211419708795120e+01
7.119066761576714697e+00,-3.193565830561395202e+01,3.770211419708795120e+01
7.068893584650996154e+00,-3.194680150590345846e+01,3.770211419708795120e+01
7.018702965933053761e+00,-3.195786588063599609e+01,3.770211419708795120e+01
6.968495029263250373e+00,-3.196885140251130863e+01,3.770211419708795120e+01
6.918269898524681771e+00,-3.197975804442370773e+01,3.770211419708795120e+01
6.868027697642860474e+00,-3.199058577946215465e+01,3.770211419708795120e+01
6.817768550585428855e+00,-3.200133458091027450e+01,3.770211419708795120e+01
6.767492581361831405e+00,-3.201200442224648413e+01,3.770211419708795120e+01
6.717199914023028740e+00,-3.202259527714399212e+01,3.770211419708795120e+01
6.666890672661172523e+00,-3.203310711947093381e+01,3.770211419708795120e+01
6.616564981409317703e+00,-3.204353992329036771e+01,3.770211419708795120e+01
6.566222964441107202e+00,-3.205389366286039632e+01,3.770211419708795120e+01
6.515864745970459282e+00,-3.206416831263419454e+01,3.770211419708795120e+01
6.465490450251271781e+00,-3.207436384726009493e+01,3.770211419708795120e+01
6.415100201577115691e+00,-3.208448024158160905e+01,3.770211419708795120e+01
6.364694124280918075e+00,-3.209451747063756244e+01,3.770211419708795120e+01
6.314272342734663646e+00,-3.210447550966207331e+01,3.770211419708795120e+01
6.263834981349088338e+00,-3.211435433408467333e+01,3.770211419708795120e+01
6.213382164573365785e+00,-3.212415391953035027e+01,3.770211419708795120e+01
6.162914016894804448e+00,-3.213387424181959773e+01,3.770211419708795120e+01
6.112430662838546525e+00,-3.214351527696849331e+01,3.770211419708795120e+01
6.061932226967244652e+00,-3.215307700118872702e+01,3.770211419708795120e+01
6.011418833880771473e+00,-3.216255939088770788e+01,3.770211419708795120e+01
5.960890608215905218e+00,-3.217196242266857809e+01,3.770211419708795120e+01
5.910347674646016181e+00,-3.218128607333029123e+01,3.770211419708795120e+01
5.859790157880770067e+00,-3.219053031986766200e+01,3.770211419708795120e+01
5.809218182665817132e+00,-3.219969513947143724e+01,3.770211419708795120e+01
5.758631873782471544e+00,-3.220878050952833149e+01,3.770211419708795120e+01
5.708031356047427174e+00,-3.221778640762110513e+01,3.770211419708795120e+01
5.657416754312433405e+00,-3.222671281152858569e+01,3.770211419708795120e+01
5.606788193463982495e+00,-3.223555969922576736e+01,3.770211419708795120e+01
5.556145798423020921e+00,-3.224432704888383938e+01,3.770211419708795120e+01
5.505489694144618085e+00,-3.225301483887022869e+01,3.770211419708795120e+01
5.454820005617682099e+00,-3.226162304774867806e+01,3.770211419708795120e+01
5.404136857864628496e+00,-3.227015165427929588e+01,3.770211419708795120e+01
5.353440375941088902e+00,-3.227860063741858454e+01,3.770211419708795120e+01
5.302730684935591299e+00,-3.228696997631951859e+01,3.770211419708795120e+01
5.252007909969258037e+00,-3.229525965033159451e+01,3.770211419708795120e+01
5.201272176195493202e+00,-3.230346963900085910e+01,3.770211419708795120e+01
5.150523608799677078e+00,-3.231159992206998055e+01,3.770211419708795120e+01
5.099762332998853509e+00,-3.231965047947829817e+01,3.770211419708795120e+01
5.048988474041426144e+00,-3.232762129136185791e+01,3.770211419708795120e+01
4.998202157206845797e+00,-3.233551233805347636e+01,3.770211419708795120e+01
4.947403507805297806e+00,-3.234332360008277618e+01,3.770211419708795120e+01
4.896592651177400057e+00,-3.235105505817625016e+01,3.770211419708795120e+01
4.845769712693893005e+00,-3.235870669325728954e+01,3.770211419708795120e+01
4.794934817755323486e+00,-3.236627848644624805e+01,3.770211419708795120e+01
4.744088091791740069e+00,-3.237377041906048447e+01,3.770211419708795120e+01
4.693229660262387526e+00,-3.238118247261438398e+01,3.770211419708795120e+01
4.642359648655387971e+00,-3.238851462881945764e+01,3.770211419708795120e+01
4.591478182487440662e+00,-3.239576686958432816e+01,3.770211419708795120e+01
4.540585387303501363e+00,-3.240293917701481519e+01,3.770211419708795120e+01
4.489681388676484808e+00,-3.241003153341396370e+01,3.770211419708795120e+01
4.438766312206948506e+00,-3.241704392128209378e+01,3.770211419708795120e+01
4.387840283522780993e+00,-3.242397632331682900e+01,3.770211419708795120e+01
4.336903428278898076e+00,-3.243082872241316039e+01,3.770211419708795120e+01
4.285955872156922197e+00,-3.243760110166346777e+01,3.770211419708795120e+01
4.234997740864887561e+00,-3.244429344435759077e+01,3.770211419708795120e+01
4.184029160136915948e+00,-3.245090573398282885e+01,3.770211419708795120e+01
4.133050255732912959e+00,-3.245743795422401945e+01,3.770211419708795120e+01
4.082061153438259815e+00,-3.246389008896355222e+01,3.770211419708795120e+01
4.031061979063495393e+00,-3.247026212228143294e+01,3.770211419708795120e+01
3.980052858444012909e+00,-3.247655403845529776e+01,3.770211419708795120e+01
3.929033917439749946e+00,-3.248276582196047713e+01,3.770211419708795120e+01
3.878005281934866932e+00,-3.248889745747001001e+01,3.770211419708795120e+01
3.826967077837453157e+00,-3.249494892985467942e+01,3.770211419708795120e+01
3.775919431079202582e+00,-3.250092022418310478e+01,3.770211419708795120e+01
3.724862467615107864e+00,-3.250681132572169219e+01,3.770211419708795120e+01
3.673796313423153048e+00,-3.251262221993474100e+01,3.770211419708795120e+01
3.622721094503994710e+00,-3.251835289248444383e+01,3.770211419708795120e+01
3.571636936880661750e+00,-3.252400332923094339e+01,3.770211419708795120e+01
3.520543966598231655e+00,-3.252957351623233961e+01,3.770211419708795120e+01
3.469442309723531626e+00,-3.253506343974476067e+01,3.770211419708795120e+01
3.418332092344817941e+00,-3.254047308622234880e+01,3.770211419708795120e+01
3.367213440571473981e+00,-3.254580244231735975e+01,3.770211419708795120e+01
3.316086480533690928e+00,-3.255105149488012017e+01,3.770211419708795120e+01
3.264951338382158674e+00,-3.255622023095912709e+01,3.770211419708795120e+01
3.213808140287758519e+00,-3.256130863780102658e+01,3.770211419708795120e+01
3.162657012441246973e+00,-3.256631670285068481e+01,3.770211419708795120e+01
3.111498081052948006e+00,-3.257124441375120938e+01,3.770211419708795120e+01
3.060331472352438187e+00,-3.257609175834395643e+01,3.770211419708795120e+01
3.009157312588239819e+00,-3.258085872466857325e+01,3.770211419708795120e+01
2.957975728027504303e+00,-3.258554530096306223e+01,3.770211419708795120e+01
2.906786844955703053e+00,-3.259015147566375248e+01,3.770211419708795120e+01
2.855590789676317076e+00,-3.259467723740536371e+01,3.770211419708795120e+01
2.804387688510523446e+00,-3.259912257502103472e+01,3.770211419708795120e+01
2.753177667796883998e+00,-3.260348747754233756e+01,3.770211419708795120e+01
2.701960853891035352e+00,-3.260777193419930597e+01,3.770211419708795120e+01
2.650737373165373612e+00,-3.261197593442047094e+01,3.770211419708795120e+01
2.599507352008745720e+00,-3.261609946783287484e+01,3.770211419708795120e+01
2.548270916826135046e+00,-3.262014252426211414e+01,3.770211419708795120e+01
2.497028194038354521e+00,-3.262410509373234646e+01,3.770211419708795120e+01
2.445779310081727331e+00,-3.262798716646633324e+01,3.770211419708795120e+01
2.394524391407779174e+00,-3.263178873288543258e+01,3.770211419708795120e+01
2.343263564482929606e+00,-3.263550978360966326e+01,3.770211419708795120e+01
2.291996955788169643e+00,-3.263915030945771178e+01,3.770211419708795120e+01
2.240724691818763770e+00,-3.264271030144692531e+01,3.770211419708795120e+01
2.189446899083923537e+00,-3.264618975079338981e+01,3.770211419708795120e+01
2.138163704106506469e+00,-3.264958864891190871e+01,3.770211419708795120e+01
2.086875233422698539e+00,-3.265290698741602426e+01,3.770211419708795120e+01
2.035581613581701976e+00,-3.265614475811808859e+01,3.770211419708795120e+01
1.984282971145424401e+00,-3.265930195302922101e+01,3.770211419708795120e+01
1.932979432688167964e+00,-3.266237856435933651e+01,3.770211419708795120e+01
1.881671124796314043e+00,-3.266537458451721676e+01,3.770211419708795120e+01
1.830358174068010602e+00,-3.266829000611048173e+01,3.770211419708795120e+01
1.779040707112863107e+00,-3.267112482194561807e+01,3.770211419708795120e+01
1.727718850551619667e+00,-3.267387902502799335e+01,3.770211419708795120e+01
1.676392731015860171e+00,-3.267655260856189159e+01,3.770211419708795120e+01
1.625062475147680985e+00,-3.267914556595050612e+01,3.770211419708795120e+01
1.573728209599388084e+00,-3.268165789079597516e+01,3.770211419708795120e+01
1.522390061033179087e+00,-3.268408957689938887e+01,3.770211419708795120e+01
1.471048156120829287e+00,-3.268644061826079650e+01,3.770211419708795120e+01
1.419702621543387444e+00,-3.268871100907924188e+01,3.770211419708795120e+01
1.368353583990854716e+00,-3.269090074375276345e+01,3.770211419708795120e+01
1.317001170161878232e+00,-3.269300981687840846e+01,3.770211419708795120e+01
1.265645506763433570e+00,-3.269503822325224718e+01,3.770211419708795120e+01
1.214286720510513895e+00,-3.269698595786938000e+01,3.770211419708795120e+01
1.162924938125820873e+00,-3.269885301592398008e+01,3.770211419708795120e+01
1.111560286339446257e+00,-3.270063939280925780e+01,3.770211419708795120e+01
1.060192891888561473e+00,-3.270234508411751051e+01,3.770211419708795120e+01
1.008822881517106751e+00,-3.270397008564011543e+01,3.770211419708795120e+01
9.574503819754767164e-01,-3.270551439336752964e+01,3.770211419708795120e+01
9.060755200202059712e-01,-3.270697800348933981e+01,3.770211419708795120e+01
8.546984224136595643e-01,-3.270836091239423382e+01,3.770211419708795120e+01
8.033192159237194652e-01,-3.270966311667002202e+01,3.770211419708795120e+01
7.519380273234688161e-01,-3.271088461310364437e+01,3.770211419708795120e+01
7.005549833908846225e-01,-3.271202539868116332e+01,3.770211419708795120e+01
6.491702109085193406e-01,-3.271308547058782779e+01,3.770211419708795120e+01
5.977838366631895717e-01,-3.271406482620800915e+01,3.770211419708795120e+01
5.463959874456674193e-01,-3.271496346312522974e+01,3.770211419708795120e+01
4.950067900503616336e-01,-3.271578137912221251e+01,3.770211419708795120e+01
4.436163712750089694e-01,-3.271651857218081716e+01,3.770211419708795120e+01
3.922248579203584384e-01,-3.271717504048210401e+01,3.770211419708795120e+01
3.408323767898608914e-01,-3.271775078240629142e+01,3.770211419708795120e+01
2.894390546893550464e-01,-3.271824579653279841e+01,3.770211419708795120e+01
2.380450184267535185e-01,-3.271866008164023043e+01,3.770211419708795120e+01
1.866503948117332889e-01,-3.271899363670637229e+01,3.770211419708795120e+01
1.352553106554177376e-01,-3.271924646090821653e+01,3.770211419708795120e+01
8.385989277006800080e-02,-3.271941855362194929e+01,3.770211419708795120e+01
3.246426796876944465e-02,-3.271950991442294310e+01,3.770211419708795120e+01
-1.893143693488275048e-02,-3.271952054308576407e+01,3.770211419708795120e+01
-7.032709512709667266e-02,-3.271945043958420030e+01,3.770211419708795120e+01
-1.217225797941940968e-01,-3.271929960409121918e+01,3.770211419708795120e+01
-1.731177641229257880e-01,-3.271906803697900301e+01,3.770211419708795120e+01
-2.245125213007841403e-01,-3.271875573881889920e+01,3.770211419708795120e+01
-2.759067245163140392e-01,-3.271836271038149846e+01,3.770211419708795120e+01
-3.273002469594286090e-01,-3.271788895263653529e+01,3.770211419708795120e+01
-3.786929618217196314e-01,-3.271733446675297330e+01,3.770211419708795120e+01
-4.300847422967719602e-01,-3.271669925409895541e+01,3.770211419708795120e+01
-4.814754615804757165e-01,-3.271598331624179679e+01,3.770211419708795120e+01
-5.328649928713411477e-01,-3.271518665494800615e+01,3.770211419708795120e+01
-5.842532093708063812e-01,-3.271430927218325735e+01,3.770211419708795120e+01
-6.356399842835558367e-01,-3.271335117011241778e+01,3.770211419708795120e+01
-6.870251908178324207e-01,-3.271231235109951285e+01,3.770211419708795120e+01
-7.384087021857452804e-01,-3.271119281770770471e+01,3.770211419708795120e+01
-7.897903916035891037e-01,-3.270999257269934901e+01,3.770211419708795120e+01
-8.411701322921509849e-01,-3.270871161903591684e+01,3.770211419708795120e+01
-8.925477974770315015e-01,-3.270734995987804439e+01,3.770211419708795120e+01
-9.439232603889458062e-01,-3.270590759858549745e+01,3.770211419708795120e+01
-9.952963942640487005e-01,-3.270438453871714302e+01,3.770211419708795120e+01
-1.046667072344238392e+00,-3.270278078403098476e+01,3.770211419708795120e+01
-1.098035167877472240e+00,-3.270109633848412756e+01,3.770211419708795120e+01
-1.149400554118082063e+00,-3.269933120623277745e+01,3.770211419708795120e+01
-1.200763104327083219e+00,-3.269748539163221324e+01,3.770211419708795120e+01
-1.252122691772489027e+00,-3.269555889923682201e+01,3.770211419708795120e+01
-1.303479189729622512e+00,-3.269355173380000679e+01,3.770211419708795120e+01
-1.354832471481430378e+00,-3.269146390027425753e+01,3.770211419708795120e+01
-1.406182410318794762e+00,-3.268929540381110144e+01,3.770211419708795120e+01
-1.457528879540846312e+00,-3.268704624976108875e+01,3.770211419708795120e+01
-1.508871752455276383e+00,-3.268471644367376427e+01,3.770211419708795120e+01
-1.560210902378649678e+00,-3.268230599129771718e+01,3.770211419708795120e+01
-1.611546202636716885e+00,-3.267981489858048150e+01,3.770211419708795120e+01
-1.662877526564728869e+00,-3.267724317166859294e+01,3.770211419708795120e+01
-1.714204747507745541e+00,-3.267459081690752498e+01,3.770211419708795120e+01
-1.765527738820951820e+00,-3.267185784084170308e+01,3.770211419708795120e+01
-1.816846373869968057e+00,-3.266904425021446912e+01,3.770211419708795120e+01
-1.868160526031164670e+00,-3.266615005196808852e+01,3.770211419708795120e+01
-1.919470068691971454e+00,-3.266317525324369342e+01,3.770211419708795120e+01
-1.970774875251192881e+00,-3.266011986138131107e+01,3.770211419708795120e+01
-2.022074819119318079e+00,-3.265698388391982832e+01,3.770211419708795120e+01
-2.073369773718836573e+00,-3.265376732859693476e+01,3.770211419708795120e+01
-2.124659612484545157e+00,-3.265047020334917960e+01,3.770211419708795120e+01
-2.175944208863866081e+00,-3.264709251631188636e+01,3.770211419708795120e+01
-2.227223436317156136e+00,-3.264363427581915289e+01,3.770211419708795120e+01
-2.278497168318018851e+00,-3.264009549040385849e+01,3.770211419708795120e+01
-2.329765278353617575e+00,-3.263647616879759283e+01,3.770211419708795120e+01
-2.381027639924987227e+00,-3.263277631993068439e+01,3.770211419708795120e+01
-2.432284126547345160e+00,-3.262899595293212940e+01,3.770211419708795120e+01
-2.483534611750408683e+00,-3.262513507712962024e+01,3.770211419708795120e+01
-2.534778969078697930e+00,-3.262119370204947444e+01,3.770211419708795120e+01
-2.586017072091855162e+00,-3.261717183741664172e+01,3.770211419708795120e+01
-2.637248794364956961e+00,-3.261306949315468273e+01,3.770211419708795120e+01
-2.688474009488818872e+00,-3.260888667938571217e+01,3.770211419708795120e+01
-2.739692591070316041e+00,-3.260462340643041301e+01,3.770211419708795120e+01
-2.790904412732689188e+00,-3.260027968480799387e+01,3.770211419708795120e+01
-2.842109348115859468e+00,-3.259585552523615348e+01,3.770211419708795120e+01
-2.893307270876738890e+00,-3.259135093863105226e+01,3.770211419708795120e+01
-2.944498054689542954e+00,-3.258676593610732652e+01,3.770211419708795120e+01
-2.995681573246100626e+00,-3.258210052897801035e+01,3.770211419708795120e+01
-3.046857700256169199e+00,-3.257735472875453553e+01,3.770211419708795120e+01
-3.098026309447740712e+00,-3.257252854714668189e+01,3.770211419708795120e+01
