gps_lat (deg),gps_lon (deg),gps_alt (m),gps_vN (m/s),gps_vE (m/s),gps_vD (m/s)
3.200000877611321926e+01,1.199999722150057124e+02,1.721712998828969443e+00,9.980383853837439645e+00,-5.246825525677326074e-02,-2.501236702594530729e-03
3.199997067439996457e+01,1.199999600335597449e+02,1.098580526493062592e+00,9.974089305295043673e+00,6.164723171668703983e-02,-3.042294089286455908e-02
3.200004090430590509e+01,1.200000663636319302e+02,8.215347134613685043e+00,1.004233980238812940e+01,-6.573721149514262507e-02,7.405641485752918751e-02
3.200004413847147333e+01,1.200000380248661997e+02,1.507422768428735571e+00,1.004977980334861165e+01,-8.601431749812484331e-03,2.662376426580176023e-02
3.200003476733156305e+01,1.200000505672282998e+02,-1.016190715543555356e+01,9.964069535983146153e+00,1.844645709535163922e-02,-2.749859907973755888e-02
3.200001665318625044e+01,1.200000094649362268e+02,-5.077043595127594067e+00,9.960477454791252683e+00,-2.103705263312751969e-02,-4.328331995156167733e-02
3.200006128275465045e+01,1.199999685342383913e+02,2.115696847072393361e+00,9.968653571771506350e+00,-8.413406285302987841e-02,-2.885126770811322766e-02
3.200007520321920396e+01,1.199999490092950936e+02,3.953074252397480226e+00,1.003182287799676686e+01,-1.304025679590754272e-01,-2.302503320216839171e-03
3.200007813256129907e+01,1.200000189127272279e+02,-1.450627637213380439e+01,9.984121856878212853e+00,-2.854133884367924395e-02,-3.622781756720718643e-02
3.200014342800000833e+01,1.200001298132150964e+02,-4.248834326939184614e+00,1.010422287100493399e+01,5.954293850467173854e-02,3.373776013553814960e-03
3.200007062469990871e+01,1.199999747730163193e+02,1.719233309429903045e+01,9.989145996550970352e+00,1.273686692555607292e-01,5.209103943959268040e-02
3.200006446166151619e+01,1.199999692228611252e+02,6.672036899955060996e+00,1.001902084232650836e+01,2.252314702515145761e-02,-9.424555013124952252e-02
3.200015097323096569e+01,1.200000149074798230e+02,3.952537920607941402e+00,9.972378565638235770e+00,6.769034741642904196e-02,6.833941611384976300e-02
3.200017381037017117e+01,1.199999068945419509e+02,6.465583187189789527e+00,9.954315528500794485e+00,-3.807831684775825343e-02,-2.273983895871643790e-02
3.200014187150797085e+01,1.200000552589732337e+02,2.972357449343202340e+00,1.004495999316867483e+01,8.112819359437027297e-03,9.073255554600317616e-03
3.200014901970081382e+01,1.199999938028157516e+02,-1.913910336163932691e+00,1.002326739381093113e+01,3.586739645371763568e-02,8.464128563468141520e-02
3.200013213211248342e+01,1.199999637940157839e+02,1.718465105616815647e+00,1.003718939787866482e+01,-4.441959764935441042e-03,4.386333449490101288e-02
3.200012617420939165e+01,1.199999953133927164e+02,-1.795270444879462635e-01,9.939000345991926721e+00,6.898567299304961264e-02,2.354273365523785674e-02
3.200010287667299735e+01,1.200000459327532525e+02,-1.151028076717116910e+01,1.002826027145330201e+01,-8.030468602044667226e-02,1.968167540728214815e-02
3.200012771738678907e+01,1.199999304075002726e+02,-1.569142090817921087e+01,1.011418745640348682e+01,-3.828398722809919340e-03,4.738918437158091274e-02
3.200015753306114163e+01,1.200000174628742968e+02,2.248866809342957129e+00,9.963956222317047917e+00,5.971620758327250006e-02,8.360479829152438203e-02
3.200018008526618019e+01,1.199999806680668968e+02,-4.271108688842166323e+00,1.004225311720171021e+01,-1.893259188190649089e-02,-3.978620625252912713e-02
3.200022970504763009e+01,1.200000565012423692e+02,-1.132639226745037675e+01,9.905652001703462162e+00,-5.540129451027595714e-02,-1.597878625137359905e-03
3.200018905573195838e+01,1.199999724154607748e+02,-5.198434442364802344e+00,9.997625024914713165e+00,-1.181243759795656476e-02,-5.653202554583032502e-02
3.200015899996338931e+01,1.200001017690790945e+02,-2.408561555403736421e+01,1.001816109772584973e+01,-3.305017970526354792e-02,9.308330257401596641e-02
3.200022145809724350e+01,1.200000743628820601e+02,-7.184483879270295859e+00,1.005965862651468790e+01,-3.503797433547764517e-02,6.949211512230030197e-02
3.200021405668988450e+01,1.200000353346327557e+02,1.091455552168808296e+01,9.957332546015079444e+00,-1.704743176712262762e-02,1.929703862435791853e-02
3.200027879034799838e+01,1.200000174628517584e+02,8.530052376282556637e+00,9.907415544225461446e+00,-8.472566738694528587e-02,-6.866750628617146468e-02
3.200022988992032680e+01,1.199999343252726618e+02,4.446073750864250940e+00,9.949946943058385784e+00,6.403189123767104958e-04,1.883697397666802414e-02
3.200017369738444017e+01,1.200000242958366528e+02,5.181612685919819938e+00,1.001353430350405738e+01,4.867410737248704239e-02,-4.342607552470630072e-02
3.200024985942144440e+01,1.200000358027853053e+02,-5.276184467902707453e+00,1.000816908933548355e+01,7.106771711649631507e-02,-8.284979621758910284e-02
3.200024976497389417e+01,1.200000214146095487e+02,4.757299542568415696e+00,1.001521583871958399e+01,5.190629422578205143e-02,-3.593490661265493630e-02
3.200029924379398238e+01,1.199999981400785032e+02,-7.291516157748587190e+00,9.963726402126090065e+00,6.531487484029499524e-04,-8.983879427715114885e-02
3.200038786323369777e+01,1.200000168492950507e+02,1.676014819942306389e+00,9.999120146887477745e+00,5.094269588440039631e-02,-4.187697877774620298e-02
3.200033381778567332e+01,1.199999364804222211e+02,2.779796605204976512e+00,1.001088513870599961e+01,5.896111997474673405e-02,-4.323073004681163983e-02
3.200033828129861746e+01,1.199999684417407622e+02,-6.750090136388921636e+00,1.002034944290644347e+01,4.037053468246961513e-02,9.623135803296908874e-02
3.200035572870209677e+01,1.200000491730505985e+02,5.719367550028250591e+00,9.912034363625810585e+00,4.026058667816977132e-02,-3.267408522870426935e-02
3.200019884457073971e+01,1.200000126032892069e+02,3.220724836257266455e-03,9.981829058597446291e+00,-3.336249119847103234e-02,2.086121654959013916e-02
3.200035091195614712e+01,1.199999590228782154e+02,-3.331440888107500164e+00,9.917756521467344655e+00,-3.538448795897718852e-02,-2.291375021579622126e-02
3.200038208711650611e+01,1.200000561428154384e+02,7.803938951913072408e+00,9.986748308258123430e+00,-7.321422219416830190e-02,1.282209483476542261e-02
3.200041588858373132e+01,1.200000251313949065e+02,-4.117748792134213076e+00,9.886793790556264838e+00,3.029407781192444086e-03,-3.243622724453842227e-02
3.200030212494900184e+01,1.199999436859005613e+02,1.040692525803318347e+01,1.004450534127076011e+01,6.699902656453164684e-02,4.348337111058706711e-02
3.200040958676141400e+01,1.200000622206005545e+02,-1.017489789679739864e+01,1.003572348502480693e+01,-7.250013242578484673e-03,-3.128736286905332842e-02
3.200033987286854398e+01,1.199999737737658592e+02,-1.315481063581049437e+00,9.902116688760211005e+00,3.200164958195289566e-02,-1.149015492203278414e-02
3.200043056853417056e+01,1.199999550384016231e+02,-6.477724532012217651e+00,9.991192581812347484e+00,-3.314481025560094690e-02,-3.278676259919963837e-02
3.200037456559412874e+01,1.199999890535006699e+02,-7.779652542745207899e-01,1.000184918469595274e+01,-8.841937710205152734e-03,-1.104539713147652674e-01
3.200046038390191683e+01,1.200000540944181040e+02,-1.287718639639225771e+01,1.005952939979377625e+01,-1.032179722661554985e-02,-1.751061066486354553e-02
3.200039965534053721e+01,1.200000166290483747e+02,-3.620665097988903902e+00,1.000369850892406198e+01,-1.323447361805696332e-02,-2.508539325473492856e-02
3.200046120942439387e+01,1.199999773662891869e+02,2.732240748414912268e+00,1.005049455231495514e+01,7.481551932918904801e-02,9.260177920940304563e-02
3.200041022666462709e+01,1.199999713903448537e+02,-1.683970860194377250e+00,9.984076317271393108e+00,1.537057852793773660e-01,1.815245198670707022e-02
3.200050378767326720e+01,1.200000154797469349e+02,-1.283862192008757930e+01,9.946039473927841712e+00,-3.698607242007299900e-02,2.223318176870356377e-02
3.200050506890737267e+01,1.200000289297309166e+02,7.181778812688333957e+00,1.002701381773339762e+01,-5.840095836663385109e-02,8.588418512496089063e-02
3.200040306277470137e+01,1.199999670326944425e+02,5.971893064299422349e+00,1.001600891493388623e+01,3.386454575177599846e-02,3.324352480411307126e-02
3.200057688718891313e+01,1.200000108508919965e+02,-5.144575879685015174e+00,1.000225896550738014e+01,4.422587921147197454e-02,4.745634172059638028e-02
3.200049268391762070e+01,1.199999730655890033e+02,-1.461984321129319930e+01,1.004326201536868979e+01,-8.992408078016057849e-02,6.785298432742595254e-02
3.200052078366036312e+01,1.199999948691631033e+02,6.648842692057162829e+00,9.961600921397911534e+00,5.135820892878271288e-02,1.244966808626387332e-02
3.200051996930612574e+01,1.200000053844820798e+02,5.943504794031826410e-01,1.006867396242197721e+01,-4.580652672031910316e-03,-2.342090381803182617e-02
3.200052701823582879e+01,1.199999983368745688e+02,-4.518521751392587937e+00,1.004247418302940886e+01,-6.537177699682629245e-04,3.932897657818881093e-02
3.200056120467708354e+01,1.199999649029807784e+02,-4.213925637276517477e+00,1.001982096766323593e+01,-3.109850656998970251e-04,2.503343179324005185e-02
3.200056777528248375e+01,1.200000169820231832e+02,-9.656152619956090533e+00,9.989074981026902833e+00,2.555628386714588543e-02,-5.874623804728883875e-02
3.200057140162635960e+01,1.200000119070050175e+02,-1.502001591422039084e+01,9.990827709422898550e+00,-1.081597471874387768e-02,-6.651223513144452655e-03
3.200051207371929252e+01,1.200000807375422625e+02,-1.108267864705213990e+00,1.001244060902148547e+01,9.235555180182829921e-03,-1.673684003120392422e-02
3.200047724599182430e+01,1.200000115280087840e+02,-6.234331427591312647e+00,1.002558470270652080e+01,2.050215760550735608e-02,-2.920930953856855881e-03
3.200056824230912866e+01,1.199999485656178706e+02,1.234956488972768263e+01,9.959833259871613720e+00,1.158262010081422266e-01,9.740713299354107277e-03
3.200055586284953790e+01,1.199999332666119898e+02,1.008949174805513138e+01,9.851508244260742231e+00,7.026864669423052434e-02,8.871941541940752199e-03
3.200057612105018734e+01,1.200000026908786879e+02,1.252004255914016539e+01,1.001728917235230654e+01,6.458458540038029827e-02,3.001907593475570957e-02
3.200060378149152029e+01,1.199999618861201043e+02,2.690351924711419596e+00,9.889136937653672632e+00,-5.542798828398775440e-02,4.049208397091925982e-02
3.200066199808090772e+01,1.199999198896283019e+02,4.551715906345435769e+00,9.962852538732153818e+00,-2.976677902918821797e-02,-5.029419702623847809e-04
3.200058614773470822e+01,1.199999826469254600e+02,-2.094405560356207840e-01,1.006727913555773668e+01,9.049909165737243452e-03,-1.028262414096128841e-02
3.200066350249210245e+01,1.199999755720132129e+02,-4.598087224451476551e+00,1.008516154730427772e+01,6.115812078447055433e-02,-3.466596596010136644e-02
3.200057559337478352e+01,1.200000151579944543e+02,-3.691990255345304117e+00,9.984365402253368771e+00,-6.734869042062340688e-03,1.322079256906157942e-02
3.200064359788191837e+01,1.200000283375362926e+02,1.728468720288192317e+00,9.952651376684658047e+00,-4.131674504230635654e-03,1.611245124557496994e-02
3.200067960359395869e+01,1.200000409695447132e+02,-9.783230480012914398e+00,9.928298202431822261e+00,1.139470840043518146e-02,-1.008795138551943915e-01
3.200069903698199170e+01,1.200000043423930833e+02,2.377686362818861809e+00,9.963837454933868187e+00,5.481727470593383139e-02,6.683751319240062438e-02
3.200072014377769847e+01,1.200000172036940000e+02,-9.999492812453274482e+00,1.004774208168972116e+01,1.238315329564634859e-01,-3.968343162722019063e-02
3.200073036687240347e+01,1.199998799952933126e+02,1.510427951884935727e+00,1.004990837852180086e+01,-2.405308663226492574e-02,-5.582926976555735443e-02
3.200068299865047550e+01,1.200000339801364362e+02,-5.734642716460729872e+00,1.004011313218246215e+01,-1.169059905107386332e-02,9.190690757547710643e-02
3.200070091262958982e+01,1.200000643914612652e+02,-1.222076433551648300e+01,1.000953613414893084e+01,6.721001350865568602e-02,-9.192809512265287183e-03
3.200063642445179113e+01,1.200000333275836653e+02,8.170822479459653565e+00,1.002588607042560653e+01,3.276355432903386988e-02,6.279219595020182898e-02
3.200072414747961602e+01,1.200000535694034483e+02,1.126782188076701985e+01,1.001465567871367668e+01,-7.731852912306824699e-02,1.232425896757545491e-02
3.200067545028120009e+01,1.200000348932210272e+02,-2.022208690536296594e+00,1.006172183657381503e+01,1.337942908683058957e-02,-1.579544312163208911e-02
3.200070869423066711e+01,1.199999668987497472e+02,-6.451201804785964278e+00,1.002864013883206162e+01,-7.009481890414835659e-02,2.808922842284716434e-02
3.200077286792942033e+01,1.199999945541208035e+02,-1.061217343724000273e+01,1.001836242814275657e+01,-3.214533391442463833e-02,-1.033608380638295632e-01
3.200075839460567551e+01,1.200000125496105738e+02,-1.079756416575131084e+01,1.006173727294031117e+01,-1.939886674155339927e-02,-1.279016889879372454e-02
3.200070122200195755e+01,1.200000067296950590e+02,2.499598679455378392e+00,9.964620058204335606e+00,3.710803059287429845e-02,-7.067164782343858531e-02
3.200077557075351820e+01,1.200000269767512151e+02,1.111476115866040182e+01,1.001539106808654367e+01,3.159296298835689853e-02,-2.164593620575250288e-02
3.200078259887536802e+01,1.200000275820127200e+02,1.033977164379496472e+01,1.003230739697721674e+01,4.931229249864705483e-02,-5.343742862325611374e-03
3.200071039557742836e+01,1.200000286767787543e+02,1.172508898115009046e+01,9.970570571354384626e+00,-6.055592054373329369e-02,5.562182158754250955e-02
3.200090177645156331e+01,1.200000187806926277e+02,3.886823581913007253e+00,9.976249798626769305e+00,6.674635151386770771e-02,-8.129011430773111502e-02
3.200074197114994945e+01,1.199998961009887495e+02,1.085628768546977163e+01,1.006127371882326216e+01,1.494590649071567828e-02,-1.785700428085265287e-02
3.200075175895744906e+01,1.199999833939829159e+02,-6.045560189439211918e-01,1.005229399027899895e+01,-1.654357442213490875e-02,-3.929873452685801044e-02
3.200085239993245523e+01,1.199999346428306950e+02,8.877536985884209031e+00,9.958345079980022163e+00,4.690702753038396983e-03,-3.528452532453413976e-02
3.200087939390830627e+01,1.200000325507790393e+02,-6.605911057558397914e+00,1.008724224261361080e+01,6.495110808239216993e-03,3.447702299997668779e-02
3.200094834747756067e+01,1.199999996295492082e+02,3.749897975257665994e+00,9.984229575596737405e+00,4.328553119752336087e-02,2.524455110735089949e-02
3.200083435591964331e+01,1.200000473904006668e+02,1.652962594801457019e+00,1.006918173725591359e+01,8.895008152910621746e-02,-1.548417622075644318e-01
3.200088415148859156e+01,1.199999684543748941e+02,7.894290720604593581e+00,1.004669656813526757e+01,-3.578819767772138671e-02,2.535732132423825988e-02
3.200086165600323085e+01,1.200000110265610260e+02,-1.135142783475803796e+01,1.018208359529562479e+01,5.437746011648299238e-02,-4.274279201802976685e-02
3.200089216293153527e+01,1.200000866119395084e+02,1.738001512531610171e+00,9.933376895735094081e+00,2.921609437020838626e-02,-2.217618860128796679e-02
3.200087949142584165e+01,1.199998442220752963e+02,4.128769404839826684e+00,9.994617248964427603e+00,3.279012762820736684e-03,2.836275841076059401e-02
3.200089332426136934e+01,1.200000516804586681e+02,-1.056609736061840188e+01,1.007311551336757027e+01,2.707380953182007138e-02,-1.376838027539241741e-02
3.200085658882027673e+01,1.199999371506732331e+02,3.289643415801788873e+00,9.992126530091598013e+00,-1.489104149303258767e-03,1.121090761137172598e-01
3.200088823161430440e+01,1.199999410086245035e+02,-5.205408874261677532e+00,1.002081950174180314e+01,-3.018814018924863285e-03,-5.089398371802908438e-02
3.200092620471781402e+01,1.199999563832675733e+02,-6.337807235825497543e+00,1.018185501726913067e+01,-4.741942241595065166e-02,-6.774378466493380380e-02
3.200090238873016801e+01,1.199999864242280125e+02,-9.720180758785993191e+00,1.022726677756580216e+01,8.627560319515306664e-02,1.071494035314413812e-02
3.200093230441485304e+01,1.200000137073372883e+02,4.447866804044427802e+00,1.028124268792841001e+01,-2.992886126850911876e-02,-5.859763244778867786e-03
3.200098117065942205e+01,1.200000771794558716e+02,8.471125934424852955e-02,1.035127099916215165e+01,5.329182208767715978e-02,-1.848839008136382925e-02
3.200102901861225746e+01,1.200000233261810791e+02,2.558030162187342693e+00,1.047766943226409353e+01,1.269329963649687143e-01,2.239547450881960999e-02
3.200099521251460288e+01,1.199999940606744389e+02,1.664229637132578876e+00,1.068134327776049552e+01,-3.886728168885562190e-02,1.008861221142275388e-01
3.200094805663542274e+01,1.199999652822327363e+02,4.119267201104702125e-01,1.070522202930456324e+01,5.606226126866456494e-02,-2.281955988614693329e-02
3.200096440312120905e+01,1.200000709629213844e+02,1.445204643826248869e+01,1.075349004267289565e+01,-7.237015763810443481e-02,1.754437151949991489e-02
3.200092765285663177e+01,1.200000796551050541e+02,-5.678290968540739669e+00,1.091960405057805339e+01,-8.092415106076884801e-02,-5.959297230538551648e-02
3.200102611965687771e+01,1.200001224666925737e+02,-3.101539096459173805e+00,1.106121784528649421e+01,-1.631051515731636245e-02,-1.254108440864922999e-03
3.200097169713519918e+01,1.200000776308349941e+02,-8.282544318918255044e+00,1.104768340133854920e+01,-4.190401756656221902e-03,1.978101496786802355e-04
3.200102369358355503e+01,1.199998643972881638e+02,-2.282443110623349369e+00,1.124753412759806181e+01,-2.828992366112688742e-02,1.576577291600040481e-02
3.200098267488871073e+01,1.200000383983388588e+02,-1.572523879616736053e+01,1.133084666399582119e+01,-6.528855265507389587e-04,1.759019281390851799e-02
3.200116602250165698e+01,1.199998648519322444e+02,-6.393463106019930287e+00,1.141803616303012348e+01,-7.093021581579964097e-02,-2.438111612040479159e-02
3.200104450130424993e+01,1.199999426610174424e+02,-6.783423315989835167e+00,1.148495073174447079e+01,5.446733142256281884e-03,-5.477678332979268178e-02
3.200101891486733763e+01,1.200000364446264598e+02,1.140050747349761551e+01,1.164543164341185388e+01,-1.435688490164884479e-01,1.790500516982347981e-02
3.200110473613850814e+01,1.200000300145366765e+02,-1.300581008712921971e+01,1.169120331069039409e+01,-4.459912786812926522e-02,2.352900254079793446e-02
3.200107932189533244e+01,1.199999494067470067e+02,4.830509596273259376e+00,1.179704347969934375e+01,6.732541122733586014e-02,2.300623957864637772e-03
3.200118677100110887e+01,1.200000586091829717e+02,6.700381870642916127e+00,1.192651665961105145e+01,-8.051278085333109236e-02,1.184909761778769055e-01
3.200105636839148815e+01,1.199998662353712433e+02,4.816061420178607833e-01,1.197953688196190747e+01,1.067481238972295757e-02,-3.971910747281758719e-02
3.200114614076038322e+01,1.199999500940304245e+02,-1.151725545163571773e+01,1.214457045687908732e+01,6.546938031666950375e-02,-4.573230357678528812e-02
3.200117881976292722e+01,1.200000821684146359e+02,-6.287955327063053268e+00,1.222083698817189124e+01,-3.565592310411780375e-02,-5.900325754854779392e-02
3.200124698197777917e+01,1.200000822901436948e+02,-3.535736683546970127e+00,1.228411919672642938e+01,-3.634543513606156712e-02,4.068640088459063095e-03
3.200124023616828595e+01,1.199999669112550293e+02,2.879807997498349259e+00,1.229879200266207384e+01,-1.090233189203445446e-02,-7.495884323994302101e-02
3.200116245079257737e+01,1.200000027988470208e+02,-1.889057674983386503e+00,1.246519207324943146e+01,7.845020016703823512e-03,-7.572881508491511107e-03
3.200125728977510420e+01,1.200000208200962533e+02,4.859471570843565402e+00,1.256955064700382962e+01,-8.913686517623289896e-02,7.278021755258450021e-02
3.200113354593423054e+01,1.200000893248318476e+02,-6.723867415954691840e-01,1.277479855055006830e+01,1.020254222209640571e-02,-5.779704278268656126e-02
3.200122239233294863e+01,1.200000162529544525e+02,1.502102583025443305e+00,1.288954273203204792e+01,8.786279735799161494e-02,6.648192884968877336e-02
3.200119143544218758e+01,1.200001237546040755e+02,-1.168822805645465923e+00,1.289936123508803867e+01,3.838079196501903434e-02,-1.150449690394451420e-02
3.200125621904967943e+01,1.200000392910604887e+02,1.789840116475668452e+01,1.301084455269558582e+01,-1.332240007329482667e-02,-4.893696034383328980e-02
3.200119476200199387e+01,1.200001099535982263e+02,1.188924770434593903e+01,1.308934229228388979e+01,-9.317580025997147797e-02,-8.127289318931448306e-03
3.200114619433107777e+01,1.199999914455494832e+02,-5.327144685213012210e+00,1.324713206281930411e+01,-5.638103351881140757e-02,1.224275016095936058e-02
3.200120498967451965e+01,1.200000022387594072e+02,-6.517973388769224385e+00,1.331941535046365566e+01,-3.074853789021966474e-02,-6.741632415667568601e-02
3.200123130164074325e+01,1.200000338634866921e+02,-6.120253188480569762e+00,1.342664641720286767e+01,9.846582456156510732e-02,-6.265575618120119115e-03
3.200122842730694117e+01,1.199999504283623111e+02,-1.023630123080176091e+00,1.357715962388641984e+01,-8.403889563047986511e-02,6.055945891573075168e-02
3.200128643807628492e+01,1.199999543449031023e+02,-9.805943272317048098e+00,1.357809257667973313e+01,-4.637696334353455518e-02,-5.683228219546648460e-03
3.200129698318555427e+01,1.200000011542470730e+02,-1.422576539150496533e+00,1.375534373177094949e+01,1.767066820149823178e-02,4.104069380921091664e-02
3.200132222302654128e+01,1.199999682818679219e+02,-2.118700815816172006e-02,1.371895189224875544e+01,-1.479789102897370069e-02,-5.492359410606421216e-02
3.200120398962235413e+01,1.199999797644890975e+02,6.424621080799393980e+00,1.396241443733745058e+01,-7.033707148405596993e-03,-7.231808292068019235e-03
3.200144497284725986e+01,1.200000971079968224e+02,-1.454721305349958449e+01,1.401228967984936880e+01,-4.203369022851997927e-02,1.037417685922470412e-02
3.200123345110843331e+01,1.200000443580704683e+02,1.995762183268029233e+00,1.410517987852544941e+01,-2.514244487307611478e-02,1.270710367929101837e-02
3.200134375973742351e+01,1.199999319792722048e+02,-4.035845795133353953e+00,1.420612134609892152e+01,-5.971295649341151063e-02,-1.708527804920932647e-02
3.200129538398733331e+01,1.200000654071227473e+02,1.151518956188898990e+00,1.429351259285801312e+01,4.120170049426857828e-03,1.161737628433641423e-01
3.200139112133143016e+01,1.200000609427259235e+02,7.018263611503178012e+00,1.448922416369614119e+01,2.639811694847606430e-02,-6.213849489226671782e-03
3.200135132279260120e+01,1.199999024960927301e+02,8.351206087796779753e-01,1.453780117388435045e+01,-7.087106983973599783e-02,6.054941178707307081e-02
3.200149322579184741e+01,1.200000435822899476e+02,-1.016835099057623282e+01,1.461691602933746204e+01,1.051994659178629860e-01,3.674159992061762359e-02
3.200151357102969030e+01,1.199999697085900010e+02,-5.776332364457869240e+00,1.469372400005214274e+01,2.477089333572762841e-02,-1.559294422862045164e-02
3.200146331441391112e+01,1.199999311180073249e+02,-3.652469120428146088e+00,1.484072956469278282e+01,-5.699742808747332301e-02,7.657374734145214190e-02
3.200146086977997584e+01,1.200000188678797031e+02,3.599753985656192867e+00,1.491789445201506403e+01,-5.487589888214620092e-03,2.949728837116329105e-02
3.200142668857429840e+01,1.199999290546327018e+02,-9.136131617664585036e+00,1.503157074473292454e+01,3.569879459443857372e-02,-2.429108281742209038e-02
3.200150958623093089e+01,1.199999772796699347e+02,3.422529694012415469e+00,1.516432578717414614e+01,8.058456482868041337e-02,6.829754897973969174e-02
3.200146532471664784e+01,1.200000358042544235e+02,-8.193303985511402487e+00,1.516605001009389042e+01,9.928954090099159288e-03,-4.614587861723247302e-03
3.200155448672492042e+01,1.200000318844294753e+02,9.311965620552131284e+00,1.535561713599476263e+01,-8.315652493143424473e-02,-9.002401673243924304e-03
3.200150952642911761e+01,1.199999125334651779e+02,3.088656965152844602e+00,1.537113502410750421e+01,-8.091041204972257428e-02,-4.067995310433437234e-02
3.200151660452027613e+01,1.200000060593969806e+02,1.843230333030487778e+00,1.542775220515405010e+01,-8.205492152681964635e-02,-5.231466993916570468e-02
3.200150666688573153e+01,1.200000346185735793e+02,7.460101404172363004e+00,1.557609001093905299e+01,5.319563074583110590e-02,4.159055794498361242e-02
3.200156432627802872e+01,1.199999371982581948e+02,1.490963422901743662e+00,1.566833977024082181e+01,7.570951281307180050e-03,1.949371488430293176e-02
3.200158359347932446e+01,1.199999579997304409e+02,-1.434408969434678482e+01,1.577984443080269727e+01,3.088151776351674357e-02,2.561157832651576871e-02
3.200162557703080779e+01,1.199999498171455770e+02,-1.026531906063320498e+01,1.593382536306655695e+01,7.950681538957093605e-03,3.586493603956563640e-03
3.200165194183521322e+01,1.199999482540947042e+02,1.457760538854657995e+01,1.598195428960955766e+01,-1.291335507065689663e-02,-4.110291183902027579e-03
3.200163431934574021e+01,1.200000499844592383e+02,9.202775161302689799e-01,1.616204393470318124e+01,3.193185041148750153e-02,4.632502680103155190e-02
3.200161871402109881e+01,1.200000243958215975e+02,-9.902204251233679422e-01,1.617819309579707721e+01,3.215862166550717115e-03,-4.698262315674665152e-03
3.200162017663573977e+01,1.200000357638366495e+02,-7.910574065050357540e+00,1.631836893214520146e+01,-7.113390700585954518e-02,-5.992082509735274960e-03
3.200163410524511676e+01,1.199999491498963096e+02,7.665077156800190750e-01,1.642572737922768411e+01,5.578693460563273476e-02,2.363269946575986824e-02
3.200163001096176885e+01,1.200000259665844453e+02,-7.766744365224574898e-01,1.649042734891252238e+01,3.693623393452852483e-04,-2.289772192042463517e-02
3.200174680808841288e+01,1.200000902936242682e+02,7.269018580642447880e+00,1.664546336196784182e+01,1.818869479929949642e-02,4.961920289773442960e-02
3.200164205566488818e+01,1.200000507892729189e+02,-1.692622367746272261e+01,1.675396786892295253e+01,4.140476293035730282e-02,1.065150847236364133e-03
3.200170922829830289e+01,1.200000311287609804e+02,2.118537115655853231e+00,1.679566121025990810e+01,4.599564950826977999e-02,6.818903278600289830e-02
3.200166837046776891e+01,1.199999143502722347e+02,5.535307362322818392e+00,1.690432561848103887e+01,6.330651599535188495e-03,-7.932165565570939436e-02
3.200178149619866019e+01,1.199998210223144923e+02,3.137973394245078484e+00,1.706768766287410344e+01,-6.257709160122217062e-02,-1.183144292286375868e-02
3.200176460318439098e+01,1.200000188723024479e+02,2.663480921387008094e-01,1.714963385646014515e+01,1.153566201746198810e-01,3.379864664510564415e-02
3.200181601789897456e+01,1.199999959108244667e+02,-3.826966791210624219e+00,1.722809458683620676e+01,1.185561369890842862e-02,-4.144598454479348631e-02
3.200178374348841004e+01,1.200000536199495400e+02,7.080010966578074161e+00,1.732752498785424677e+01,-5.681154403794839297e-02,2.964601094832028036e-02
3.200177409964762631e+01,1.199999848600949122e+02,-1.844213805351606617e+00,1.735572240605396743e+01,-3.804709754787566345e-02,1.182488280150438276e-01
3.200178521586795455e+01,1.200000989784417698e+02,-1.735384951647914287e+00,1.756627124790100325e+01,-4.692633296495830886e-02,-3.670368279949097565e-03
3.200182804094732347e+01,1.200000020867668553e+02,-9.543629102273403220e+00,1.765301352944983648e+01,-5.784256674120663577e-02,-1.779105251684868702e-02
3.200185717566399290e+01,1.200000720842134285e+02,-2.320125692509472426e+00,1.765558148762445967e+01,-3.966923878932043790e-02,-1.738804717230104865e-02
3.200181866216983195e+01,1.200000699626758802e+02,-1.724846980245247963e+00,1.779921747998686143e+01,2.837288789120154253e-02,5.895193404396344150e-02
3.200187886291556083e+01,1.200000640273666761e+02,2.554676819216140427e+00,1.791713235666102833e+01,7.344655451366804977e-02,6.129273903476496754e-02
3.200192568588671804e+01,1.199999921292261007e+02,1.205271794697086563e+01,1.803748535497277672e+01,2.964190324093290974e-02,1.138099770262178956e-01
3.200201353644711588e+01,1.200000341210291879e+02,2.771637156579886518e+00,1.810225990981674471e+01,1.533254477673939159e-02,-1.018378117856188203e-01
3.200187553410928842e+01,1.200000558601061300e+02,1.513576126756292078e-02,1.820139933647633512e+01,3.685157117730748083e-02,-2.064271255038170605e-02
3.200193968597126570e+01,1.200000208929490384e+02,-4.588002376766367796e+00,1.831512263138301222e+01,-2.965560714711675330e-02,-9.538156245686230106e-02
3.200207073356853726e+01,1.200000075576460574e+02,7.829159555634980450e+00,1.843461772523121311e+01,4.465581195560731909e-02,1.993180390517918996e-02
3.200196569024137716e+01,1.199999615202376475e+02,7.267382210858641667e-01,1.851203160528948999e+01,1.018119465364475222e-02,-7.695461128224256875e-02
3.200201220216330000e+01,1.200000393213292682e+02,4.163032381556650563e+00,1.867000569337643867e+01,-2.477339999342606860e-02,8.632751801537025260e-02
3.200200572821068334e+01,1.200000271092999355e+02,3.310121679435825026e+00,1.880499555072591278e+01,7.913483660754938587e-02,6.755786475871985997e-02
3.200206441423024017e+01,1.200000405380220911e+02,4.864030937560007040e+00,1.885313106980359521e+01,-3.811728391334456845e-02,-3.495837130644968704e-02
3.200209104291970164e+01,1.200000278598230352e+02,5.127129287538038760e+00,1.893569968096451461e+01,-1.817834209198160994e-02,5.053127558868467095e-02
3.200218003434425640e+01,1.199999545449377223e+02,5.964405236429417556e+00,1.900292798433677177e+01,4.452239863433671112e-03,4.956186271743298621e-02
3.200209904404831462e+01,1.199999498518417482e+02,1.214057342028146858e+00,1.910250031185889341e+01,-6.105345093091157221e-02,6.662872197237626470e-02
3.200206847848340885e+01,1.200000120498479816e+02,-8.630459629666212606e+00,1.918034688875177807e+01,-2.672278336390375431e-02,-2.359438866085000058e-02
3.200216179381801851e+01,1.200000066309965376e+02,-8.751080554274512480e+00,1.928129350719110136e+01,4.367164604373535708e-02,5.386017540025228589e-02
3.200210760860897352e+01,1.199999444280294085e+02,1.821895960125727409e+00,1.939570685785092152e+01,-9.012016965072212893e-02,2.636745480433777197e-02
3.200225693575890062e+01,1.200000270553304489e+02,1.232421126273683853e+01,1.954008731405762589e+01,8.677350463471987518e-02,1.149866499234019138e-02
3.200225554929802030e+01,1.199999710287047350e+02,-8.018520098140879071e+00,1.958048556208874302e+01,4.644835924461469118e-02,-1.860459879133106315e-02
3.200219651883232075e+01,1.200000557397741687e+02,2.643983375059800078e+00,1.969957076943092034e+01,-6.046351705299621987e-02,-8.409544698117096817e-03
3.200222915164431470e+01,1.200000256665914549e+02,7.515599144853072344e-01,1.981860806866941616e+01,4.189129315160855516e-02,8.748654123699392549e-03
3.200227299292672711e+01,1.199999900697863069e+02,4.079295710742440129e+00,1.994488996235801181e+01,-4.828381849081336136e-03,5.904607969216918439e-02
3.200226452508191954e+01,1.199999725825444443e+02,1.462123614707562025e+00,1.986100713789791783e+01,-3.450165810843683345e-02,2.657953782254242683e-02
3.200234243958628610e+01,1.200000702936586663e+02,-9.866166515248613322e+00,2.002266236704660329e+01,1.540220617786284066e-03,-6.384396838558428766e-02
3.200227320097299355e+01,1.199999225185709832e+02,-8.278576154993652736e+00,1.993432106084465971e+01,-1.617835047209896168e-02,-8.326726008904534668e-03
3.200229664564170662e+01,1.199999781702885002e+02,9.673975006696203138e+00,2.008398478407841026e+01,1.287142589366129831e-02,-3.836299035216812758e-02
3.200229924934554049e+01,1.200000431163151546e+02,1.399789054167770352e+01,2.000050597496660032e+01,-3.757191893086038459e-02,5.879803699179532266e-03
3.200232692085354103e+01,1.200000587023091896e+02,5.883732279321967518e+00,2.002816532948698125e+01,1.953879936362558009e-02,-8.325834507875745638e-02
3.200237613791073699e+01,1.199998738757932557e+02,-2.354441189347234342e+00,2.001753781950496247e+01,6.399339796381735279e-02,2.481899654821886035e-03
3.200239397810546649e+01,1.199999795088638166e+02,1.089438111067164527e+01,2.004406863072342304e+01,-7.074692942776673182e-03,-3.819142719775909384e-02
3.200235227656864367e+01,1.199999387794220240e+02,2.650343314137073136e+00,1.999424143611705418e+01,-7.095553300055744417e-02,6.184845849088021347e-02
3.200243215260248775e+01,1.200000067774951873e+02,-1.186555728549195265e+01,1.990862469707903415e+01,-8.331622860880112669e-02,-2.457251719045762395e-02
3.200255072494741171e+01,1.200000232109081111e+02,8.506141674740207437e-01,2.000194681589352896e+01,3.776131853380529368e-02,-4.950369398051211733e-02
3.200242214084099146e+01,1.200000400316274067e+02,-4.090777086602178869e+00,1.995546814418401738e+01,-4.464082051251849759e-02,4.226989307343823575e-03
3.200254520387689183e+01,1.200000782618192829e+02,3.160836456839519193e-01,2.003330534705515475e+01,-3.612013819559426603e-02,2.855901447554549250e-02
3.200243879407856440e+01,1.199999606280243967e+02,-1.522477256074216412e-01,1.988638178341631146e+01,-3.209619202214490652e-02,-9.075568913003773108e-02
3.200253830097916108e+01,1.200001089886127659e+02,-3.959007915245640330e+00,1.993125940986339018e+01,-1.672216482030450951e-02,-6.730418121943439191e-02
3.200253133741674816e+01,1.200000406232400110e+02,8.291713928017284019e+00,1.995472809127569036e+01,-5.173094150586859258e-02,-3.641906655705003798e-02
3.200246691900314744e+01,1.200000692680941228e+02,5.573373588486846053e+00,2.000984012068339624e+01,1.296244971127063529e-02,6.432877904148022463e-02
3.200254628619342157e+01,1.200000262280111798e+02,-3.854227293272304067e+00,2.005558976133184856e+01,2.595530530015977694e-02,-4.199942390586269836e-02
3.200257340011231122e+01,1.200000200537155166e+02,3.572905026713558474e+00,1.997913212150215401e+01,-5.424705487800379755e-02,-2.111334395127986013e-02
3.200262662612335163e+01,1.199999769973606760e+02,7.156084030144392594e-02,2.008014405037217287e+01,1.276353343689465118e-02,3.683101243999770819e-02
3.200258386120768250e+01,1.199999565415214704e+02,1.058839915542277410e+01,2.005886537950099680e+01,-1.995629070753340839e-02,6.660097097009752554e-02
3.200259426182030609e+01,1.200000261523921949e+02,6.338790048057261650e+00,2.003911031212064842e+01,6.594625623239118439e-02,-4.916391341638782359e-02
3.200266718590323478e+01,1.199999802798919006e+02,-1.157446599824742073e+00,1.998318125498254716e+01,3.429065155656360869e-03,6.137897212885871229e-02
3.200262791270036900e+01,1.199999732776445001e+02,-1.118231377802515958e+01,1.993833473733086947e+01,1.719075396724228585e-02,5.961037579132399261e-02
3.200274724712456020e+01,1.200000472411185939e+02,-4.043612825423321233e+00,2.000900250118464996e+01,5.017497662710582174e-02,-8.425901344631694934e-02
3.200266762088482153e+01,1.199999960860720734e+02,5.838488708367374436e+00,2.004464287536342582e+01,-4.845903970927428750e-02,5.685921129907950747e-03
3.200274111648780462e+01,1.199999317657776743e+02,-1.354532010362824934e+01,2.000320999988280235e+01,8.239185446122954549e-04,-2.536975430741695431e-02
3.200279071302917089e+01,1.199999538199514859e+02,9.039891728405676785e-01,1.996458878239933554e+01,4.096414259801388347e-02,-2.081428515595182271e-02
3.200275989496785911e+01,1.199999472614983773e+02,-4.382862250015445160e-01,2.002034450061614024e+01,7.391613808880231895e-02,-8.047142675092160136e-02
3.200277081548070868e+01,1.200000341221296623e+02,-7.830469249911129026e+00,2.002975674770481973e+01,2.916898196603131752e-02,2.980920627573828766e-02
3.200274346362218125e+01,1.200000642770375521e+02,-7.101071129121527825e+00,1.999637069309480353e+01,4.156601284017823368e-03,8.609000188978013779e-02
3.200276909239872225e+01,1.199999931277425702e+02,4.159318344401730982e+00,2.003087282492891319e+01,9.148885866357291119e-02,1.978576648786063708e-02
3.200283239390968504e+01,1.200000206732090220e+02,-2.648294429224946622e-01,2.004599909905066824e+01,7.107206362554248369e-02,-6.225117050074098490e-02
3.200285449430141682e+01,1.200000009385836108e+02,-2.960129116714512065e+00,2.002869389135428690e+01,-5.264049391371429520e-02,-5.712316120064082903e-02
3.200288162874828402e+01,1.200000637292105949e+02,1.789922417708145730e+01,2.001043788002543877e+01,-2.688685197371168054e-02,-6.495217775849447539e-02
3.200293052241413960e+01,1.199999852114551970e+02,4.632018780726669505e+00,1.998266812229556777e+01,-8.009083858962434688e-02,-2.182570178159341442e-02
3.200292920291241217e+01,1.199999720765551672e+02,8.634821112577736102e+00,1.993410211531811882e+01,-2.993023803993247883e-02,-4.684743130455504279e-02
3.200290502403164083e+01,1.200000932910600682e+02,-1.388698178056149324e+01,1.997631999199282760e+01,-3.991345659690176406e-02,1.145684164415162604e-01
3.200303840100333730e+01,1.200000403633875550e+02,2.199736787801509497e+00,1.998303224884929818e+01,-2.580513774193021314e-03,3.131962177506233264e-02
3.200298308974593908e+01,1.199999847355666560e+02,1.374183644868685494e+00,2.007426282044680832e+01,-1.213424896920712870e-01,2.988071341330350572e-02
3.200300195909002099e+01,1.200000237419206428e+02,-4.014372538250001732e+00,2.000841180747684334e+01,-3.891911307383372903e-02,1.045288998258906213e-02
3.200294691703525274e+01,1.199999127790896694e+02,9.380205021560514833e-01,1.992412368128377764e+01,-1.227975674434678317e-02,5.096682904273849846e-02
3.200304998877764007e+01,1.199999763553610563e+02,5.146500742314246146e+00,1.997322189948422277e+01,2.340464009932596845e-02,-3.749588037651162969e-02
3.200303239479286788e+01,1.199999499133767955e+02,3.743417871623174520e+00,2.002408833896745222e+01,5.899602130910780451e-02,9.431383563254389091e-03
3.200310523825406506e+01,1.199999609849689932e+02,-5.611505334025526537e+00,1.996553033633948004e+01,1.214032145526736453e-02,6.374938400201553279e-02
3.200312057241339403e+01,1.199999723057594707e+02,1.322549115767309269e+00,2.000762753105038527e+01,-3.422279153290604808e-02,-3.386928009956871599e-02
3.200305149274040417e+01,1.199999406492915170e+02,7.322250771444214656e+00,1.997411280931745736e+01,-9.058646872806384734e-04,3.948768339158406637e-02
3.200310843098229441e+01,1.199999770013041314e+02,-5.543612954225762834e+00,1.999441690040727337e+01,3.165615300133223231e-02,1.141317829410533335e-02
3.200316095296139451e+01,1.199999889329372706e+02,8.462963253234172534e-01,1.998990974399835707e+01,1.163333034241708849e-02,3.216372308072640643e-03
3.200308472733892984e+01,1.200000217701218759e+02,1.895808034518646767e+00,2.002312591275792641e+01,3.935821952929669659e-02,8.233141663360006579e-02
3.200313797592220766e+01,1.199999951839897960e+02,8.767437004021587654e+00,2.000282377937952916e+01,-9.194538713108166630e-03,-6.528258987891835674e-02
3.200324481746823579e+01,1.199999491717324958e+02,-1.166505724686353318e+01,2.000739808992204871e+01,-1.258472265204224443e-02,4.238107324232733703e-02
3.200320215451225181e+01,1.200000155957184518e+02,1.076369137221112160e+00,2.000949559584860538e+01,-1.190326554150274337e-02,-3.954935668756409672e-02
3.200322111960487348e+01,1.199999792233729607e+02,2.964872100290346424e+00,1.990079723362306652e+01,-4.013877816928678594e-02,-7.183609080778407055e-03
3.200326580084024641e+01,1.199999836865616629e+02,1.888395756382813317e+00,1.997471367603515446e+01,9.807522006529223457e-02,2.210689317391809766e-02
3.200325634433883693e+01,1.200000333887125521e+02,-8.217560285235300910e+00,1.994823061025970645e+01,6.539502432226600159e-02,-3.818131929794949669e-02
3.200329663159968163e+01,1.199999043093806677e+02,-5.620916185885402427e+00,2.003388252995261709e+01,3.523687913274303057e-02,-1.165226569247559268e-01
3.200333776530711560e+01,1.200000138688923386e+02,-6.077176207299189947e+00,2.012064288085344543e+01,1.599815391659984223e-02,-3.311067014675100895e-02
3.200330180865604035e+01,1.200000281934216133e+02,5.990376306847720933e+00,1.999244881674392005e+01,-6.065529738965744905e-02,1.119286600530331466e-01
3.200334831515405654e+01,1.199999310556188732e+02,-1.236868833528018641e+01,2.002103322564869714e+01,8.435298657155088087e-02,-2.673201143849752298e-02
3.200331253540837650e+01,1.200000566793700472e+02,-5.934299681291591355e+00,2.005858325447770341e+01,1.016189048117650123e-02,4.758949009325597751e-02
3.200329570765478593e+01,1.200000278657216910e+02,1.531202201300270360e+01,2.004582028236684721e+01,-6.483720754174171486e-02,8.148730624046969517e-02
3.200342458536785273e+01,1.199999814586123961e+02,-1.048127829347347806e+01,1.997362915285347995e+01,-4.787400220130470958e-03,5.780826918425995692e-02
3.200340178588489692e+01,1.200000383826717893e+02,7.696510765891743100e-01,2.007913449117774718e+01,4.486809214524634104e-02,4.462135289208835065e-02
3.200341263176542839e+01,1.200000161494897100e+02,2.622610058937442545e+01,1.999435867773976128e+01,3.179503214303173314e-02,-4.678736037680516352e-02
3.200347835668408436e+01,1.199999577234355570e+02,4.881931344066516409e+00,2.000929587287082612e+01,-1.955290446458187240e-02,2.348635331116990729e-02
3.200343597737344936e+01,1.200000859213611193e+02,6.525919563820800740e+00,1.991245324016546192e+01,-5.397348349641890863e-02,-1.047821870978284942e-01
3.200350958750754415e+01,1.200000060170028036e+02,-2.664497217144685237e+00,1.992746921570910601e+01,1.475847225280803310e-02,7.333518119203587260e-02
3.200343587856486494e+01,1.200000134520374928e+02,-8.369666769467574596e+00,1.992772619902589426e+01,1.277800530775541170e-02,6.413897273916595310e-02
3.200354098227004584e+01,1.199999845155566760e+02,7.131577516399715932e+00,1.996088113184780966e+01,4.496942988606970892e-04,-1.387119340231034170e-01
3.200357300854670228e+01,1.200000129187236126e+02,-3.183153277319499264e-01,1.997989695292267953e+01,-1.194657276545107137e-02,2.068940338090729733e-02
3.200365556895071961e+01,1.199999550701373039e+02,-9.206287713891496693e+00,1.998894256529356994e+01,-2.257624811936541354e-02,-7.798030755958614002e-02
3.200364867992377782e+01,1.199999802439778733e+02,1.444218827839149810e+01,1.992557638903769046e+01,-4.835569142899694747e-04,-2.629286275201321577e-03
3.200352104976963119e+01,1.200000006719276655e+02,-8.645541041629751788e-01,1.999690047131804249e+01,-1.990114771727641632e-02,1.356307396626975185e-02
3.200354094135110472e+01,1.200000196994228503e+02,-7.541118599829871982e+00,1.999156712865510599e+01,1.047511607611511519e-01,4.078827284664596903e-02
3.200363848729532634e+01,1.199999284385369975e+02,-3.712003678618176039e+00,1.999695603598350147e+01,2.389813850658221127e-03,-7.232067871019326466e-02
3.200356462686954728e+01,1.200001571692574913e+02,4.886473389168600079e+00,1.999607257902016855e+01,7.116661325003957594e-02,-8.138749976056536273e-02
3.200356434200956812e+01,1.200000665139191938e+02,-2.714677885548301361e+00,1.992789350650651414e+01,7.267710226824790863e-03,3.266156164473708184e-02
3.200370024982017014e+01,1.200000139150395881e+02,-1.976536394594718526e+00,1.992847009374758116e+01,2.561549779540365362e-02,-8.034413611000877295e-03
3.200359535647230302e+01,1.199999587098423319e+02,3.669521227736201041e+00,1.999889556365841514e+01,2.560870200299326244e-02,4.760296493540931706e-02
3.200371411916239595e+01,1.200000606299775825e+02,1.049227189488854295e+00,1.999356626165370443e+01,-2.196278842263481705e-05,6.130067180466448884e-02
3.200368682544864640e+01,1.200000924623021774e+02,-7.359036466753265060e+00,1.997343444875755480e+01,-5.125386442895594336e-03,3.182056874452265319e-03
3.200377108075365840e+01,1.200000627132010038e+02,-3.384969997388295043e-02,2.000618536338432207e+01,5.859946369375758357e-02,3.887722570437398412e-02
3.200379298917967930e+01,1.200000201313023211e+02,-2.422154313950463767e+00,1.999306746765763521e+01,5.035345805281572773e-02,4.989810999756705279e-02
3.200378092498319660e+01,1.200000437218634062e+02,2.410371996040455489e+00,2.000359453126286269e+01,-1.719866306775927681e-02,3.925998547897685542e-02
3.200388531221563682e+01,1.199999548398292717e+02,3.378424478420375632e+00,1.993286020354883092e+01,6.404860192390347817e-02,5.601409630992131711e-02
3.200388175271552882e+01,1.199999187539724232e+02,-7.105336178080931653e+00,1.991331970218322667e+01,7.277674576450020305e-02,-6.844310058664106189e-02
3.200383393787625153e+01,1.200000456039894061e+02,4.138096133678455857e+00,1.996858560424098883e+01,4.274963691095425705e-02,8.224527168865493343e-02
3.200380245369709797e+01,1.200000360346511314e+02,5.136025984250298215e+00,2.004365617648466014e+01,-3.599408555105495372e-02,-2.528350282920096073e-02
3.200389802500512815e+01,1.200000157132211740e+02,-2.688580976081913487e+00,1.994240738065615304e+01,7.807307911484345775e-02,1.439272586383094112e-02
3.200386478881783603e+01,1.199999874756669271e+02,1.541440456682273918e+01,1.994570850511407301e+01,2.456347451109615679e-02,5.102938179845546707e-02
3.200393105661585480e+01,1.199999317109514152e+02,-3.867961602980179325e+00,1.995509072592993505e+01,-4.238201784188774801e-02,-3.314749024284401741e-02
3.200393622841996688e+01,1.199999409223329820e+02,3.815957365790372813e-01,2.008794509413858975e+01,-4.431307823192688622e-02,8.622580512549384013e-02
3.200404698905479961e+01,1.199999840105359397e+02,1.056371052370642083e+01,1.996472964313995746e+01,5.023595144460939882e-02,-2.292748549310136622e-02
3.200398065860201058e+01,1.199999794308861851e+02,-3.706638426727878688e+00,1.999399277232084415e+01,-5.506374478974390696e-02,4.666176619504688872e-02
3.200409995077784941e+01,1.199999742637554760e+02,-3.927425902641808797e+00,2.006099040086790808e+01,1.479130099664322656e-02,8.806498580800454015e-03
3.200398370589504538e+01,1.200000033985336785e+02,-4.545933163227542373e+00,1.991401064587220304e+01,2.718663732908165390e-02,-8.140314314410536378e-02
3.200402985496829444e+01,1.199999184149816784e+02,-7.088465773351698473e+00,2.001337581406198041e+01,3.352900913035734148e-02,-2.924086820332319654e-03
3.200408801857089003e+01,1.200000106957111257e+02,-5.688926483216032004e+00,2.000416597917712735e+01,-1.859134075493636476e-02,-1.281016802083834519e-02
